Disease,ChemicalName,ChemicalID,CasRN,tier,InferenceGeneSymbol,InferenceScore,gene_count,PubMedIDs
Asthma,"1,6-hexamethylene diisocyanate",C015262,822-06-0,curated,,,,10934080
Asthma,1-hydroxypyrene,C033146,5315-79-7,curated,,,,33972693
Asthma,1-methylphenanthrene,C041507,832-69-9,curated,,,,24407477
Asthma,"2,4-Dichlorophenoxyacetic Acid",D015084,94-75-7,curated,,,,17932376
Asthma,"3-(2,4-diamino-6-(3-hydroxyphenyl)pteridin-7-yl)phenol",C539252,,curated,,,,19056934
Asthma,"4,4'-diphenylmethane diisocyanate",C005969,,curated,,,,10797510|10934080|11077012|15891530|6091945|8156442
Asthma,4-dichlorobenzene,C018511,106-46-7,curated,,,,33785322
Asthma,7-methylguanine,C008450,578-76-7,curated,,,,33972693
Asthma,8-epi-prostaglandin F2alpha,C075750,27415-26-5,curated,,,,22986054
Asthma,Acetaldehyde,D000079,75-07-0,curated,,,,9600491
Asthma,Acetaminophen,D000082,103-90-2,curated,,,,15942102
Asthma,Acetylcholine,D000109,51-84-3,curated,,,,34774659
Asthma,Acetylcysteine,D000111,616-91-1,curated,,,,41503729
Asthma,Adenosine,D000241,58-61-7,curated,,,,3609189
Asthma,Adrenal Cortex Hormones,D000305,,curated,,,,10069892|10359889|10461081|10934090|10967152|12070353|17872493|19681236|9878995
Asthma,Adrenergic beta-Agonists,D000318,,curated,,,,2563215|7915431
Asthma,Aerosols,D000336,,curated,,,,19654919
Asthma,Air Pollutants,D000393,,curated,,,,15226151|18629323|19620729|19781087|20123607|21513554|21995638|22370087|24117884|25012280|25491235|27043549|32816747|37162236
Asthma,"Air Pollutants, Occupational",D000395,,curated,,,,8687243
Asthma,Albuterol,D000420,18559-94-9,curated,,,,10023788|10480584|11142280|11729705|11991558|12027070|12355682|12734767|12972899|1572199|17380691|17700005|18023335|18225795|18717146|19329721|19363516|1978102|22607479|2693116|2782734|2849969|2936370|2974263|3109801|3223643|3537092|3898925|3968329|4067618|4430301|4921234|6435488|6811006|7117428|7437783|7893301|7982368|81404|8417883|8681661|8968295|9428298|9616533|9707465|9949315
Asthma,Aldicarb,D000448,116-06-3,curated,,,,23670403
Asthma,Allergens,D000485,,curated,,,,18391481|19337513|33474794
Asthma,Aluminum Hydroxide,D000536,21645-51-2,curated,,,,34774659|35481609
Asthma,ambroxol-theophylline-7-acetate,C077110,,curated,,,,17455344
Asthma,Amides,D000577,,curated,,,,9236499
Asthma,Aminophylline,D000628,317-34-0,curated,,,,1424400|15645133|1572199|17130682|2658694|3898925|4047061|4430301|6343341
Asthma,Anti-Asthmatic Agents,D018927,,curated,,,,16425660
Asthma,"Antigens, Bacterial",D000942,,curated,,,,18391481|29067999
Asthma,"Antigens, Dermatophagoides",D039741,,curated,,,,29067999|29792201|31751647|33170220|36610671
Asthma,"Anti-Inflammatory Agents, Non-Steroidal",D000894,,curated,,,,11476468
Asthma,apaflurane,C094049,431-89-0,curated,,,,22221427
Asthma,Arsenic,D001151,7440-38-2,curated,,,,24062297
Asthma,Arsenic Trioxide,D000077237,1327-53-3,curated,,,,23210436
Asthma,Artesunate,D000077332,,curated,,,,26340163
Asthma,Aspirin,D001241,50-78-2,curated,,,,1751016|3539408
Asthma,bambuterol,C047766,81732-65-2,curated,,,,8112441
Asthma,Beclomethasone,D001507,4419-39-0,curated,,,,10075616|10322818|10347961|10513351|10588598|10639760|10764315|10813552|10983617|11379808|11379810|11393418|11422148|11449530|11527250|11555383|11559968|11758890|11980116|12114351|12153692|12166584|12360108|12449158|12449667|12464949|12489251|12587966|1443864|15025036|16270722|16509916|16973987|17564282|17872493|18430318|21762500|22221427|22357130|23512537|2844548|6958474|7148765|7312482|7437783|7540862|8111605|81404|8534483|8694041|8762487|8874658|9203805|9385125|9657561|9700034
Asthma,Benzo(a)pyrene,D001564,50-32-8,curated,,,,28807506
Asthma,Benzofurans,D001572,,curated,,,,30696844
Asthma,beta-Glucans,D047071,,curated,,,,24905346
Asthma,bisphenol A,C006780,80-05-7,curated,,,,31906378
Asthma,bisphenol A glucuronide,C512161,,curated,,,,29411558
Asthma,bitolterol,C011685,30392-40-6,curated,,,,3968329
Asthma,brevetoxin,C053342,98225-48-0,curated,,,,19654919
Asthma,Bronchodilator Agents,D001993,,curated,,,,10069892|7443604
Asthma,Budesonide,D019819,51333-22-3,curated,,,,10347961|10400838|10806605|10893010|10894975|11555383|11694816|12113382|12604023|14641354|15136378|15341026|15572850|18489783|20004779|22607479|6958474|9701427
Asthma,butylate,C023898,2008-41-5,curated,,,,23670403
Asthma,butylbenzyl phthalate,C027561,85-68-7,curated,,,,28392331|40610791
Asthma,Cadmium,D002104,7440-43-9,curated,,,,30998937
Asthma,Captan,D002215,133-06-2,curated,,,,19541724
Asthma,Carbamates,D002219,,curated,,,,17932376
Asthma,Carbaryl,D012721,63-25-2,curated,,,,17932376
Asthma,Carbimazole,D002231,22232-54-8,curated,,,,3968675
Asthma,Carbon,D002244,7440-44-0,curated,,,,37162236
Asthma,Carbon Disulfide,D002246,75-15-0,curated,,,,19541724
Asthma,Carbon Monoxide,D002248,630-08-0,curated,,,,20123607
Asthma,Carbon Tetrachloride,D002251,56-23-5,curated,,,,19541724
Asthma,Chlordan,D002706,12789-03-6,curated,,,,19541724
Asthma,Chromates,D002840,,curated,,,,8687243
Asthma,Cilomilast,C433247,,curated,,,,16956605
Asthma,Cocaine,D003042,50-36-2,curated,,,,10425061|12218880
Asthma,Coloring Agents,D004396,,curated,,,,18403863
Asthma,"Contraceptives, Oral",D003276,,curated,,,,25250096
Asthma,Coumaphos,D003372,56-72-4,curated,,,,17932376|19541724
Asthma,Cromolyn Sodium,D004205,15826-37-6,curated,,,,7437783
Asthma,curdlan,C038459,54724-00-4,curated,,,,23543010
Asthma,Cyclic AMP,D000242,60-92-4,curated,,,,6327346
Asthma,cysteinyl-leukotriene,C112381,,curated,,,,1673495
Asthma,DDT,D003634,50-29-3,curated,,,,17932376|19541724
Asthma,Decitabine,D000077209,2353-33-5,curated,,,,23423710
Asthma,Dexamethasone,D003907,50-02-2,curated,,,,15330010|16569937|16740865|23210436|31751647
Asthma,Dextromethorphan,D003915,125-71-3,curated,,,,6375709
Asthma,Diazinon,D003976,333-41-5,curated,,,,19541724
Asthma,Dibutyl Phthalate,D003993,84-74-2,curated,,,,40610791
Asthma,Dietary Fats,D004041,,curated,,,,36547818
Asthma,Dinitrofluorobenzene,D004139,70-34-8,curated,,,,27216000
Asthma,doqualast,C051309,64019-03-0,curated,,,,2434109
Asthma,doxofylline,C029797,69975-86-6,curated,,,,11951074
Asthma,"Drugs, Chinese Herbal",D004365,,curated,,,,10322818|11783231|16981460|19363516|31751647
Asthma,Dust,D004391,,curated,,,,17578863|19337513|27518660
Asthma,Emodin,D004642,518-82-1,curated,,,,22484343
Asthma,Endocrine Disruptors,D052244,,curated,,,,40610791
Asthma,Endotoxins,D004731,,curated,,,,27518660|32212084
Asthma,enprofylline,C034347,41078-02-8,curated,,,,3523664|3582466|6386511
Asthma,Ephedrine,D004809,299-42-3,curated,,,,208429
Asthma,epigallocatechin gallate,C045651,989-51-5,curated,,,,16516891
Asthma,Epinephrine,D004837,51-43-4,curated,,,,1572199|16713785|17087335|6435488|6787217|7211775|7235434
Asthma,EPTC,C036251,759-94-4,curated,,,,19541724
Asthma,Ethylene Dibromide,D015946,106-93-4,curated,,,,19541724
Asthma,Fenoterol,D005280,13392-18-2,curated,,,,2951826|6248395|8968295
Asthma,Fleroxacin,D016576,79660-72-3,curated,,,,9145823
Asthma,flunisolide,C007734,,curated,,,,16696591
Asthma,Fluticasone,D000068298,,curated,,,,11101185|11379810|11555383|11559968|11596838|11991558|22607479|23548184|9700034
Asthma,Fluticasone-Salmeterol Drug Combination,D000068297,,curated,,,,17654129
Asthma,Food Coloring Agents,D005505,,curated,,,,2736427
Asthma,Food Preservatives,D005520,,curated,,,,2736427
Asthma,Formaldehyde,D005557,50-00-0,curated,,,,11519088|12212974|17002712|17594875|23671638
Asthma,Formoterol Fumarate,D000068759,,curated,,,,10967152|12113382|1443864|18023335|21762500|22221427|22357130|22607479|9759798
Asthma,FPS-ZM1,C572629,,curated,,,,33075463
Asthma,FR 173657,C105311,,curated,,,,12706475
Asthma,"Fungicides, Industrial",D005659,,curated,,,,17932376
Asthma,gamma-Tocopherol,D024504,,curated,,,,17854713
Asthma,geraniol,C007836,624-15-7,curated,,,,27117312
Asthma,Glucocorticoids,D005938,,curated,,,,11344349|14641354|3058451
Asthma,Glutathione,D005978,70-18-8,curated,,,,22867017
Asthma,Glycopyrrolate,D006024,596-51-0,curated,,,,3392363
Asthma,Glyphosate,D000097797,,curated,,,,17932376
Asthma,Guaifenesin,D006140,93-14-1,curated,,,,16197601
Asthma,Halothane,D006221,151-67-7,curated,,,,11782125
Asthma,Heparin,D006493,9005-49-6,curated,,,,19467809|9235556
Asthma,Heptachlor,D006533,76-44-8,curated,,,,19541724
Asthma,Herbicides,D006540,,curated,,,,15121522|19541724
Asthma,Heroin,D003932,,curated,,,,12576374
Asthma,Hexachlorocyclohexane,D001556,,curated,,,,19541724
Asthma,Histamine,D006632,51-45-6,curated,,,,16344897|16387687|19363516
Asthma,"Hydrocarbons, Chlorinated",D006843,,curated,,,,17932376
Asthma,Hydrocortisone,D006854,50-23-7,curated,,,,15090754|3750249
Asthma,Hydrogen Sulfide,D006862,7783-06-4,curated,,,,22357138
Asthma,Ibuprofen,D007052,15687-27-1,curated,,,,7550206
Asthma,Ipratropium,D009241,60205-81-4,curated,,,,11142280|12355682|18225795|2527421|2936370|2947461|2951826
Asthma,Isoproterenol,D007545,7683-59-2,curated,,,,1572199|2878599|4921234|6435488
Asthma,Ketoprofen,D007660,22071-15-4,curated,,,,11300144
Asthma,Ketotifen,D007665,34580-13-7,curated,,,,1479763
Asthma,Lansoprazole,D064747,,curated,,,,16778364
Asthma,Leukotriene Antagonists,D020024,,curated,,,,10922144|19195196
Asthma,Leukotriene B4,D007975,71160-24-2,curated,,,,11006272|19667530
Asthma,Leukotriene C4,D017997,72025-60-6,curated,,,,12816731
Asthma,Leukotriene D4,D017998,73836-78-9,curated,,,,8222486|9690572
Asthma,Leukotrienes,D015289,,curated,,,,8303624
Asthma,LGM2605,C000630836,,curated,,,,31627909
Asthma,Lipid Peroxides,D008054,,curated,,,,10921764
Asthma,Loratadine,D017336,79794-75-5,curated,,,,9196086
Asthma,Malathion,D008294,121-75-5,curated,,,,17932376|19541724
Asthma,Mercury,D008628,7439-97-6,curated,,,,20562055
Asthma,Metaproterenol,D009921,586-06-1,curated,,,,3513564|3794877|6343341
Asthma,Methacholine Chloride,D016210,62-51-1,curated,,,,22484343|31627909|6435488
Asthma,Methotrexate,D008727,59-05-2,curated,,,,1450620|1557242
Asthma,Methylprednisolone,D008775,83-43-2,curated,,,,17087335|2721092|8538677
Asthma,methylxanthine,C008514,28109-92-4,curated,,,,7915431
Asthma,Metoclopramide,D008787,364-62-5,curated,,,,12604014
Asthma,Mometasone Furoate,D000068656,,curated,,,,19441609
Asthma,montelukast,C093875,,curated,,,,10075616|10588598|10852428|10922144|11167954|11422148|12464949|16293801|17895592|17943569|19667530|19681236|20332717|22059882|30696844
Asthma,Mustard Gas,D009151,505-60-2,curated,,,,10378619
Asthma,Nedocromil,D017835,69049-73-6,curated,,,,1329582
Asthma,Neuromuscular Blocking Agents,D009466,,curated,,,,10378560
Asthma,Nicardipine,D009529,55985-32-5,curated,,,,2413722
Asthma,Nifedipine,D009543,21829-25-4,curated,,,,6364879
Asthma,Nitrates,D009566,,curated,,,,32816747|37162236
Asthma,Nitric Oxide,D009569,10102-43-9,curated,,,,16696591|16981460|20123607
Asthma,Nitrogen Dioxide,D009585,10102-44-0,curated,,,,17903240|18941591|20049212|22357138|22763046|24659182|25012280|26731790|26996571|37162236
Asthma,Nitrogen Oxides,D009589,,curated,,,,37162236
Asthma,Organophosphates,D010755,,curated,,,,17932376
Asthma,Ovalbumin,D010047,9006-59-1,curated,,,,22484343|27117312|28392331|29067999|29545090|30696844|30969813|32012983|33146439|33640443|34146326|34152691|34285515|34537180|34774659|35335934|35481609|35982617|36457260|36547818|37004399|40228672
Asthma,ovalbumin-alum,C446402,,curated,,,,27884791|29540228|29724254
Asthma,oxitropium,C017590,30286-75-0,curated,,,,3074291
Asthma,Ozone,D010126,10028-15-6,curated,,,,16373670|17854713|18795172|23434795|25012280|26647366|26731790|31627909|34285515
Asthma,Paraquat,D010269,4685-14-7,curated,,,,19541724
Asthma,Parathion,D010278,56-38-2,curated,,,,17932376|19541724
Asthma,Particulate Matter,D052638,,curated,,,,15121522|16425660|18795172|19270802|19337525|20123607|20667130|24117884|24365139|25491235|26452298|26731790|26734713|27385358|29540228|31941512|32816747|34774659|35335934|37162236|40228672
Asthma,pendimethalin,C030856,40487-42-1,curated,,,,23670403
Asthma,perfluoro-n-nonanoic acid,C101816,375-95-1,curated,,,,31730470
Asthma,perfluorooctane sulfonic acid,C076994,1763-23-1,curated,,,,32485600
Asthma,Permethrin,D026023,52645-53-1,curated,,,,17932376
Asthma,Pesticides,D010575,,curated,,,,15121522|17932376|7808348
Asthma,phenanthrene,C031181,85-01-8,curated,,,,24407477
Asthma,Phenobarbital,D010634,50-06-6,curated,,,,208429
Asthma,Phorate,D010702,298-02-2,curated,,,,17932376|19541724
Asthma,"phosphatidylinositol 3,4-diphosphate",C060980,,curated,,,,22986054
Asthma,Phosphodiesterase 4 Inhibitors,D058988,,curated,,,,17569694
Asthma,phthalic anhydride,C043103,85-44-9,curated,,,,3681491
Asthma,Plant Preparations,D028321,,curated,,,,15330010
Asthma,Platelet Activating Factor,D010972,,curated,,,,32830409|8833165
Asthma,Polychlorinated Biphenyls,D011078,,curated,,,,22326254
Asthma,Polycyclic Aromatic Hydrocarbons,D011084,,curated,,,,33972693
Asthma,"polymeric 4,4'-diphenylmethane diisocyanate",C087867,,curated,,,,21237241
Asthma,pranlukast,C047681,,curated,,,,10069892|11393418|11527250|12153692|12360108|12489251|14584388|14650364|16270722|18430318|20332717|9071168|9303339|9513583
Asthma,Prednisolone,D011239,50-24-8,curated,,,,10069892|10639760|11968751|12171842|17477857|7443604
Asthma,Prednisone,D011241,53-03-2,curated,,,,10199381|11799343|12171842|18717146|3393124|3944744|5025095|7235434
Asthma,Procaterol,D017265,72332-33-3,curated,,,,2933998|2974263
Asthma,Propranolol,D011433,525-66-6,curated,,,,8687243
Asthma,pycnogenols,C024070,,curated,,,,15641632
Asthma,pyrazolanthrone,C432165,,curated,,,,33075463
Asthma,pyrene,C030984,129-00-0,curated,,,,23010230
Asthma,Quaternary Ammonium Compounds,D000644,,curated,,,,37162236
Asthma,Resveratrol,D000077185,,curated,,,,22986054|34774659
Asthma,Ribomunyl,C034206,,curated,,,,3453705
Asthma,Roflumilast,C424423,,curated,,,,16317827
Asthma,S 28463,C099445,,curated,,,,16361354
Asthma,Salicylic Acid,D020156,,curated,,,,6715990
Asthma,Salmeterol Xinafoate,D000068299,,curated,,,,10359889|10480584|11449530|11694805|12166584|12449667|15025036|1687131|16973987|22607479|9164358|9385125|9707465|9731027
Asthma,seratrodast,C060230,,curated,,,,12153692
Asthma,Smoke,D012906,,curated,,,,15121522|21705297|25491235|31520956
Asthma,Sodium Salicylate,D012980,54-21-7,curated,,,,1751016
Asthma,solasodine,C012037,126-17-0,curated,,,,36084726
Asthma,Solvents,D012997,,curated,,,,14959814
Asthma,Soot,D053260,,curated,,,,15121522|20123607|21216722
Asthma,Streptozocin,D013311,18883-66-4,curated,,,,36547818
Asthma,Sulfates,D013431,,curated,,,,37162236
Asthma,Sulfur Dioxide,D013458,7446-09-5,curated,,,,19440507|20123607|22357138|26996571|37162236
Asthma,Synephrine,D013578,94-07-5,curated,,,,19363516
Asthma,syringin,C028305,118-34-3,curated,,,,33146439
Asthma,Tartrazine,D013645,1934-21-0,curated,,,,3894321
Asthma,Terbutaline,D013726,23031-25-6,curated,,,,11729705|1221498|1273541|208429|2578971|2828249|2933998|3582466|3609189|3707814|3964360|4479294|628035|6327346|6364879|6586482|7140872|7148765|7211775|8112441|8968295|9759798
Asthma,Terfenadine,D016593,50679-08-8,curated,,,,8006312
Asthma,Theophylline,D013806,58-55-9,curated,,,,10596698|10916367|11758890|11951074|12070353|12113382|12355682|12734767|1424400|15370247|15645133|16083514|16270722|16430859|16569937|17130682|1758745|17943569|208429|2496015|2578971|2828249|3025113|3074291|3109801|3523664|3537092|3707814|6586482|7140872|7148765|7235434|7312482|7332913|7437783|8162974|8346082|8760775|9701106|9878995
Asthma,"theophylline, salbutamol drug combination",C095476,,curated,,,,2721092
Asthma,Timolol,D013999,26839-75-8,curated,,,,7402591
Asthma,Tobacco Smoke Pollution,D014028,,curated,,,,14959814|16425588|19826548|21572527|22357138|24380835|25003170|29664587|32816747
Asthma,"Toluene 2,4-Diisocyanate",D014051,584-84-9,curated,,,,10797510|10934080|11077013|11467998|11742282|12585506|12684321|12762349|15590890|15590891|15855793|16210060|16792590|170078|17015710|18394133|19187332|20032816|20888385|25929181|26089345|28329851|30261222|3040596|30517707|31070765|31577921|33075463|33711354|6091945|6091946|7684630|8156442
Asthma,tranilast,C012293,53902-12-8,curated,,,,2434109
Asthma,Tretinoin,D014212,302-79-4,curated,,,,16456186
Asthma,Triamcinolone Acetonide,D014222,76-25-5,curated,,,,10071519|10806605
Asthma,Triclosan,D014260,3380-34-5,curated,,,,33654271
Asthma,trimellitic anhydride,C015559,552-30-7,curated,,,,16141432
Asthma,"Trimethoprim, Sulfamethoxazole Drug Combination",D015662,8064-90-2,curated,,,,4430301
Asthma,tulobuterol,C010809,41570-61-0,curated,,,,15007912|15212190
Asthma,Vasodilator Agents,D014665,,curated,,,,21059121
Asthma,Vehicle Emissions,D001335,,curated,,,,15121522|15226151|17903240|20565827|21513554|21995638|24060272|24365139
Asthma,verlukast,C059141,,curated,,,,8303624
Asthma,Vitamin A,D014801,11103-57-4,curated,,,,16732791
Asthma,zafirlukast,C062735,107753-78-6,curated,,,,10027429|10064661|10359889|10386485|10439636|10780761|10817796|10852428|10929920|10934090|10967152|11061985|11070746|11393122|11570617|11596838|11694805|11885876|11991558|12095178|12113382|12114351|12189465|12583521|12604023|12742009|14609035|15136378|15170009|15572850|1673495|18489783|19667530|19681236|20332717|8087328|8162986|8222486|9027267|9196086|9377612|9412547|9620945|9620946|9690572|9701106|9825082|9847434|9949315
Asthma,zileuton,C063449,132880-11-6,curated,,,,10181070|10764316|17944539|19214143|20332717|22059882|8598621|9620945
Asthma,Zinc,D015032,7440-66-6,curated,,,,17085522|19598279
Asthma,4-(4-fluorophenyl)-2-(4-hydroxyphenyl)-5-(4-pyridyl)imidazole,C090942,,gene_inferred,ARG1,79.78,27,19281908|19800904
Asthma,4-(4-fluorophenyl)-2-(4-hydroxyphenyl)-5-(4-pyridyl)imidazole,C090942,,gene_inferred,BCL2,79.78,27,18357729
Asthma,4-(4-fluorophenyl)-2-(4-hydroxyphenyl)-5-(4-pyridyl)imidazole,C090942,,gene_inferred,BGLAP,79.78,27,8429434
Asthma,4-(4-fluorophenyl)-2-(4-hydroxyphenyl)-5-(4-pyridyl)imidazole,C090942,,gene_inferred,CCL11,79.78,27,
Asthma,4-(4-fluorophenyl)-2-(4-hydroxyphenyl)-5-(4-pyridyl)imidazole,C090942,,gene_inferred,CCL2,79.78,27,19373627
Asthma,4-(4-fluorophenyl)-2-(4-hydroxyphenyl)-5-(4-pyridyl)imidazole,C090942,,gene_inferred,CD14,79.78,27,17607003
Asthma,4-(4-fluorophenyl)-2-(4-hydroxyphenyl)-5-(4-pyridyl)imidazole,C090942,,gene_inferred,CYP2E1,79.78,27,28807506
Asthma,4-(4-fluorophenyl)-2-(4-hydroxyphenyl)-5-(4-pyridyl)imidazole,C090942,,gene_inferred,FOXP3,79.78,27,27965764|29317916
Asthma,4-(4-fluorophenyl)-2-(4-hydroxyphenyl)-5-(4-pyridyl)imidazole,C090942,,gene_inferred,HMOX1,79.78,27,18048809
Asthma,4-(4-fluorophenyl)-2-(4-hydroxyphenyl)-5-(4-pyridyl)imidazole,C090942,,gene_inferred,HSD11B2,79.78,27,11932298
Asthma,4-(4-fluorophenyl)-2-(4-hydroxyphenyl)-5-(4-pyridyl)imidazole,C090942,,gene_inferred,ICAM1,79.78,27,17014439|25003170
Asthma,4-(4-fluorophenyl)-2-(4-hydroxyphenyl)-5-(4-pyridyl)imidazole,C090942,,gene_inferred,IL10,79.78,27,29317916
Asthma,4-(4-fluorophenyl)-2-(4-hydroxyphenyl)-5-(4-pyridyl)imidazole,C090942,,gene_inferred,IL1B,79.78,27,9176529
Asthma,4-(4-fluorophenyl)-2-(4-hydroxyphenyl)-5-(4-pyridyl)imidazole,C090942,,gene_inferred,IL4,79.78,27,18357729|33861987
Asthma,4-(4-fluorophenyl)-2-(4-hydroxyphenyl)-5-(4-pyridyl)imidazole,C090942,,gene_inferred,IL6,79.78,27,29902480
Asthma,4-(4-fluorophenyl)-2-(4-hydroxyphenyl)-5-(4-pyridyl)imidazole,C090942,,gene_inferred,MMP1,79.78,27,24469321
Asthma,4-(4-fluorophenyl)-2-(4-hydroxyphenyl)-5-(4-pyridyl)imidazole,C090942,,gene_inferred,MMP9,79.78,27,11742282|15131573
Asthma,4-(4-fluorophenyl)-2-(4-hydroxyphenyl)-5-(4-pyridyl)imidazole,C090942,,gene_inferred,NOS2,79.78,27,19800904
Asthma,4-(4-fluorophenyl)-2-(4-hydroxyphenyl)-5-(4-pyridyl)imidazole,C090942,,gene_inferred,NQO1,79.78,27,20049212
Asthma,4-(4-fluorophenyl)-2-(4-hydroxyphenyl)-5-(4-pyridyl)imidazole,C090942,,gene_inferred,PARP1,79.78,27,18261157
Asthma,4-(4-fluorophenyl)-2-(4-hydroxyphenyl)-5-(4-pyridyl)imidazole,C090942,,gene_inferred,PLAU,79.78,27,21912604
Asthma,4-(4-fluorophenyl)-2-(4-hydroxyphenyl)-5-(4-pyridyl)imidazole,C090942,,gene_inferred,PPP2CA,79.78,27,22205926
Asthma,4-(4-fluorophenyl)-2-(4-hydroxyphenyl)-5-(4-pyridyl)imidazole,C090942,,gene_inferred,SOD1,79.78,27,22867017
Asthma,4-(4-fluorophenyl)-2-(4-hydroxyphenyl)-5-(4-pyridyl)imidazole,C090942,,gene_inferred,SOD2,79.78,27,28208751
Asthma,4-(4-fluorophenyl)-2-(4-hydroxyphenyl)-5-(4-pyridyl)imidazole,C090942,,gene_inferred,TGFB1,79.78,27,16365456|19138248
Asthma,4-(4-fluorophenyl)-2-(4-hydroxyphenyl)-5-(4-pyridyl)imidazole,C090942,,gene_inferred,TNF,79.78,27,12356572|14681301|16456144|17450233|20049212|25960783
Asthma,4-(4-fluorophenyl)-2-(4-hydroxyphenyl)-5-(4-pyridyl)imidazole,C090942,,gene_inferred,VEGFA,79.78,27,11907124|15201500|19263519
Asthma,Luteolin,D047311,491-70-3,gene_inferred,AGER,71.61,28,33075463
Asthma,Luteolin,D047311,491-70-3,gene_inferred,ALOX5,71.61,28,
Asthma,Luteolin,D047311,491-70-3,gene_inferred,BCL2,71.61,28,18357729
Asthma,Luteolin,D047311,491-70-3,gene_inferred,CAT,71.61,28,18048809
Asthma,Luteolin,D047311,491-70-3,gene_inferred,CCL2,71.61,28,19373627
Asthma,Luteolin,D047311,491-70-3,gene_inferred,CYP2E1,71.61,28,28807506
Asthma,Luteolin,D047311,491-70-3,gene_inferred,HMOX1,71.61,28,18048809
Asthma,Luteolin,D047311,491-70-3,gene_inferred,ICAM1,71.61,28,17014439|25003170
Asthma,Luteolin,D047311,491-70-3,gene_inferred,IL10,71.61,28,29317916
Asthma,Luteolin,D047311,491-70-3,gene_inferred,IL13,71.61,28,22867017
Asthma,Luteolin,D047311,491-70-3,gene_inferred,IL1B,71.61,28,9176529
Asthma,Luteolin,D047311,491-70-3,gene_inferred,IL33,71.61,28,19198610|21804549|24241537|27472835|29067999
Asthma,Luteolin,D047311,491-70-3,gene_inferred,IL4,71.61,28,18357729|33861987
Asthma,Luteolin,D047311,491-70-3,gene_inferred,IL5,71.61,28,23266719|7540862
Asthma,Luteolin,D047311,491-70-3,gene_inferred,IL6,71.61,28,29902480
Asthma,Luteolin,D047311,491-70-3,gene_inferred,KRT19,71.61,28,15478392
Asthma,Luteolin,D047311,491-70-3,gene_inferred,MMP1,71.61,28,24469321
Asthma,Luteolin,D047311,491-70-3,gene_inferred,MMP9,71.61,28,11742282|15131573
Asthma,Luteolin,D047311,491-70-3,gene_inferred,NOS2,71.61,28,19800904
Asthma,Luteolin,D047311,491-70-3,gene_inferred,NQO1,71.61,28,20049212
Asthma,Luteolin,D047311,491-70-3,gene_inferred,PARP1,71.61,28,18261157
Asthma,Luteolin,D047311,491-70-3,gene_inferred,PTEN,71.61,28,17982072
Asthma,Luteolin,D047311,491-70-3,gene_inferred,SOD1,71.61,28,22867017
Asthma,Luteolin,D047311,491-70-3,gene_inferred,SOD2,71.61,28,28208751
Asthma,Luteolin,D047311,491-70-3,gene_inferred,TGFB1,71.61,28,16365456|19138248
Asthma,Luteolin,D047311,491-70-3,gene_inferred,TNF,71.61,28,12356572|14681301|16456144|17450233|20049212|25960783
Asthma,Luteolin,D047311,491-70-3,gene_inferred,TSLP,71.61,28,21804549
Asthma,Luteolin,D047311,491-70-3,gene_inferred,VEGFA,71.61,28,11907124|15201500|19263519
Asthma,Simvastatin,D019821,79902-63-9,gene_inferred,AGER,71.35,39,33075463
Asthma,Simvastatin,D019821,79902-63-9,gene_inferred,ARG1,71.35,39,19281908|19800904
Asthma,Simvastatin,D019821,79902-63-9,gene_inferred,BCL2,71.35,39,18357729
Asthma,Simvastatin,D019821,79902-63-9,gene_inferred,BGLAP,71.35,39,8429434
Asthma,Simvastatin,D019821,79902-63-9,gene_inferred,CAT,71.35,39,18048809
Asthma,Simvastatin,D019821,79902-63-9,gene_inferred,CCL2,71.35,39,19373627
Asthma,Simvastatin,D019821,79902-63-9,gene_inferred,CCL5,71.35,39,8534483
Asthma,Simvastatin,D019821,79902-63-9,gene_inferred,CD14,71.35,39,17607003
Asthma,Simvastatin,D019821,79902-63-9,gene_inferred,CLDN18,71.35,39,27215490
Asthma,Simvastatin,D019821,79902-63-9,gene_inferred,CTLA4,71.35,39,28807506
Asthma,Simvastatin,D019821,79902-63-9,gene_inferred,EDN1,71.35,39,16981460
Asthma,Simvastatin,D019821,79902-63-9,gene_inferred,FOXP3,71.35,39,27965764|29317916
Asthma,Simvastatin,D019821,79902-63-9,gene_inferred,GSTP1,71.35,39,11994713|16870661|18988661|24117884|29411558
Asthma,Simvastatin,D019821,79902-63-9,gene_inferred,HLA-DQB1,71.35,39,10792356
Asthma,Simvastatin,D019821,79902-63-9,gene_inferred,HMOX1,71.35,39,18048809
Asthma,Simvastatin,D019821,79902-63-9,gene_inferred,ICAM1,71.35,39,17014439|25003170
Asthma,Simvastatin,D019821,79902-63-9,gene_inferred,IL10,71.35,39,29317916
Asthma,Simvastatin,D019821,79902-63-9,gene_inferred,IL13,71.35,39,22867017
Asthma,Simvastatin,D019821,79902-63-9,gene_inferred,IL1B,71.35,39,9176529
Asthma,Simvastatin,D019821,79902-63-9,gene_inferred,IL1RL1,71.35,39,19198610|21150878|21804549|24241537|27472835
Asthma,Simvastatin,D019821,79902-63-9,gene_inferred,IL4,71.35,39,18357729|33861987
Asthma,Simvastatin,D019821,79902-63-9,gene_inferred,IL4R,71.35,39,25867440|33861987|36910341
Asthma,Simvastatin,D019821,79902-63-9,gene_inferred,IL6,71.35,39,29902480
Asthma,Simvastatin,D019821,79902-63-9,gene_inferred,MMP1,71.35,39,24469321
Asthma,Simvastatin,D019821,79902-63-9,gene_inferred,MMP10,71.35,39,16926187
Asthma,Simvastatin,D019821,79902-63-9,gene_inferred,MMP9,71.35,39,11742282|15131573
Asthma,Simvastatin,D019821,79902-63-9,gene_inferred,NOS2,71.35,39,19800904
Asthma,Simvastatin,D019821,79902-63-9,gene_inferred,NQO1,71.35,39,20049212
Asthma,Simvastatin,D019821,79902-63-9,gene_inferred,PARP1,71.35,39,18261157
Asthma,Simvastatin,D019821,79902-63-9,gene_inferred,PDE4B,71.35,39,21912604
Asthma,Simvastatin,D019821,79902-63-9,gene_inferred,PLA2G7,71.35,39,10733466
Asthma,Simvastatin,D019821,79902-63-9,gene_inferred,PLAU,71.35,39,21912604
Asthma,Simvastatin,D019821,79902-63-9,gene_inferred,PTEN,71.35,39,17982072
Asthma,Simvastatin,D019821,79902-63-9,gene_inferred,SOD1,71.35,39,22867017
Asthma,Simvastatin,D019821,79902-63-9,gene_inferred,SOD2,71.35,39,28208751
Asthma,Simvastatin,D019821,79902-63-9,gene_inferred,TGFB1,71.35,39,16365456|19138248
Asthma,Simvastatin,D019821,79902-63-9,gene_inferred,TNC,71.35,39,16115819
Asthma,Simvastatin,D019821,79902-63-9,gene_inferred,TNF,71.35,39,12356572|14681301|16456144|17450233|20049212|25960783
Asthma,Simvastatin,D019821,79902-63-9,gene_inferred,VEGFA,71.35,39,11907124|15201500|19263519
Asthma,pyrazolanthrone,C432165,,gene_inferred,AGER,70.48,32,33075463
Asthma,pyrazolanthrone,C432165,,gene_inferred,ALOX5,70.48,32,
Asthma,pyrazolanthrone,C432165,,gene_inferred,BCL2,70.48,32,18357729
Asthma,pyrazolanthrone,C432165,,gene_inferred,BGLAP,70.48,32,8429434
Asthma,pyrazolanthrone,C432165,,gene_inferred,CAT,70.48,32,18048809
Asthma,pyrazolanthrone,C432165,,gene_inferred,CCL2,70.48,32,19373627
Asthma,pyrazolanthrone,C432165,,gene_inferred,CCL5,70.48,32,8534483
Asthma,pyrazolanthrone,C432165,,gene_inferred,CD14,70.48,32,17607003
Asthma,pyrazolanthrone,C432165,,gene_inferred,CYP2E1,70.48,32,28807506
Asthma,pyrazolanthrone,C432165,,gene_inferred,DNMT1,70.48,32,23423710
Asthma,pyrazolanthrone,C432165,,gene_inferred,EDN1,70.48,32,16981460
Asthma,pyrazolanthrone,C432165,,gene_inferred,HMOX1,70.48,32,18048809
Asthma,pyrazolanthrone,C432165,,gene_inferred,ICAM1,70.48,32,17014439|25003170
Asthma,pyrazolanthrone,C432165,,gene_inferred,IL10,70.48,32,29317916
Asthma,pyrazolanthrone,C432165,,gene_inferred,IL13,70.48,32,22867017
Asthma,pyrazolanthrone,C432165,,gene_inferred,IL1B,70.48,32,9176529
Asthma,pyrazolanthrone,C432165,,gene_inferred,IL4,70.48,32,18357729|33861987
Asthma,pyrazolanthrone,C432165,,gene_inferred,IL5,70.48,32,23266719|7540862
Asthma,pyrazolanthrone,C432165,,gene_inferred,IL6,70.48,32,29902480
Asthma,pyrazolanthrone,C432165,,gene_inferred,MMP1,70.48,32,24469321
Asthma,pyrazolanthrone,C432165,,gene_inferred,MMP9,70.48,32,11742282|15131573
Asthma,pyrazolanthrone,C432165,,gene_inferred,NOS2,70.48,32,19800904
Asthma,pyrazolanthrone,C432165,,gene_inferred,NPY,70.48,32,9731035
Asthma,pyrazolanthrone,C432165,,gene_inferred,NQO1,70.48,32,20049212
Asthma,pyrazolanthrone,C432165,,gene_inferred,PARP1,70.48,32,18261157
Asthma,pyrazolanthrone,C432165,,gene_inferred,PLAU,70.48,32,21912604
Asthma,pyrazolanthrone,C432165,,gene_inferred,PTEN,70.48,32,17982072
Asthma,pyrazolanthrone,C432165,,gene_inferred,SOD1,70.48,32,22867017
Asthma,pyrazolanthrone,C432165,,gene_inferred,SOD2,70.48,32,28208751
Asthma,pyrazolanthrone,C432165,,gene_inferred,TGFB1,70.48,32,16365456|19138248
Asthma,pyrazolanthrone,C432165,,gene_inferred,TNF,70.48,32,12356572|14681301|16456144|17450233|20049212|25960783
Asthma,pyrazolanthrone,C432165,,gene_inferred,VEGFA,70.48,32,11907124|15201500|19263519
Asthma,SB 203580,C093642,,gene_inferred,AGER,69.39,33,33075463
Asthma,SB 203580,C093642,,gene_inferred,ALOX5,69.39,33,
Asthma,SB 203580,C093642,,gene_inferred,AREG,69.39,33,15696081
Asthma,SB 203580,C093642,,gene_inferred,ARG1,69.39,33,19281908|19800904
Asthma,SB 203580,C093642,,gene_inferred,ARG2,69.39,33,19281908
Asthma,SB 203580,C093642,,gene_inferred,BCL2,69.39,33,18357729
Asthma,SB 203580,C093642,,gene_inferred,BGLAP,69.39,33,8429434
Asthma,SB 203580,C093642,,gene_inferred,CAT,69.39,33,18048809
Asthma,SB 203580,C093642,,gene_inferred,CCL11,69.39,33,
Asthma,SB 203580,C093642,,gene_inferred,CCL2,69.39,33,19373627
Asthma,SB 203580,C093642,,gene_inferred,CCL5,69.39,33,8534483
Asthma,SB 203580,C093642,,gene_inferred,CD14,69.39,33,17607003
Asthma,SB 203580,C093642,,gene_inferred,CYP2E1,69.39,33,28807506
Asthma,SB 203580,C093642,,gene_inferred,EDN1,69.39,33,16981460
Asthma,SB 203580,C093642,,gene_inferred,GSTP1,69.39,33,11994713|16870661|18988661|24117884|29411558
Asthma,SB 203580,C093642,,gene_inferred,HMOX1,69.39,33,18048809
Asthma,SB 203580,C093642,,gene_inferred,HTR2A,69.39,33,25322896
Asthma,SB 203580,C093642,,gene_inferred,ICAM1,69.39,33,17014439|25003170
Asthma,SB 203580,C093642,,gene_inferred,IL10,69.39,33,29317916
Asthma,SB 203580,C093642,,gene_inferred,IL1B,69.39,33,9176529
Asthma,SB 203580,C093642,,gene_inferred,IL4,69.39,33,18357729|33861987
Asthma,SB 203580,C093642,,gene_inferred,IL6,69.39,33,29902480
Asthma,SB 203580,C093642,,gene_inferred,MMP1,69.39,33,24469321
Asthma,SB 203580,C093642,,gene_inferred,MMP9,69.39,33,11742282|15131573
Asthma,SB 203580,C093642,,gene_inferred,NOS2,69.39,33,19800904
Asthma,SB 203580,C093642,,gene_inferred,NQO1,69.39,33,20049212
Asthma,SB 203580,C093642,,gene_inferred,PARP1,69.39,33,18261157
Asthma,SB 203580,C093642,,gene_inferred,PLA2G7,69.39,33,10733466
Asthma,SB 203580,C093642,,gene_inferred,PTEN,69.39,33,17982072
Asthma,SB 203580,C093642,,gene_inferred,SOD2,69.39,33,28208751
Asthma,SB 203580,C093642,,gene_inferred,TGFB1,69.39,33,16365456|19138248
Asthma,SB 203580,C093642,,gene_inferred,TNF,69.39,33,12356572|14681301|16456144|17450233|20049212|25960783
Asthma,SB 203580,C093642,,gene_inferred,VEGFA,69.39,33,11907124|15201500|19263519
Asthma,Dust,D004391,,gene_inferred,AGER,69.03,36,33075463
Asthma,Dust,D004391,,gene_inferred,ALDH2,69.03,36,11506308|9600491
Asthma,Dust,D004391,,gene_inferred,ALOX5,69.03,36,
Asthma,Dust,D004391,,gene_inferred,AREG,69.03,36,15696081
Asthma,Dust,D004391,,gene_inferred,CAT,69.03,36,18048809
Asthma,Dust,D004391,,gene_inferred,CCL11,69.03,36,
Asthma,Dust,D004391,,gene_inferred,CCL2,69.03,36,19373627
Asthma,Dust,D004391,,gene_inferred,CCL5,69.03,36,8534483
Asthma,Dust,D004391,,gene_inferred,CD14,69.03,36,17607003
Asthma,Dust,D004391,,gene_inferred,DNMT1,69.03,36,23423710
Asthma,Dust,D004391,,gene_inferred,EDN1,69.03,36,16981460
Asthma,Dust,D004391,,gene_inferred,HMOX1,69.03,36,18048809
Asthma,Dust,D004391,,gene_inferred,ICAM1,69.03,36,17014439|25003170
Asthma,Dust,D004391,,gene_inferred,IL10,69.03,36,29317916
Asthma,Dust,D004391,,gene_inferred,IL13,69.03,36,22867017
Asthma,Dust,D004391,,gene_inferred,IL1B,69.03,36,9176529
Asthma,Dust,D004391,,gene_inferred,IL1RL1,69.03,36,19198610|21150878|21804549|24241537|27472835
Asthma,Dust,D004391,,gene_inferred,IL1RN,69.03,36,9176529
Asthma,Dust,D004391,,gene_inferred,IL33,69.03,36,19198610|21804549|24241537|27472835|29067999
Asthma,Dust,D004391,,gene_inferred,IL4,69.03,36,18357729|33861987
Asthma,Dust,D004391,,gene_inferred,IL5,69.03,36,23266719|7540862
Asthma,Dust,D004391,,gene_inferred,IL6,69.03,36,29902480
Asthma,Dust,D004391,,gene_inferred,MMP9,69.03,36,11742282|15131573
Asthma,Dust,D004391,,gene_inferred,NOS2,69.03,36,19800904
Asthma,Dust,D004391,,gene_inferred,NQO1,69.03,36,20049212
Asthma,Dust,D004391,,gene_inferred,PLAU,69.03,36,21912604
Asthma,Dust,D004391,,gene_inferred,RNASE3,69.03,36,12153692|12587966|8874658
Asthma,Dust,D004391,,gene_inferred,SOD1,69.03,36,22867017
Asthma,Dust,D004391,,gene_inferred,SOD2,69.03,36,28208751
Asthma,Dust,D004391,,gene_inferred,SPRR2B,69.03,36,21912604
Asthma,Dust,D004391,,gene_inferred,TGFB1,69.03,36,16365456|19138248
Asthma,Dust,D004391,,gene_inferred,TNC,69.03,36,16115819
Asthma,Dust,D004391,,gene_inferred,TNF,69.03,36,12356572|14681301|16456144|17450233|20049212|25960783
Asthma,Dust,D004391,,gene_inferred,TNIP1,69.03,36,24453940
Asthma,Dust,D004391,,gene_inferred,TSLP,69.03,36,21804549
Asthma,Dust,D004391,,gene_inferred,VEGFA,69.03,36,11907124|15201500|19263519
Asthma,U 0126,C113580,,gene_inferred,ALOX5,67.95,34,
Asthma,U 0126,C113580,,gene_inferred,AREG,67.95,34,15696081
Asthma,U 0126,C113580,,gene_inferred,BCL2,67.95,34,18357729
Asthma,U 0126,C113580,,gene_inferred,BGLAP,67.95,34,8429434
Asthma,U 0126,C113580,,gene_inferred,CCL11,67.95,34,
Asthma,U 0126,C113580,,gene_inferred,CCL2,67.95,34,19373627
Asthma,U 0126,C113580,,gene_inferred,CD14,67.95,34,17607003
Asthma,U 0126,C113580,,gene_inferred,CYP2E1,67.95,34,28807506
Asthma,U 0126,C113580,,gene_inferred,EDN1,67.95,34,16981460
Asthma,U 0126,C113580,,gene_inferred,GSTM1,67.95,34,16870661|18988661
Asthma,U 0126,C113580,,gene_inferred,GSTP1,67.95,34,11994713|16870661|18988661|24117884|29411558
Asthma,U 0126,C113580,,gene_inferred,HMOX1,67.95,34,18048809
Asthma,U 0126,C113580,,gene_inferred,HSD11B2,67.95,34,11932298
Asthma,U 0126,C113580,,gene_inferred,HTR2A,67.95,34,25322896
Asthma,U 0126,C113580,,gene_inferred,ICAM1,67.95,34,17014439|25003170
Asthma,U 0126,C113580,,gene_inferred,IL10,67.95,34,29317916
Asthma,U 0126,C113580,,gene_inferred,IL13,67.95,34,22867017
Asthma,U 0126,C113580,,gene_inferred,IL1B,67.95,34,9176529
Asthma,U 0126,C113580,,gene_inferred,IL4,67.95,34,18357729|33861987
Asthma,U 0126,C113580,,gene_inferred,IL5,67.95,34,23266719|7540862
Asthma,U 0126,C113580,,gene_inferred,IL6,67.95,34,29902480
Asthma,U 0126,C113580,,gene_inferred,MMP1,67.95,34,24469321
Asthma,U 0126,C113580,,gene_inferred,MMP10,67.95,34,16926187
Asthma,U 0126,C113580,,gene_inferred,MMP9,67.95,34,11742282|15131573
Asthma,U 0126,C113580,,gene_inferred,NOS2,67.95,34,19800904
Asthma,U 0126,C113580,,gene_inferred,NQO1,67.95,34,20049212
Asthma,U 0126,C113580,,gene_inferred,PARP1,67.95,34,18261157
Asthma,U 0126,C113580,,gene_inferred,PLAU,67.95,34,21912604
Asthma,U 0126,C113580,,gene_inferred,PTEN,67.95,34,17982072
Asthma,U 0126,C113580,,gene_inferred,SOD1,67.95,34,22867017
Asthma,U 0126,C113580,,gene_inferred,SOD2,67.95,34,28208751
Asthma,U 0126,C113580,,gene_inferred,TGFB1,67.95,34,16365456|19138248
Asthma,U 0126,C113580,,gene_inferred,TNF,67.95,34,12356572|14681301|16456144|17450233|20049212|25960783
Asthma,U 0126,C113580,,gene_inferred,VEGFA,67.95,34,11907124|15201500|19263519
Asthma,"15-deoxy-delta(12,14)-prostaglandin J2",C097240,,gene_inferred,BGLAP,67.40,22,8429434
Asthma,"15-deoxy-delta(12,14)-prostaglandin J2",C097240,,gene_inferred,CAT,67.40,22,18048809
Asthma,"15-deoxy-delta(12,14)-prostaglandin J2",C097240,,gene_inferred,CCL2,67.40,22,19373627
Asthma,"15-deoxy-delta(12,14)-prostaglandin J2",C097240,,gene_inferred,CCL5,67.40,22,8534483
Asthma,"15-deoxy-delta(12,14)-prostaglandin J2",C097240,,gene_inferred,EDN1,67.40,22,16981460
Asthma,"15-deoxy-delta(12,14)-prostaglandin J2",C097240,,gene_inferred,GSTM1,67.40,22,16870661|18988661
Asthma,"15-deoxy-delta(12,14)-prostaglandin J2",C097240,,gene_inferred,GSTP1,67.40,22,11994713|16870661|18988661|24117884|29411558
Asthma,"15-deoxy-delta(12,14)-prostaglandin J2",C097240,,gene_inferred,HMOX1,67.40,22,18048809
Asthma,"15-deoxy-delta(12,14)-prostaglandin J2",C097240,,gene_inferred,ICAM1,67.40,22,17014439|25003170
Asthma,"15-deoxy-delta(12,14)-prostaglandin J2",C097240,,gene_inferred,IL1B,67.40,22,9176529
Asthma,"15-deoxy-delta(12,14)-prostaglandin J2",C097240,,gene_inferred,IL1RN,67.40,22,9176529
Asthma,"15-deoxy-delta(12,14)-prostaglandin J2",C097240,,gene_inferred,IL4,67.40,22,18357729|33861987
Asthma,"15-deoxy-delta(12,14)-prostaglandin J2",C097240,,gene_inferred,IL6,67.40,22,29902480
Asthma,"15-deoxy-delta(12,14)-prostaglandin J2",C097240,,gene_inferred,MMP1,67.40,22,24469321
Asthma,"15-deoxy-delta(12,14)-prostaglandin J2",C097240,,gene_inferred,MMP9,67.40,22,11742282|15131573
Asthma,"15-deoxy-delta(12,14)-prostaglandin J2",C097240,,gene_inferred,NOS2,67.40,22,19800904
Asthma,"15-deoxy-delta(12,14)-prostaglandin J2",C097240,,gene_inferred,PARP1,67.40,22,18261157
Asthma,"15-deoxy-delta(12,14)-prostaglandin J2",C097240,,gene_inferred,PTEN,67.40,22,17982072
Asthma,"15-deoxy-delta(12,14)-prostaglandin J2",C097240,,gene_inferred,PTGDR2,67.40,22,27103662
Asthma,"15-deoxy-delta(12,14)-prostaglandin J2",C097240,,gene_inferred,TGFB1,67.40,22,16365456|19138248
Asthma,"15-deoxy-delta(12,14)-prostaglandin J2",C097240,,gene_inferred,TNF,67.40,22,12356572|14681301|16456144|17450233|20049212|25960783
Asthma,"15-deoxy-delta(12,14)-prostaglandin J2",C097240,,gene_inferred,TSLP,67.40,22,21804549
Asthma,Dinitrochlorobenzene,D004137,,gene_inferred,ARG2,67.40,38,19281908
Asthma,Dinitrochlorobenzene,D004137,,gene_inferred,BCL2,67.40,38,18357729
Asthma,Dinitrochlorobenzene,D004137,,gene_inferred,CAT,67.40,38,18048809
Asthma,Dinitrochlorobenzene,D004137,,gene_inferred,CCL11,67.40,38,
Asthma,Dinitrochlorobenzene,D004137,,gene_inferred,CCL2,67.40,38,19373627
Asthma,Dinitrochlorobenzene,D004137,,gene_inferred,CCL5,67.40,38,8534483
Asthma,Dinitrochlorobenzene,D004137,,gene_inferred,CTLA4,67.40,38,28807506
Asthma,Dinitrochlorobenzene,D004137,,gene_inferred,CXCL14,67.40,38,21150878
Asthma,Dinitrochlorobenzene,D004137,,gene_inferred,DNMT1,67.40,38,23423710
Asthma,Dinitrochlorobenzene,D004137,,gene_inferred,GSTM1,67.40,38,16870661|18988661
Asthma,Dinitrochlorobenzene,D004137,,gene_inferred,GSTP1,67.40,38,11994713|16870661|18988661|24117884|29411558
Asthma,Dinitrochlorobenzene,D004137,,gene_inferred,HMOX1,67.40,38,18048809
Asthma,Dinitrochlorobenzene,D004137,,gene_inferred,ICAM1,67.40,38,17014439|25003170
Asthma,Dinitrochlorobenzene,D004137,,gene_inferred,IL10,67.40,38,29317916
Asthma,Dinitrochlorobenzene,D004137,,gene_inferred,IL13,67.40,38,22867017
Asthma,Dinitrochlorobenzene,D004137,,gene_inferred,IL1B,67.40,38,9176529
Asthma,Dinitrochlorobenzene,D004137,,gene_inferred,IL1RL1,67.40,38,19198610|21150878|21804549|24241537|27472835
Asthma,Dinitrochlorobenzene,D004137,,gene_inferred,IL4,67.40,38,18357729|33861987
Asthma,Dinitrochlorobenzene,D004137,,gene_inferred,IL5,67.40,38,23266719|7540862
Asthma,Dinitrochlorobenzene,D004137,,gene_inferred,IL6,67.40,38,29902480
Asthma,Dinitrochlorobenzene,D004137,,gene_inferred,MMP1,67.40,38,24469321
Asthma,Dinitrochlorobenzene,D004137,,gene_inferred,MMP10,67.40,38,16926187
Asthma,Dinitrochlorobenzene,D004137,,gene_inferred,MYB,67.40,38,19198610
Asthma,Dinitrochlorobenzene,D004137,,gene_inferred,NOS2,67.40,38,19800904
Asthma,Dinitrochlorobenzene,D004137,,gene_inferred,NQO1,67.40,38,20049212
Asthma,Dinitrochlorobenzene,D004137,,gene_inferred,PARP1,67.40,38,18261157
Asthma,Dinitrochlorobenzene,D004137,,gene_inferred,PDE4B,67.40,38,21912604
Asthma,Dinitrochlorobenzene,D004137,,gene_inferred,PDE4D,67.40,38,19426955|21611147
Asthma,Dinitrochlorobenzene,D004137,,gene_inferred,PYHIN1,67.40,38,21804549
Asthma,Dinitrochlorobenzene,D004137,,gene_inferred,RAD50,67.40,38,24241537
Asthma,Dinitrochlorobenzene,D004137,,gene_inferred,SOD1,67.40,38,22867017
Asthma,Dinitrochlorobenzene,D004137,,gene_inferred,SOD2,67.40,38,28208751
Asthma,Dinitrochlorobenzene,D004137,,gene_inferred,STAT4,67.40,38,28807506
Asthma,Dinitrochlorobenzene,D004137,,gene_inferred,TIMP3,67.40,38,16926187
Asthma,Dinitrochlorobenzene,D004137,,gene_inferred,TNF,67.40,38,12356572|14681301|16456144|17450233|20049212|25960783
Asthma,Dinitrochlorobenzene,D004137,,gene_inferred,TSLP,67.40,38,21804549
Asthma,Dinitrochlorobenzene,D004137,,gene_inferred,VEGFA,67.40,38,11907124|15201500|19263519
Asthma,Dinitrochlorobenzene,D004137,,gene_inferred,WDR36,67.40,38,19198610
Asthma,Bleomycin,D001761,11056-06-7,gene_inferred,AGER,67.02,39,33075463
Asthma,Bleomycin,D001761,11056-06-7,gene_inferred,AREG,67.02,39,15696081
Asthma,Bleomycin,D001761,11056-06-7,gene_inferred,ARG1,67.02,39,19281908|19800904
Asthma,Bleomycin,D001761,11056-06-7,gene_inferred,BCL2,67.02,39,18357729
Asthma,Bleomycin,D001761,11056-06-7,gene_inferred,CAT,67.02,39,18048809
Asthma,Bleomycin,D001761,11056-06-7,gene_inferred,CCL11,67.02,39,
Asthma,Bleomycin,D001761,11056-06-7,gene_inferred,CCL2,67.02,39,19373627
Asthma,Bleomycin,D001761,11056-06-7,gene_inferred,CCL5,67.02,39,8534483
Asthma,Bleomycin,D001761,11056-06-7,gene_inferred,CD14,67.02,39,17607003
Asthma,Bleomycin,D001761,11056-06-7,gene_inferred,CXCL14,67.02,39,21150878
Asthma,Bleomycin,D001761,11056-06-7,gene_inferred,DNMT1,67.02,39,23423710
Asthma,Bleomycin,D001761,11056-06-7,gene_inferred,EDN1,67.02,39,16981460
Asthma,Bleomycin,D001761,11056-06-7,gene_inferred,FOXP3,67.02,39,27965764|29317916
Asthma,Bleomycin,D001761,11056-06-7,gene_inferred,GSTM1,67.02,39,16870661|18988661
Asthma,Bleomycin,D001761,11056-06-7,gene_inferred,HMOX1,67.02,39,18048809
Asthma,Bleomycin,D001761,11056-06-7,gene_inferred,ICAM1,67.02,39,17014439|25003170
Asthma,Bleomycin,D001761,11056-06-7,gene_inferred,IL10,67.02,39,29317916
Asthma,Bleomycin,D001761,11056-06-7,gene_inferred,IL13,67.02,39,22867017
Asthma,Bleomycin,D001761,11056-06-7,gene_inferred,IL1B,67.02,39,9176529
Asthma,Bleomycin,D001761,11056-06-7,gene_inferred,IL1RL1,67.02,39,19198610|21150878|21804549|24241537|27472835
Asthma,Bleomycin,D001761,11056-06-7,gene_inferred,IL33,67.02,39,19198610|21804549|24241537|27472835|29067999
Asthma,Bleomycin,D001761,11056-06-7,gene_inferred,IL4,67.02,39,18357729|33861987
Asthma,Bleomycin,D001761,11056-06-7,gene_inferred,IL6,67.02,39,29902480
Asthma,Bleomycin,D001761,11056-06-7,gene_inferred,KRT19,67.02,39,15478392
Asthma,Bleomycin,D001761,11056-06-7,gene_inferred,MMP1,67.02,39,24469321
Asthma,Bleomycin,D001761,11056-06-7,gene_inferred,MMP10,67.02,39,16926187
Asthma,Bleomycin,D001761,11056-06-7,gene_inferred,MMP9,67.02,39,11742282|15131573
Asthma,Bleomycin,D001761,11056-06-7,gene_inferred,NOS2,67.02,39,19800904
Asthma,Bleomycin,D001761,11056-06-7,gene_inferred,NQO1,67.02,39,20049212
Asthma,Bleomycin,D001761,11056-06-7,gene_inferred,PARP1,67.02,39,18261157
Asthma,Bleomycin,D001761,11056-06-7,gene_inferred,PLAU,67.02,39,21912604
Asthma,Bleomycin,D001761,11056-06-7,gene_inferred,PTEN,67.02,39,17982072
Asthma,Bleomycin,D001761,11056-06-7,gene_inferred,SOD1,67.02,39,22867017
Asthma,Bleomycin,D001761,11056-06-7,gene_inferred,SOD2,67.02,39,28208751
Asthma,Bleomycin,D001761,11056-06-7,gene_inferred,TBX21,67.02,39,15806396
Asthma,Bleomycin,D001761,11056-06-7,gene_inferred,TGFB1,67.02,39,16365456|19138248
Asthma,Bleomycin,D001761,11056-06-7,gene_inferred,TNC,67.02,39,16115819
Asthma,Bleomycin,D001761,11056-06-7,gene_inferred,TNF,67.02,39,12356572|14681301|16456144|17450233|20049212|25960783
Asthma,Bleomycin,D001761,11056-06-7,gene_inferred,VEGFA,67.02,39,11907124|15201500|19263519
Asthma,kaempferol,C006552,520-18-3,gene_inferred,ALOX5,66.58,26,
Asthma,kaempferol,C006552,520-18-3,gene_inferred,BCL2,66.58,26,18357729
Asthma,kaempferol,C006552,520-18-3,gene_inferred,CAT,66.58,26,18048809
Asthma,kaempferol,C006552,520-18-3,gene_inferred,CCL2,66.58,26,19373627
Asthma,kaempferol,C006552,520-18-3,gene_inferred,CCL5,66.58,26,8534483
Asthma,kaempferol,C006552,520-18-3,gene_inferred,CD14,66.58,26,17607003
Asthma,kaempferol,C006552,520-18-3,gene_inferred,CYP2E1,66.58,26,28807506
Asthma,kaempferol,C006552,520-18-3,gene_inferred,GSTP1,66.58,26,11994713|16870661|18988661|24117884|29411558
Asthma,kaempferol,C006552,520-18-3,gene_inferred,HMOX1,66.58,26,18048809
Asthma,kaempferol,C006552,520-18-3,gene_inferred,ICAM1,66.58,26,17014439|25003170
Asthma,kaempferol,C006552,520-18-3,gene_inferred,IL10,66.58,26,29317916
Asthma,kaempferol,C006552,520-18-3,gene_inferred,IL1B,66.58,26,9176529
Asthma,kaempferol,C006552,520-18-3,gene_inferred,IL33,66.58,26,19198610|21804549|24241537|27472835|29067999
Asthma,kaempferol,C006552,520-18-3,gene_inferred,IL4,66.58,26,18357729|33861987
Asthma,kaempferol,C006552,520-18-3,gene_inferred,IL5,66.58,26,23266719|7540862
Asthma,kaempferol,C006552,520-18-3,gene_inferred,IL6,66.58,26,29902480
Asthma,kaempferol,C006552,520-18-3,gene_inferred,MMP9,66.58,26,11742282|15131573
Asthma,kaempferol,C006552,520-18-3,gene_inferred,NOS2,66.58,26,19800904
Asthma,kaempferol,C006552,520-18-3,gene_inferred,NQO1,66.58,26,20049212
Asthma,kaempferol,C006552,520-18-3,gene_inferred,PARP1,66.58,26,18261157
Asthma,kaempferol,C006552,520-18-3,gene_inferred,SOD1,66.58,26,22867017
Asthma,kaempferol,C006552,520-18-3,gene_inferred,SOD2,66.58,26,28208751
Asthma,kaempferol,C006552,520-18-3,gene_inferred,TGFB1,66.58,26,16365456|19138248
Asthma,kaempferol,C006552,520-18-3,gene_inferred,TNF,66.58,26,12356572|14681301|16456144|17450233|20049212|25960783
Asthma,kaempferol,C006552,520-18-3,gene_inferred,TSLP,66.58,26,21804549
Asthma,kaempferol,C006552,520-18-3,gene_inferred,VEGFA,66.58,26,11907124|15201500|19263519
Asthma,Acetylcysteine,D000111,616-91-1,gene_inferred,ALDH2,66.49,45,11506308|9600491
Asthma,Acetylcysteine,D000111,616-91-1,gene_inferred,BCL2,66.49,45,18357729
Asthma,Acetylcysteine,D000111,616-91-1,gene_inferred,BGLAP,66.49,45,8429434
Asthma,Acetylcysteine,D000111,616-91-1,gene_inferred,CAT,66.49,45,18048809
Asthma,Acetylcysteine,D000111,616-91-1,gene_inferred,CCL11,66.49,45,
Asthma,Acetylcysteine,D000111,616-91-1,gene_inferred,CCL2,66.49,45,19373627
Asthma,Acetylcysteine,D000111,616-91-1,gene_inferred,CCL5,66.49,45,8534483
Asthma,Acetylcysteine,D000111,616-91-1,gene_inferred,CD14,66.49,45,17607003
Asthma,Acetylcysteine,D000111,616-91-1,gene_inferred,CYP2E1,66.49,45,28807506
Asthma,Acetylcysteine,D000111,616-91-1,gene_inferred,DNMT1,66.49,45,23423710
Asthma,Acetylcysteine,D000111,616-91-1,gene_inferred,EDN1,66.49,45,16981460
Asthma,Acetylcysteine,D000111,616-91-1,gene_inferred,FOXP3,66.49,45,27965764|29317916
Asthma,Acetylcysteine,D000111,616-91-1,gene_inferred,GSTM1,66.49,45,16870661|18988661
Asthma,Acetylcysteine,D000111,616-91-1,gene_inferred,GSTP1,66.49,45,11994713|16870661|18988661|24117884|29411558
Asthma,Acetylcysteine,D000111,616-91-1,gene_inferred,HMOX1,66.49,45,18048809
Asthma,Acetylcysteine,D000111,616-91-1,gene_inferred,HSD11B2,66.49,45,11932298
Asthma,Acetylcysteine,D000111,616-91-1,gene_inferred,ICAM1,66.49,45,17014439|25003170
Asthma,Acetylcysteine,D000111,616-91-1,gene_inferred,IL10,66.49,45,29317916
Asthma,Acetylcysteine,D000111,616-91-1,gene_inferred,IL13,66.49,45,22867017
Asthma,Acetylcysteine,D000111,616-91-1,gene_inferred,IL1B,66.49,45,9176529
Asthma,Acetylcysteine,D000111,616-91-1,gene_inferred,IL33,66.49,45,19198610|21804549|24241537|27472835|29067999
Asthma,Acetylcysteine,D000111,616-91-1,gene_inferred,IL4,66.49,45,18357729|33861987
Asthma,Acetylcysteine,D000111,616-91-1,gene_inferred,IL4R,66.49,45,25867440|33861987|36910341
Asthma,Acetylcysteine,D000111,616-91-1,gene_inferred,IL5,66.49,45,23266719|7540862
Asthma,Acetylcysteine,D000111,616-91-1,gene_inferred,IL6,66.49,45,29902480
Asthma,Acetylcysteine,D000111,616-91-1,gene_inferred,MMP1,66.49,45,24469321
Asthma,Acetylcysteine,D000111,616-91-1,gene_inferred,MMP10,66.49,45,16926187
Asthma,Acetylcysteine,D000111,616-91-1,gene_inferred,MMP9,66.49,45,11742282|15131573
Asthma,Acetylcysteine,D000111,616-91-1,gene_inferred,NOS2,66.49,45,19800904
Asthma,Acetylcysteine,D000111,616-91-1,gene_inferred,NPY,66.49,45,9731035
Asthma,Acetylcysteine,D000111,616-91-1,gene_inferred,NQO1,66.49,45,20049212
Asthma,Acetylcysteine,D000111,616-91-1,gene_inferred,ORMDL3,66.49,45,21150878|25256354
Asthma,Acetylcysteine,D000111,616-91-1,gene_inferred,PARP1,66.49,45,18261157
Asthma,Acetylcysteine,D000111,616-91-1,gene_inferred,PLAU,66.49,45,21912604
Asthma,Acetylcysteine,D000111,616-91-1,gene_inferred,PPP2CA,66.49,45,22205926
Asthma,Acetylcysteine,D000111,616-91-1,gene_inferred,PTEN,66.49,45,17982072
Asthma,Acetylcysteine,D000111,616-91-1,gene_inferred,SOD1,66.49,45,22867017
Asthma,Acetylcysteine,D000111,616-91-1,gene_inferred,SOD2,66.49,45,28208751
Asthma,Acetylcysteine,D000111,616-91-1,gene_inferred,TGFB1,66.49,45,16365456|19138248
Asthma,Acetylcysteine,D000111,616-91-1,gene_inferred,TIMP3,66.49,45,16926187
Asthma,Acetylcysteine,D000111,616-91-1,gene_inferred,TNC,66.49,45,16115819
Asthma,Acetylcysteine,D000111,616-91-1,gene_inferred,TNF,66.49,45,12356572|14681301|16456144|17450233|20049212|25960783
Asthma,Acetylcysteine,D000111,616-91-1,gene_inferred,TRPA1,66.49,45,19458046
Asthma,Acetylcysteine,D000111,616-91-1,gene_inferred,TSLP,66.49,45,21804549
Asthma,Acetylcysteine,D000111,616-91-1,gene_inferred,VEGFA,66.49,45,11907124|15201500|19263519
Asthma,2-(2-amino-3-methoxyphenyl)-4H-1-benzopyran-4-one,C093973,,gene_inferred,ALOX5,66.27,32,
Asthma,2-(2-amino-3-methoxyphenyl)-4H-1-benzopyran-4-one,C093973,,gene_inferred,AREG,66.27,32,15696081
Asthma,2-(2-amino-3-methoxyphenyl)-4H-1-benzopyran-4-one,C093973,,gene_inferred,BCL2,66.27,32,18357729
Asthma,2-(2-amino-3-methoxyphenyl)-4H-1-benzopyran-4-one,C093973,,gene_inferred,BGLAP,66.27,32,8429434
Asthma,2-(2-amino-3-methoxyphenyl)-4H-1-benzopyran-4-one,C093973,,gene_inferred,CAT,66.27,32,18048809
Asthma,2-(2-amino-3-methoxyphenyl)-4H-1-benzopyran-4-one,C093973,,gene_inferred,CCL2,66.27,32,19373627
Asthma,2-(2-amino-3-methoxyphenyl)-4H-1-benzopyran-4-one,C093973,,gene_inferred,CCL5,66.27,32,8534483
Asthma,2-(2-amino-3-methoxyphenyl)-4H-1-benzopyran-4-one,C093973,,gene_inferred,CD14,66.27,32,17607003
Asthma,2-(2-amino-3-methoxyphenyl)-4H-1-benzopyran-4-one,C093973,,gene_inferred,CXCL14,66.27,32,21150878
Asthma,2-(2-amino-3-methoxyphenyl)-4H-1-benzopyran-4-one,C093973,,gene_inferred,CYP2E1,66.27,32,28807506
Asthma,2-(2-amino-3-methoxyphenyl)-4H-1-benzopyran-4-one,C093973,,gene_inferred,DNMT1,66.27,32,23423710
Asthma,2-(2-amino-3-methoxyphenyl)-4H-1-benzopyran-4-one,C093973,,gene_inferred,EDN1,66.27,32,16981460
Asthma,2-(2-amino-3-methoxyphenyl)-4H-1-benzopyran-4-one,C093973,,gene_inferred,GSTP1,66.27,32,11994713|16870661|18988661|24117884|29411558
Asthma,2-(2-amino-3-methoxyphenyl)-4H-1-benzopyran-4-one,C093973,,gene_inferred,HMOX1,66.27,32,18048809
Asthma,2-(2-amino-3-methoxyphenyl)-4H-1-benzopyran-4-one,C093973,,gene_inferred,ICAM1,66.27,32,17014439|25003170
Asthma,2-(2-amino-3-methoxyphenyl)-4H-1-benzopyran-4-one,C093973,,gene_inferred,IL10,66.27,32,29317916
Asthma,2-(2-amino-3-methoxyphenyl)-4H-1-benzopyran-4-one,C093973,,gene_inferred,IL1B,66.27,32,9176529
Asthma,2-(2-amino-3-methoxyphenyl)-4H-1-benzopyran-4-one,C093973,,gene_inferred,IL4,66.27,32,18357729|33861987
Asthma,2-(2-amino-3-methoxyphenyl)-4H-1-benzopyran-4-one,C093973,,gene_inferred,IL6,66.27,32,29902480
Asthma,2-(2-amino-3-methoxyphenyl)-4H-1-benzopyran-4-one,C093973,,gene_inferred,MMP1,66.27,32,24469321
Asthma,2-(2-amino-3-methoxyphenyl)-4H-1-benzopyran-4-one,C093973,,gene_inferred,MMP9,66.27,32,11742282|15131573
Asthma,2-(2-amino-3-methoxyphenyl)-4H-1-benzopyran-4-one,C093973,,gene_inferred,NOS2,66.27,32,19800904
Asthma,2-(2-amino-3-methoxyphenyl)-4H-1-benzopyran-4-one,C093973,,gene_inferred,NQO1,66.27,32,20049212
Asthma,2-(2-amino-3-methoxyphenyl)-4H-1-benzopyran-4-one,C093973,,gene_inferred,PARP1,66.27,32,18261157
Asthma,2-(2-amino-3-methoxyphenyl)-4H-1-benzopyran-4-one,C093973,,gene_inferred,PLA2G7,66.27,32,10733466
Asthma,2-(2-amino-3-methoxyphenyl)-4H-1-benzopyran-4-one,C093973,,gene_inferred,PLAU,66.27,32,21912604
Asthma,2-(2-amino-3-methoxyphenyl)-4H-1-benzopyran-4-one,C093973,,gene_inferred,PTEN,66.27,32,17982072
Asthma,2-(2-amino-3-methoxyphenyl)-4H-1-benzopyran-4-one,C093973,,gene_inferred,SOD1,66.27,32,22867017
Asthma,2-(2-amino-3-methoxyphenyl)-4H-1-benzopyran-4-one,C093973,,gene_inferred,SOD2,66.27,32,28208751
Asthma,2-(2-amino-3-methoxyphenyl)-4H-1-benzopyran-4-one,C093973,,gene_inferred,TGFB1,66.27,32,16365456|19138248
Asthma,2-(2-amino-3-methoxyphenyl)-4H-1-benzopyran-4-one,C093973,,gene_inferred,TNF,66.27,32,12356572|14681301|16456144|17450233|20049212|25960783
Asthma,2-(2-amino-3-methoxyphenyl)-4H-1-benzopyran-4-one,C093973,,gene_inferred,VEGFA,66.27,32,11907124|15201500|19263519
Asthma,Ovalbumin,D010047,9006-59-1,gene_inferred,ALOX5,65.08,35,
Asthma,Ovalbumin,D010047,9006-59-1,gene_inferred,CAT,65.08,35,18048809
Asthma,Ovalbumin,D010047,9006-59-1,gene_inferred,CCL11,65.08,35,
Asthma,Ovalbumin,D010047,9006-59-1,gene_inferred,CCL2,65.08,35,19373627
Asthma,Ovalbumin,D010047,9006-59-1,gene_inferred,CCL5,65.08,35,8534483
Asthma,Ovalbumin,D010047,9006-59-1,gene_inferred,CD14,65.08,35,17607003
Asthma,Ovalbumin,D010047,9006-59-1,gene_inferred,CTLA4,65.08,35,28807506
Asthma,Ovalbumin,D010047,9006-59-1,gene_inferred,DNMT1,65.08,35,23423710
Asthma,Ovalbumin,D010047,9006-59-1,gene_inferred,FOXP3,65.08,35,27965764|29317916
Asthma,Ovalbumin,D010047,9006-59-1,gene_inferred,HMOX1,65.08,35,18048809
Asthma,Ovalbumin,D010047,9006-59-1,gene_inferred,ICAM1,65.08,35,17014439|25003170
Asthma,Ovalbumin,D010047,9006-59-1,gene_inferred,IKZF3,65.08,35,25256354
Asthma,Ovalbumin,D010047,9006-59-1,gene_inferred,IL10,65.08,35,29317916
Asthma,Ovalbumin,D010047,9006-59-1,gene_inferred,IL13,65.08,35,22867017
Asthma,Ovalbumin,D010047,9006-59-1,gene_inferred,IL1B,65.08,35,9176529
Asthma,Ovalbumin,D010047,9006-59-1,gene_inferred,IL1RL1,65.08,35,19198610|21150878|21804549|24241537|27472835
Asthma,Ovalbumin,D010047,9006-59-1,gene_inferred,IL1RN,65.08,35,9176529
Asthma,Ovalbumin,D010047,9006-59-1,gene_inferred,IL33,65.08,35,19198610|21804549|24241537|27472835|29067999
Asthma,Ovalbumin,D010047,9006-59-1,gene_inferred,IL4,65.08,35,18357729|33861987
Asthma,Ovalbumin,D010047,9006-59-1,gene_inferred,IL5,65.08,35,23266719|7540862
Asthma,Ovalbumin,D010047,9006-59-1,gene_inferred,IL6,65.08,35,29902480
Asthma,Ovalbumin,D010047,9006-59-1,gene_inferred,MMP9,65.08,35,11742282|15131573
Asthma,Ovalbumin,D010047,9006-59-1,gene_inferred,NOS2,65.08,35,19800904
Asthma,Ovalbumin,D010047,9006-59-1,gene_inferred,NQO1,65.08,35,20049212
Asthma,Ovalbumin,D010047,9006-59-1,gene_inferred,ORMDL3,65.08,35,21150878|25256354
Asthma,Ovalbumin,D010047,9006-59-1,gene_inferred,PLAU,65.08,35,21912604
Asthma,Ovalbumin,D010047,9006-59-1,gene_inferred,PTGDR2,65.08,35,27103662
Asthma,Ovalbumin,D010047,9006-59-1,gene_inferred,RNASE3,65.08,35,12153692|12587966|8874658
Asthma,Ovalbumin,D010047,9006-59-1,gene_inferred,SPRR2B,65.08,35,21912604
Asthma,Ovalbumin,D010047,9006-59-1,gene_inferred,STAT4,65.08,35,28807506
Asthma,Ovalbumin,D010047,9006-59-1,gene_inferred,TBX21,65.08,35,15806396
Asthma,Ovalbumin,D010047,9006-59-1,gene_inferred,TGFB1,65.08,35,16365456|19138248
Asthma,Ovalbumin,D010047,9006-59-1,gene_inferred,TNF,65.08,35,12356572|14681301|16456144|17450233|20049212|25960783
Asthma,Ovalbumin,D010047,9006-59-1,gene_inferred,TSLP,65.08,35,21804549
Asthma,Ovalbumin,D010047,9006-59-1,gene_inferred,VEGFA,65.08,35,11907124|15201500|19263519
Asthma,hydroquinone,C031927,123-31-9,gene_inferred,ALDH2,64.20,38,11506308|9600491
Asthma,hydroquinone,C031927,123-31-9,gene_inferred,ARG1,64.20,38,19281908|19800904
Asthma,hydroquinone,C031927,123-31-9,gene_inferred,ARG2,64.20,38,19281908
Asthma,hydroquinone,C031927,123-31-9,gene_inferred,BCL2,64.20,38,18357729
Asthma,hydroquinone,C031927,123-31-9,gene_inferred,CAT,64.20,38,18048809
Asthma,hydroquinone,C031927,123-31-9,gene_inferred,CCL11,64.20,38,
Asthma,hydroquinone,C031927,123-31-9,gene_inferred,CCL2,64.20,38,19373627
Asthma,hydroquinone,C031927,123-31-9,gene_inferred,CCL5,64.20,38,8534483
Asthma,hydroquinone,C031927,123-31-9,gene_inferred,CYP2E1,64.20,38,28807506
Asthma,hydroquinone,C031927,123-31-9,gene_inferred,DNMT1,64.20,38,23423710
Asthma,hydroquinone,C031927,123-31-9,gene_inferred,EDN1,64.20,38,16981460
Asthma,hydroquinone,C031927,123-31-9,gene_inferred,GSTM1,64.20,38,16870661|18988661
Asthma,hydroquinone,C031927,123-31-9,gene_inferred,GSTP1,64.20,38,11994713|16870661|18988661|24117884|29411558
Asthma,hydroquinone,C031927,123-31-9,gene_inferred,HMOX1,64.20,38,18048809
Asthma,hydroquinone,C031927,123-31-9,gene_inferred,IL10,64.20,38,29317916
Asthma,hydroquinone,C031927,123-31-9,gene_inferred,IL1B,64.20,38,9176529
Asthma,hydroquinone,C031927,123-31-9,gene_inferred,IL1RN,64.20,38,9176529
Asthma,hydroquinone,C031927,123-31-9,gene_inferred,IL33,64.20,38,19198610|21804549|24241537|27472835|29067999
Asthma,hydroquinone,C031927,123-31-9,gene_inferred,IL4,64.20,38,18357729|33861987
Asthma,hydroquinone,C031927,123-31-9,gene_inferred,IL6,64.20,38,29902480
Asthma,hydroquinone,C031927,123-31-9,gene_inferred,KRT19,64.20,38,15478392
Asthma,hydroquinone,C031927,123-31-9,gene_inferred,MMP1,64.20,38,24469321
Asthma,hydroquinone,C031927,123-31-9,gene_inferred,MMP9,64.20,38,11742282|15131573
Asthma,hydroquinone,C031927,123-31-9,gene_inferred,MYB,64.20,38,19198610
Asthma,hydroquinone,C031927,123-31-9,gene_inferred,NOS2,64.20,38,19800904
Asthma,hydroquinone,C031927,123-31-9,gene_inferred,NQO1,64.20,38,20049212
Asthma,hydroquinone,C031927,123-31-9,gene_inferred,PARP1,64.20,38,18261157
Asthma,hydroquinone,C031927,123-31-9,gene_inferred,PDE4B,64.20,38,21912604
Asthma,hydroquinone,C031927,123-31-9,gene_inferred,PPP2CA,64.20,38,22205926
Asthma,hydroquinone,C031927,123-31-9,gene_inferred,PYHIN1,64.20,38,21804549
Asthma,hydroquinone,C031927,123-31-9,gene_inferred,SOD1,64.20,38,22867017
Asthma,hydroquinone,C031927,123-31-9,gene_inferred,SOD2,64.20,38,28208751
Asthma,hydroquinone,C031927,123-31-9,gene_inferred,SPRR2B,64.20,38,21912604
Asthma,hydroquinone,C031927,123-31-9,gene_inferred,TIMP3,64.20,38,16926187
Asthma,hydroquinone,C031927,123-31-9,gene_inferred,TNF,64.20,38,12356572|14681301|16456144|17450233|20049212|25960783
Asthma,hydroquinone,C031927,123-31-9,gene_inferred,TRPA1,64.20,38,19458046
Asthma,hydroquinone,C031927,123-31-9,gene_inferred,TSLP,64.20,38,21804549
Asthma,hydroquinone,C031927,123-31-9,gene_inferred,VEGFA,64.20,38,11907124|15201500|19263519
Asthma,BAY 11-7085,C416282,,gene_inferred,BCL2,63.27,17,18357729
Asthma,BAY 11-7085,C416282,,gene_inferred,CCL11,63.27,17,
Asthma,BAY 11-7085,C416282,,gene_inferred,CCL2,63.27,17,19373627
Asthma,BAY 11-7085,C416282,,gene_inferred,CCL5,63.27,17,8534483
Asthma,BAY 11-7085,C416282,,gene_inferred,CD14,63.27,17,17607003
Asthma,BAY 11-7085,C416282,,gene_inferred,ICAM1,63.27,17,17014439|25003170
Asthma,BAY 11-7085,C416282,,gene_inferred,IL13,63.27,17,22867017
Asthma,BAY 11-7085,C416282,,gene_inferred,IL1B,63.27,17,9176529
Asthma,BAY 11-7085,C416282,,gene_inferred,IL4,63.27,17,18357729|33861987
Asthma,BAY 11-7085,C416282,,gene_inferred,IL5,63.27,17,23266719|7540862
Asthma,BAY 11-7085,C416282,,gene_inferred,IL6,63.27,17,29902480
Asthma,BAY 11-7085,C416282,,gene_inferred,MMP9,63.27,17,11742282|15131573
Asthma,BAY 11-7085,C416282,,gene_inferred,NQO1,63.27,17,20049212
Asthma,BAY 11-7085,C416282,,gene_inferred,PARP1,63.27,17,18261157
Asthma,BAY 11-7085,C416282,,gene_inferred,TGFB1,63.27,17,16365456|19138248
Asthma,BAY 11-7085,C416282,,gene_inferred,TNF,63.27,17,12356572|14681301|16456144|17450233|20049212|25960783
Asthma,BAY 11-7085,C416282,,gene_inferred,VEGFA,63.27,17,11907124|15201500|19263519
Asthma,Nitrogen Dioxide,D009585,10102-44-0,gene_inferred,CAT,62.49,26,18048809
Asthma,Nitrogen Dioxide,D009585,10102-44-0,gene_inferred,CCL11,62.49,26,
Asthma,Nitrogen Dioxide,D009585,10102-44-0,gene_inferred,CCL2,62.49,26,19373627
Asthma,Nitrogen Dioxide,D009585,10102-44-0,gene_inferred,CCL5,62.49,26,8534483
Asthma,Nitrogen Dioxide,D009585,10102-44-0,gene_inferred,EDN1,62.49,26,16981460
Asthma,Nitrogen Dioxide,D009585,10102-44-0,gene_inferred,FOXP3,62.49,26,27965764|29317916
Asthma,Nitrogen Dioxide,D009585,10102-44-0,gene_inferred,GSTM1,62.49,26,16870661|18988661
Asthma,Nitrogen Dioxide,D009585,10102-44-0,gene_inferred,GSTP1,62.49,26,11994713|16870661|18988661|24117884|29411558
Asthma,Nitrogen Dioxide,D009585,10102-44-0,gene_inferred,HLA-DPB1,62.49,26,16792590|17956852
Asthma,Nitrogen Dioxide,D009585,10102-44-0,gene_inferred,HMOX1,62.49,26,18048809
Asthma,Nitrogen Dioxide,D009585,10102-44-0,gene_inferred,HNMT,62.49,26,17651147
Asthma,Nitrogen Dioxide,D009585,10102-44-0,gene_inferred,ICAM1,62.49,26,17014439|25003170
Asthma,Nitrogen Dioxide,D009585,10102-44-0,gene_inferred,IL10,62.49,26,29317916
Asthma,Nitrogen Dioxide,D009585,10102-44-0,gene_inferred,IL13,62.49,26,22867017
Asthma,Nitrogen Dioxide,D009585,10102-44-0,gene_inferred,IL1B,62.49,26,9176529
Asthma,Nitrogen Dioxide,D009585,10102-44-0,gene_inferred,IL4,62.49,26,18357729|33861987
Asthma,Nitrogen Dioxide,D009585,10102-44-0,gene_inferred,IL6,62.49,26,29902480
Asthma,Nitrogen Dioxide,D009585,10102-44-0,gene_inferred,MMP9,62.49,26,11742282|15131573
Asthma,Nitrogen Dioxide,D009585,10102-44-0,gene_inferred,NOS2,62.49,26,19800904
Asthma,Nitrogen Dioxide,D009585,10102-44-0,gene_inferred,NQO1,62.49,26,20049212
Asthma,Nitrogen Dioxide,D009585,10102-44-0,gene_inferred,OVAL,62.49,26,22733167|24950052|25739523|26549244|28529457
Asthma,Nitrogen Dioxide,D009585,10102-44-0,gene_inferred,PLA2G7,62.49,26,10733466
Asthma,Nitrogen Dioxide,D009585,10102-44-0,gene_inferred,SOD1,62.49,26,22867017
Asthma,Nitrogen Dioxide,D009585,10102-44-0,gene_inferred,SOD2,62.49,26,28208751
Asthma,Nitrogen Dioxide,D009585,10102-44-0,gene_inferred,TGFB1,62.49,26,16365456|19138248
Asthma,Nitrogen Dioxide,D009585,10102-44-0,gene_inferred,TNF,62.49,26,12356572|14681301|16456144|17450233|20049212|25960783
Asthma,"lipopolysaccharide, E. coli O26-B6",C433788,,gene_inferred,ALDH2,62.12,23,11506308|9600491
Asthma,"lipopolysaccharide, E. coli O26-B6",C433788,,gene_inferred,ALOX5,62.12,23,
Asthma,"lipopolysaccharide, E. coli O26-B6",C433788,,gene_inferred,BCL2,62.12,23,18357729
Asthma,"lipopolysaccharide, E. coli O26-B6",C433788,,gene_inferred,CAT,62.12,23,18048809
Asthma,"lipopolysaccharide, E. coli O26-B6",C433788,,gene_inferred,CCL2,62.12,23,19373627
Asthma,"lipopolysaccharide, E. coli O26-B6",C433788,,gene_inferred,CCL5,62.12,23,8534483
Asthma,"lipopolysaccharide, E. coli O26-B6",C433788,,gene_inferred,CXCL14,62.12,23,21150878
Asthma,"lipopolysaccharide, E. coli O26-B6",C433788,,gene_inferred,EDN1,62.12,23,16981460
Asthma,"lipopolysaccharide, E. coli O26-B6",C433788,,gene_inferred,HMOX1,62.12,23,18048809
Asthma,"lipopolysaccharide, E. coli O26-B6",C433788,,gene_inferred,ICAM1,62.12,23,17014439|25003170
Asthma,"lipopolysaccharide, E. coli O26-B6",C433788,,gene_inferred,IL10,62.12,23,29317916
Asthma,"lipopolysaccharide, E. coli O26-B6",C433788,,gene_inferred,IL1B,62.12,23,9176529
Asthma,"lipopolysaccharide, E. coli O26-B6",C433788,,gene_inferred,IL1RN,62.12,23,9176529
Asthma,"lipopolysaccharide, E. coli O26-B6",C433788,,gene_inferred,IL6,62.12,23,29902480
Asthma,"lipopolysaccharide, E. coli O26-B6",C433788,,gene_inferred,MMP1,62.12,23,24469321
Asthma,"lipopolysaccharide, E. coli O26-B6",C433788,,gene_inferred,MMP9,62.12,23,11742282|15131573
Asthma,"lipopolysaccharide, E. coli O26-B6",C433788,,gene_inferred,NOS2,62.12,23,19800904
Asthma,"lipopolysaccharide, E. coli O26-B6",C433788,,gene_inferred,NQO1,62.12,23,20049212
Asthma,"lipopolysaccharide, E. coli O26-B6",C433788,,gene_inferred,PARP1,62.12,23,18261157
Asthma,"lipopolysaccharide, E. coli O26-B6",C433788,,gene_inferred,SOD2,62.12,23,28208751
Asthma,"lipopolysaccharide, E. coli O26-B6",C433788,,gene_inferred,TGFB1,62.12,23,16365456|19138248
Asthma,"lipopolysaccharide, E. coli O26-B6",C433788,,gene_inferred,TIMP3,62.12,23,16926187
Asthma,"lipopolysaccharide, E. coli O26-B6",C433788,,gene_inferred,TNF,62.12,23,12356572|14681301|16456144|17450233|20049212|25960783
Asthma,"Drugs, Chinese Herbal",D004365,,gene_inferred,AGER,61.25,38,33075463
Asthma,"Drugs, Chinese Herbal",D004365,,gene_inferred,ALOX5,61.25,38,
Asthma,"Drugs, Chinese Herbal",D004365,,gene_inferred,AREG,61.25,38,15696081
Asthma,"Drugs, Chinese Herbal",D004365,,gene_inferred,ARG1,61.25,38,19281908|19800904
Asthma,"Drugs, Chinese Herbal",D004365,,gene_inferred,ARG2,61.25,38,19281908
Asthma,"Drugs, Chinese Herbal",D004365,,gene_inferred,BCL2,61.25,38,18357729
Asthma,"Drugs, Chinese Herbal",D004365,,gene_inferred,CAT,61.25,38,18048809
Asthma,"Drugs, Chinese Herbal",D004365,,gene_inferred,CCL11,61.25,38,
Asthma,"Drugs, Chinese Herbal",D004365,,gene_inferred,CCL2,61.25,38,19373627
Asthma,"Drugs, Chinese Herbal",D004365,,gene_inferred,CCL5,61.25,38,8534483
Asthma,"Drugs, Chinese Herbal",D004365,,gene_inferred,CD14,61.25,38,17607003
Asthma,"Drugs, Chinese Herbal",D004365,,gene_inferred,CYP2E1,61.25,38,28807506
Asthma,"Drugs, Chinese Herbal",D004365,,gene_inferred,DNMT1,61.25,38,23423710
Asthma,"Drugs, Chinese Herbal",D004365,,gene_inferred,EDN1,61.25,38,16981460
Asthma,"Drugs, Chinese Herbal",D004365,,gene_inferred,HMOX1,61.25,38,18048809
Asthma,"Drugs, Chinese Herbal",D004365,,gene_inferred,ICAM1,61.25,38,17014439|25003170
Asthma,"Drugs, Chinese Herbal",D004365,,gene_inferred,IL10,61.25,38,29317916
Asthma,"Drugs, Chinese Herbal",D004365,,gene_inferred,IL13,61.25,38,22867017
Asthma,"Drugs, Chinese Herbal",D004365,,gene_inferred,IL1B,61.25,38,9176529
Asthma,"Drugs, Chinese Herbal",D004365,,gene_inferred,IL1RL1,61.25,38,19198610|21150878|21804549|24241537|27472835
Asthma,"Drugs, Chinese Herbal",D004365,,gene_inferred,IL4,61.25,38,18357729|33861987
Asthma,"Drugs, Chinese Herbal",D004365,,gene_inferred,IL5,61.25,38,23266719|7540862
Asthma,"Drugs, Chinese Herbal",D004365,,gene_inferred,IL6,61.25,38,29902480
Asthma,"Drugs, Chinese Herbal",D004365,,gene_inferred,IL6R,61.25,38,29902480
Asthma,"Drugs, Chinese Herbal",D004365,,gene_inferred,KRT19,61.25,38,15478392
Asthma,"Drugs, Chinese Herbal",D004365,,gene_inferred,MMP1,61.25,38,24469321
Asthma,"Drugs, Chinese Herbal",D004365,,gene_inferred,MMP10,61.25,38,16926187
Asthma,"Drugs, Chinese Herbal",D004365,,gene_inferred,MMP9,61.25,38,11742282|15131573
Asthma,"Drugs, Chinese Herbal",D004365,,gene_inferred,NOS2,61.25,38,19800904
Asthma,"Drugs, Chinese Herbal",D004365,,gene_inferred,NQO1,61.25,38,20049212
Asthma,"Drugs, Chinese Herbal",D004365,,gene_inferred,PARP1,61.25,38,18261157
Asthma,"Drugs, Chinese Herbal",D004365,,gene_inferred,PPP2CA,61.25,38,22205926
Asthma,"Drugs, Chinese Herbal",D004365,,gene_inferred,PTGDR2,61.25,38,27103662
Asthma,"Drugs, Chinese Herbal",D004365,,gene_inferred,SOD1,61.25,38,22867017
Asthma,"Drugs, Chinese Herbal",D004365,,gene_inferred,SOD2,61.25,38,28208751
Asthma,"Drugs, Chinese Herbal",D004365,,gene_inferred,TGFB1,61.25,38,16365456|19138248
Asthma,"Drugs, Chinese Herbal",D004365,,gene_inferred,TNF,61.25,38,12356572|14681301|16456144|17450233|20049212|25960783
Asthma,"Drugs, Chinese Herbal",D004365,,gene_inferred,VEGFA,61.25,38,11907124|15201500|19263519
Asthma,2-tert-butylhydroquinone,C018855,1948-33-0,gene_inferred,BCL2,60.49,24,18357729
Asthma,2-tert-butylhydroquinone,C018855,1948-33-0,gene_inferred,CAT,60.49,24,18048809
Asthma,2-tert-butylhydroquinone,C018855,1948-33-0,gene_inferred,CCL2,60.49,24,19373627
Asthma,2-tert-butylhydroquinone,C018855,1948-33-0,gene_inferred,CCL5,60.49,24,8534483
Asthma,2-tert-butylhydroquinone,C018855,1948-33-0,gene_inferred,EDN1,60.49,24,16981460
Asthma,2-tert-butylhydroquinone,C018855,1948-33-0,gene_inferred,GSTM1,60.49,24,16870661|18988661
Asthma,2-tert-butylhydroquinone,C018855,1948-33-0,gene_inferred,GSTP1,60.49,24,11994713|16870661|18988661|24117884|29411558
Asthma,2-tert-butylhydroquinone,C018855,1948-33-0,gene_inferred,HMOX1,60.49,24,18048809
Asthma,2-tert-butylhydroquinone,C018855,1948-33-0,gene_inferred,ICAM1,60.49,24,17014439|25003170
Asthma,2-tert-butylhydroquinone,C018855,1948-33-0,gene_inferred,IL10,60.49,24,29317916
Asthma,2-tert-butylhydroquinone,C018855,1948-33-0,gene_inferred,IL13,60.49,24,22867017
Asthma,2-tert-butylhydroquinone,C018855,1948-33-0,gene_inferred,IL1B,60.49,24,9176529
Asthma,2-tert-butylhydroquinone,C018855,1948-33-0,gene_inferred,IL4,60.49,24,18357729|33861987
Asthma,2-tert-butylhydroquinone,C018855,1948-33-0,gene_inferred,IL5,60.49,24,23266719|7540862
Asthma,2-tert-butylhydroquinone,C018855,1948-33-0,gene_inferred,IL6,60.49,24,29902480
Asthma,2-tert-butylhydroquinone,C018855,1948-33-0,gene_inferred,NOS2,60.49,24,19800904
Asthma,2-tert-butylhydroquinone,C018855,1948-33-0,gene_inferred,NQO1,60.49,24,20049212
Asthma,2-tert-butylhydroquinone,C018855,1948-33-0,gene_inferred,PARP1,60.49,24,18261157
Asthma,2-tert-butylhydroquinone,C018855,1948-33-0,gene_inferred,PTEN,60.49,24,17982072
Asthma,2-tert-butylhydroquinone,C018855,1948-33-0,gene_inferred,SOD1,60.49,24,22867017
Asthma,2-tert-butylhydroquinone,C018855,1948-33-0,gene_inferred,SOD2,60.49,24,28208751
Asthma,2-tert-butylhydroquinone,C018855,1948-33-0,gene_inferred,TBX21,60.49,24,15806396
Asthma,2-tert-butylhydroquinone,C018855,1948-33-0,gene_inferred,TNF,60.49,24,12356572|14681301|16456144|17450233|20049212|25960783
Asthma,2-tert-butylhydroquinone,C018855,1948-33-0,gene_inferred,VEGFA,60.49,24,11907124|15201500|19263519
Asthma,"Toluene 2,4-Diisocyanate",D014051,584-84-9,gene_inferred,AGER,60.47,26,33075463
Asthma,"Toluene 2,4-Diisocyanate",D014051,584-84-9,gene_inferred,CCL11,60.47,26,
Asthma,"Toluene 2,4-Diisocyanate",D014051,584-84-9,gene_inferred,CCL2,60.47,26,19373627
Asthma,"Toluene 2,4-Diisocyanate",D014051,584-84-9,gene_inferred,CCL5,60.47,26,8534483
Asthma,"Toluene 2,4-Diisocyanate",D014051,584-84-9,gene_inferred,CTLA4,60.47,26,28807506
Asthma,"Toluene 2,4-Diisocyanate",D014051,584-84-9,gene_inferred,GSTM1,60.47,26,16870661|18988661
Asthma,"Toluene 2,4-Diisocyanate",D014051,584-84-9,gene_inferred,GSTP1,60.47,26,11994713|16870661|18988661|24117884|29411558
Asthma,"Toluene 2,4-Diisocyanate",D014051,584-84-9,gene_inferred,HLA-DQB1,60.47,26,10792356
Asthma,"Toluene 2,4-Diisocyanate",D014051,584-84-9,gene_inferred,ICAM1,60.47,26,17014439|25003170
Asthma,"Toluene 2,4-Diisocyanate",D014051,584-84-9,gene_inferred,IL10,60.47,26,29317916
Asthma,"Toluene 2,4-Diisocyanate",D014051,584-84-9,gene_inferred,IL13,60.47,26,22867017
Asthma,"Toluene 2,4-Diisocyanate",D014051,584-84-9,gene_inferred,IL1B,60.47,26,9176529
Asthma,"Toluene 2,4-Diisocyanate",D014051,584-84-9,gene_inferred,IL1RL1,60.47,26,19198610|21150878|21804549|24241537|27472835
Asthma,"Toluene 2,4-Diisocyanate",D014051,584-84-9,gene_inferred,IL33,60.47,26,19198610|21804549|24241537|27472835|29067999
Asthma,"Toluene 2,4-Diisocyanate",D014051,584-84-9,gene_inferred,IL4,60.47,26,18357729|33861987
Asthma,"Toluene 2,4-Diisocyanate",D014051,584-84-9,gene_inferred,IL5,60.47,26,23266719|7540862
Asthma,"Toluene 2,4-Diisocyanate",D014051,584-84-9,gene_inferred,IL6,60.47,26,29902480
Asthma,"Toluene 2,4-Diisocyanate",D014051,584-84-9,gene_inferred,KRT19,60.47,26,15478392
Asthma,"Toluene 2,4-Diisocyanate",D014051,584-84-9,gene_inferred,MMP9,60.47,26,11742282|15131573
Asthma,"Toluene 2,4-Diisocyanate",D014051,584-84-9,gene_inferred,NAT1,60.47,26,31809667
Asthma,"Toluene 2,4-Diisocyanate",D014051,584-84-9,gene_inferred,NOS2,60.47,26,19800904
Asthma,"Toluene 2,4-Diisocyanate",D014051,584-84-9,gene_inferred,PTEN,60.47,26,17982072
Asthma,"Toluene 2,4-Diisocyanate",D014051,584-84-9,gene_inferred,TGFB1,60.47,26,16365456|19138248
Asthma,"Toluene 2,4-Diisocyanate",D014051,584-84-9,gene_inferred,TNF,60.47,26,12356572|14681301|16456144|17450233|20049212|25960783
Asthma,"Toluene 2,4-Diisocyanate",D014051,584-84-9,gene_inferred,TSLP,60.47,26,21804549
Asthma,"Toluene 2,4-Diisocyanate",D014051,584-84-9,gene_inferred,VEGFA,60.47,26,11907124|15201500|19263519
Asthma,pyrrolidine dithiocarbamic acid,C020972,25769-03-3,gene_inferred,ALDH2,58.45,25,11506308|9600491
Asthma,pyrrolidine dithiocarbamic acid,C020972,25769-03-3,gene_inferred,BCL2,58.45,25,18357729
Asthma,pyrrolidine dithiocarbamic acid,C020972,25769-03-3,gene_inferred,BGLAP,58.45,25,8429434
Asthma,pyrrolidine dithiocarbamic acid,C020972,25769-03-3,gene_inferred,CCL2,58.45,25,19373627
Asthma,pyrrolidine dithiocarbamic acid,C020972,25769-03-3,gene_inferred,CCL5,58.45,25,8534483
Asthma,pyrrolidine dithiocarbamic acid,C020972,25769-03-3,gene_inferred,CD14,58.45,25,17607003
Asthma,pyrrolidine dithiocarbamic acid,C020972,25769-03-3,gene_inferred,CYP2E1,58.45,25,28807506
Asthma,pyrrolidine dithiocarbamic acid,C020972,25769-03-3,gene_inferred,HMOX1,58.45,25,18048809
Asthma,pyrrolidine dithiocarbamic acid,C020972,25769-03-3,gene_inferred,HSD11B2,58.45,25,11932298
Asthma,pyrrolidine dithiocarbamic acid,C020972,25769-03-3,gene_inferred,ICAM1,58.45,25,17014439|25003170
Asthma,pyrrolidine dithiocarbamic acid,C020972,25769-03-3,gene_inferred,IL10,58.45,25,29317916
Asthma,pyrrolidine dithiocarbamic acid,C020972,25769-03-3,gene_inferred,IL1B,58.45,25,9176529
Asthma,pyrrolidine dithiocarbamic acid,C020972,25769-03-3,gene_inferred,IL4,58.45,25,18357729|33861987
Asthma,pyrrolidine dithiocarbamic acid,C020972,25769-03-3,gene_inferred,IL5,58.45,25,23266719|7540862
Asthma,pyrrolidine dithiocarbamic acid,C020972,25769-03-3,gene_inferred,IL6,58.45,25,29902480
Asthma,pyrrolidine dithiocarbamic acid,C020972,25769-03-3,gene_inferred,MMP1,58.45,25,24469321
Asthma,pyrrolidine dithiocarbamic acid,C020972,25769-03-3,gene_inferred,MMP9,58.45,25,11742282|15131573
Asthma,pyrrolidine dithiocarbamic acid,C020972,25769-03-3,gene_inferred,NOS2,58.45,25,19800904
Asthma,pyrrolidine dithiocarbamic acid,C020972,25769-03-3,gene_inferred,PLAU,58.45,25,21912604
Asthma,pyrrolidine dithiocarbamic acid,C020972,25769-03-3,gene_inferred,SOD1,58.45,25,22867017
Asthma,pyrrolidine dithiocarbamic acid,C020972,25769-03-3,gene_inferred,SOD2,58.45,25,28208751
Asthma,pyrrolidine dithiocarbamic acid,C020972,25769-03-3,gene_inferred,TGFB1,58.45,25,16365456|19138248
Asthma,pyrrolidine dithiocarbamic acid,C020972,25769-03-3,gene_inferred,TNF,58.45,25,12356572|14681301|16456144|17450233|20049212|25960783
Asthma,pyrrolidine dithiocarbamic acid,C020972,25769-03-3,gene_inferred,TRPA1,58.45,25,19458046
Asthma,pyrrolidine dithiocarbamic acid,C020972,25769-03-3,gene_inferred,TSLP,58.45,25,21804549
Asthma,2-chloro-5-nitrobenzanilide,C457499,,gene_inferred,AGER,58.31,21,33075463
Asthma,2-chloro-5-nitrobenzanilide,C457499,,gene_inferred,ARG1,58.31,21,19281908|19800904
Asthma,2-chloro-5-nitrobenzanilide,C457499,,gene_inferred,BCL2,58.31,21,18357729
Asthma,2-chloro-5-nitrobenzanilide,C457499,,gene_inferred,CCL2,58.31,21,19373627
Asthma,2-chloro-5-nitrobenzanilide,C457499,,gene_inferred,HMOX1,58.31,21,18048809
Asthma,2-chloro-5-nitrobenzanilide,C457499,,gene_inferred,HSD11B2,58.31,21,11932298
Asthma,2-chloro-5-nitrobenzanilide,C457499,,gene_inferred,ICAM1,58.31,21,17014439|25003170
Asthma,2-chloro-5-nitrobenzanilide,C457499,,gene_inferred,IL10,58.31,21,29317916
Asthma,2-chloro-5-nitrobenzanilide,C457499,,gene_inferred,IL1B,58.31,21,9176529
Asthma,2-chloro-5-nitrobenzanilide,C457499,,gene_inferred,IL4,58.31,21,18357729|33861987
Asthma,2-chloro-5-nitrobenzanilide,C457499,,gene_inferred,IL6,58.31,21,29902480
Asthma,2-chloro-5-nitrobenzanilide,C457499,,gene_inferred,MMP9,58.31,21,11742282|15131573
Asthma,2-chloro-5-nitrobenzanilide,C457499,,gene_inferred,NOS2,58.31,21,19800904
Asthma,2-chloro-5-nitrobenzanilide,C457499,,gene_inferred,NQO1,58.31,21,20049212
Asthma,2-chloro-5-nitrobenzanilide,C457499,,gene_inferred,PARP1,58.31,21,18261157
Asthma,2-chloro-5-nitrobenzanilide,C457499,,gene_inferred,PLAU,58.31,21,21912604
Asthma,2-chloro-5-nitrobenzanilide,C457499,,gene_inferred,PTEN,58.31,21,17982072
Asthma,2-chloro-5-nitrobenzanilide,C457499,,gene_inferred,SOD2,58.31,21,28208751
Asthma,2-chloro-5-nitrobenzanilide,C457499,,gene_inferred,TGFB1,58.31,21,16365456|19138248
Asthma,2-chloro-5-nitrobenzanilide,C457499,,gene_inferred,TNF,58.31,21,12356572|14681301|16456144|17450233|20049212|25960783
Asthma,2-chloro-5-nitrobenzanilide,C457499,,gene_inferred,VEGFA,58.31,21,11907124|15201500|19263519
Asthma,Carbon Monoxide,D002248,630-08-0,gene_inferred,AREG,58.18,21,15696081
Asthma,Carbon Monoxide,D002248,630-08-0,gene_inferred,CAT,58.18,21,18048809
Asthma,Carbon Monoxide,D002248,630-08-0,gene_inferred,CYP2E1,58.18,21,28807506
Asthma,Carbon Monoxide,D002248,630-08-0,gene_inferred,EDN1,58.18,21,16981460
Asthma,Carbon Monoxide,D002248,630-08-0,gene_inferred,FOXP3,58.18,21,27965764|29317916
Asthma,Carbon Monoxide,D002248,630-08-0,gene_inferred,HMOX1,58.18,21,18048809
Asthma,Carbon Monoxide,D002248,630-08-0,gene_inferred,ICAM1,58.18,21,17014439|25003170
Asthma,Carbon Monoxide,D002248,630-08-0,gene_inferred,IL10,58.18,21,29317916
Asthma,Carbon Monoxide,D002248,630-08-0,gene_inferred,IL13,58.18,21,22867017
Asthma,Carbon Monoxide,D002248,630-08-0,gene_inferred,IL1B,58.18,21,9176529
Asthma,Carbon Monoxide,D002248,630-08-0,gene_inferred,IL1RL1,58.18,21,19198610|21150878|21804549|24241537|27472835
Asthma,Carbon Monoxide,D002248,630-08-0,gene_inferred,IL33,58.18,21,19198610|21804549|24241537|27472835|29067999
Asthma,Carbon Monoxide,D002248,630-08-0,gene_inferred,IL4,58.18,21,18357729|33861987
Asthma,Carbon Monoxide,D002248,630-08-0,gene_inferred,IL6,58.18,21,29902480
Asthma,Carbon Monoxide,D002248,630-08-0,gene_inferred,MMP9,58.18,21,11742282|15131573
Asthma,Carbon Monoxide,D002248,630-08-0,gene_inferred,NOS2,58.18,21,19800904
Asthma,Carbon Monoxide,D002248,630-08-0,gene_inferred,PLA2G7,58.18,21,10733466
Asthma,Carbon Monoxide,D002248,630-08-0,gene_inferred,PTEN,58.18,21,17982072
Asthma,Carbon Monoxide,D002248,630-08-0,gene_inferred,SOD1,58.18,21,22867017
Asthma,Carbon Monoxide,D002248,630-08-0,gene_inferred,SOD2,58.18,21,28208751
Asthma,Carbon Monoxide,D002248,630-08-0,gene_inferred,TNF,58.18,21,12356572|14681301|16456144|17450233|20049212|25960783
Asthma,Dinoprostone,D015232,363-24-6,gene_inferred,AREG,57.99,26,15696081
Asthma,Dinoprostone,D015232,363-24-6,gene_inferred,BCL2,57.99,26,18357729
Asthma,Dinoprostone,D015232,363-24-6,gene_inferred,CAT,57.99,26,18048809
Asthma,Dinoprostone,D015232,363-24-6,gene_inferred,CCL2,57.99,26,19373627
Asthma,Dinoprostone,D015232,363-24-6,gene_inferred,CCL5,57.99,26,8534483
Asthma,Dinoprostone,D015232,363-24-6,gene_inferred,EDN1,57.99,26,16981460
Asthma,Dinoprostone,D015232,363-24-6,gene_inferred,HMOX1,57.99,26,18048809
Asthma,Dinoprostone,D015232,363-24-6,gene_inferred,HSD11B2,57.99,26,11932298
Asthma,Dinoprostone,D015232,363-24-6,gene_inferred,ICAM1,57.99,26,17014439|25003170
Asthma,Dinoprostone,D015232,363-24-6,gene_inferred,IL10,57.99,26,29317916
Asthma,Dinoprostone,D015232,363-24-6,gene_inferred,IL13,57.99,26,22867017
Asthma,Dinoprostone,D015232,363-24-6,gene_inferred,IL1B,57.99,26,9176529
Asthma,Dinoprostone,D015232,363-24-6,gene_inferred,IL1RN,57.99,26,9176529
Asthma,Dinoprostone,D015232,363-24-6,gene_inferred,IL4,57.99,26,18357729|33861987
Asthma,Dinoprostone,D015232,363-24-6,gene_inferred,IL5,57.99,26,23266719|7540862
Asthma,Dinoprostone,D015232,363-24-6,gene_inferred,IL6,57.99,26,29902480
Asthma,Dinoprostone,D015232,363-24-6,gene_inferred,MMP9,57.99,26,11742282|15131573
Asthma,Dinoprostone,D015232,363-24-6,gene_inferred,NOS2,57.99,26,19800904
Asthma,Dinoprostone,D015232,363-24-6,gene_inferred,OVAL,57.99,26,22733167|24950052|25739523|26549244|28529457
Asthma,Dinoprostone,D015232,363-24-6,gene_inferred,PARP1,57.99,26,18261157
Asthma,Dinoprostone,D015232,363-24-6,gene_inferred,PTEN,57.99,26,17982072
Asthma,Dinoprostone,D015232,363-24-6,gene_inferred,SOD2,57.99,26,28208751
Asthma,Dinoprostone,D015232,363-24-6,gene_inferred,TBX21,57.99,26,15806396
Asthma,Dinoprostone,D015232,363-24-6,gene_inferred,TGFB1,57.99,26,16365456|19138248
Asthma,Dinoprostone,D015232,363-24-6,gene_inferred,TNF,57.99,26,12356572|14681301|16456144|17450233|20049212|25960783
Asthma,Dinoprostone,D015232,363-24-6,gene_inferred,VEGFA,57.99,26,11907124|15201500|19263519
Asthma,2-(4-morpholinyl)-8-phenyl-4H-1-benzopyran-4-one,C085911,154447-36-6,gene_inferred,AGER,57.44,30,33075463
Asthma,2-(4-morpholinyl)-8-phenyl-4H-1-benzopyran-4-one,C085911,154447-36-6,gene_inferred,ARG2,57.44,30,19281908
Asthma,2-(4-morpholinyl)-8-phenyl-4H-1-benzopyran-4-one,C085911,154447-36-6,gene_inferred,BCL2,57.44,30,18357729
Asthma,2-(4-morpholinyl)-8-phenyl-4H-1-benzopyran-4-one,C085911,154447-36-6,gene_inferred,BGLAP,57.44,30,8429434
Asthma,2-(4-morpholinyl)-8-phenyl-4H-1-benzopyran-4-one,C085911,154447-36-6,gene_inferred,CAT,57.44,30,18048809
Asthma,2-(4-morpholinyl)-8-phenyl-4H-1-benzopyran-4-one,C085911,154447-36-6,gene_inferred,CCL11,57.44,30,
Asthma,2-(4-morpholinyl)-8-phenyl-4H-1-benzopyran-4-one,C085911,154447-36-6,gene_inferred,CCL2,57.44,30,19373627
Asthma,2-(4-morpholinyl)-8-phenyl-4H-1-benzopyran-4-one,C085911,154447-36-6,gene_inferred,CCL5,57.44,30,8534483
Asthma,2-(4-morpholinyl)-8-phenyl-4H-1-benzopyran-4-one,C085911,154447-36-6,gene_inferred,CYP2E1,57.44,30,28807506
Asthma,2-(4-morpholinyl)-8-phenyl-4H-1-benzopyran-4-one,C085911,154447-36-6,gene_inferred,EDN1,57.44,30,16981460
Asthma,2-(4-morpholinyl)-8-phenyl-4H-1-benzopyran-4-one,C085911,154447-36-6,gene_inferred,GSTM1,57.44,30,16870661|18988661
Asthma,2-(4-morpholinyl)-8-phenyl-4H-1-benzopyran-4-one,C085911,154447-36-6,gene_inferred,GSTP1,57.44,30,11994713|16870661|18988661|24117884|29411558
Asthma,2-(4-morpholinyl)-8-phenyl-4H-1-benzopyran-4-one,C085911,154447-36-6,gene_inferred,HMOX1,57.44,30,18048809
Asthma,2-(4-morpholinyl)-8-phenyl-4H-1-benzopyran-4-one,C085911,154447-36-6,gene_inferred,ICAM1,57.44,30,17014439|25003170
Asthma,2-(4-morpholinyl)-8-phenyl-4H-1-benzopyran-4-one,C085911,154447-36-6,gene_inferred,IL1B,57.44,30,9176529
Asthma,2-(4-morpholinyl)-8-phenyl-4H-1-benzopyran-4-one,C085911,154447-36-6,gene_inferred,IL4,57.44,30,18357729|33861987
Asthma,2-(4-morpholinyl)-8-phenyl-4H-1-benzopyran-4-one,C085911,154447-36-6,gene_inferred,IL6,57.44,30,29902480
Asthma,2-(4-morpholinyl)-8-phenyl-4H-1-benzopyran-4-one,C085911,154447-36-6,gene_inferred,MMP1,57.44,30,24469321
Asthma,2-(4-morpholinyl)-8-phenyl-4H-1-benzopyran-4-one,C085911,154447-36-6,gene_inferred,MMP10,57.44,30,16926187
Asthma,2-(4-morpholinyl)-8-phenyl-4H-1-benzopyran-4-one,C085911,154447-36-6,gene_inferred,MMP9,57.44,30,11742282|15131573
Asthma,2-(4-morpholinyl)-8-phenyl-4H-1-benzopyran-4-one,C085911,154447-36-6,gene_inferred,NOS2,57.44,30,19800904
Asthma,2-(4-morpholinyl)-8-phenyl-4H-1-benzopyran-4-one,C085911,154447-36-6,gene_inferred,NQO1,57.44,30,20049212
Asthma,2-(4-morpholinyl)-8-phenyl-4H-1-benzopyran-4-one,C085911,154447-36-6,gene_inferred,PARP1,57.44,30,18261157
Asthma,2-(4-morpholinyl)-8-phenyl-4H-1-benzopyran-4-one,C085911,154447-36-6,gene_inferred,PLAU,57.44,30,21912604
Asthma,2-(4-morpholinyl)-8-phenyl-4H-1-benzopyran-4-one,C085911,154447-36-6,gene_inferred,PTEN,57.44,30,17982072
Asthma,2-(4-morpholinyl)-8-phenyl-4H-1-benzopyran-4-one,C085911,154447-36-6,gene_inferred,SOD1,57.44,30,22867017
Asthma,2-(4-morpholinyl)-8-phenyl-4H-1-benzopyran-4-one,C085911,154447-36-6,gene_inferred,SOD2,57.44,30,28208751
Asthma,2-(4-morpholinyl)-8-phenyl-4H-1-benzopyran-4-one,C085911,154447-36-6,gene_inferred,TGFB1,57.44,30,16365456|19138248
Asthma,2-(4-morpholinyl)-8-phenyl-4H-1-benzopyran-4-one,C085911,154447-36-6,gene_inferred,TNF,57.44,30,12356572|14681301|16456144|17450233|20049212|25960783
Asthma,2-(4-morpholinyl)-8-phenyl-4H-1-benzopyran-4-one,C085911,154447-36-6,gene_inferred,VEGFA,57.44,30,11907124|15201500|19263519
Asthma,Eicosapentaenoic Acid,D015118,1553-41-9,gene_inferred,AGER,57.03,20,33075463
Asthma,Eicosapentaenoic Acid,D015118,1553-41-9,gene_inferred,BCL2,57.03,20,18357729
Asthma,Eicosapentaenoic Acid,D015118,1553-41-9,gene_inferred,CAT,57.03,20,18048809
Asthma,Eicosapentaenoic Acid,D015118,1553-41-9,gene_inferred,CCL2,57.03,20,19373627
Asthma,Eicosapentaenoic Acid,D015118,1553-41-9,gene_inferred,CCL5,57.03,20,8534483
Asthma,Eicosapentaenoic Acid,D015118,1553-41-9,gene_inferred,CYP2E1,57.03,20,28807506
Asthma,Eicosapentaenoic Acid,D015118,1553-41-9,gene_inferred,GSTP1,57.03,20,11994713|16870661|18988661|24117884|29411558
Asthma,Eicosapentaenoic Acid,D015118,1553-41-9,gene_inferred,HMOX1,57.03,20,18048809
Asthma,Eicosapentaenoic Acid,D015118,1553-41-9,gene_inferred,IL10,57.03,20,29317916
Asthma,Eicosapentaenoic Acid,D015118,1553-41-9,gene_inferred,IL1B,57.03,20,9176529
Asthma,Eicosapentaenoic Acid,D015118,1553-41-9,gene_inferred,IL1RN,57.03,20,9176529
Asthma,Eicosapentaenoic Acid,D015118,1553-41-9,gene_inferred,IL4,57.03,20,18357729|33861987
Asthma,Eicosapentaenoic Acid,D015118,1553-41-9,gene_inferred,IL6,57.03,20,29902480
Asthma,Eicosapentaenoic Acid,D015118,1553-41-9,gene_inferred,MMP10,57.03,20,16926187
Asthma,Eicosapentaenoic Acid,D015118,1553-41-9,gene_inferred,MMP9,57.03,20,11742282|15131573
Asthma,Eicosapentaenoic Acid,D015118,1553-41-9,gene_inferred,NOS2,57.03,20,19800904
Asthma,Eicosapentaenoic Acid,D015118,1553-41-9,gene_inferred,NQO1,57.03,20,20049212
Asthma,Eicosapentaenoic Acid,D015118,1553-41-9,gene_inferred,SOD1,57.03,20,22867017
Asthma,Eicosapentaenoic Acid,D015118,1553-41-9,gene_inferred,TNF,57.03,20,12356572|14681301|16456144|17450233|20049212|25960783
Asthma,Eicosapentaenoic Acid,D015118,1553-41-9,gene_inferred,VEGFA,57.03,20,11907124|15201500|19263519
Asthma,iodopravadoline,C094023,,gene_inferred,ARG1,56.41,17,19281908|19800904
Asthma,iodopravadoline,C094023,,gene_inferred,BCL2,56.41,17,18357729
Asthma,iodopravadoline,C094023,,gene_inferred,BGLAP,56.41,17,8429434
Asthma,iodopravadoline,C094023,,gene_inferred,CAT,56.41,17,18048809
Asthma,iodopravadoline,C094023,,gene_inferred,HMOX1,56.41,17,18048809
Asthma,iodopravadoline,C094023,,gene_inferred,HTR2A,56.41,17,25322896
Asthma,iodopravadoline,C094023,,gene_inferred,ICAM1,56.41,17,17014439|25003170
Asthma,iodopravadoline,C094023,,gene_inferred,IL10,56.41,17,29317916
Asthma,iodopravadoline,C094023,,gene_inferred,IL1B,56.41,17,9176529
Asthma,iodopravadoline,C094023,,gene_inferred,IL1RL1,56.41,17,19198610|21150878|21804549|24241537|27472835
Asthma,iodopravadoline,C094023,,gene_inferred,IL4,56.41,17,18357729|33861987
Asthma,iodopravadoline,C094023,,gene_inferred,IL6,56.41,17,29902480
Asthma,iodopravadoline,C094023,,gene_inferred,NOS2,56.41,17,19800904
Asthma,iodopravadoline,C094023,,gene_inferred,PARP1,56.41,17,18261157
Asthma,iodopravadoline,C094023,,gene_inferred,TGFB1,56.41,17,16365456|19138248
Asthma,iodopravadoline,C094023,,gene_inferred,TNF,56.41,17,12356572|14681301|16456144|17450233|20049212|25960783
Asthma,iodopravadoline,C094023,,gene_inferred,VEGFA,56.41,17,11907124|15201500|19263519
Asthma,Melatonin,D008550,73-31-4,gene_inferred,AGER,55.54,32,33075463
Asthma,Melatonin,D008550,73-31-4,gene_inferred,ARG1,55.54,32,19281908|19800904
Asthma,Melatonin,D008550,73-31-4,gene_inferred,BCL2,55.54,32,18357729
Asthma,Melatonin,D008550,73-31-4,gene_inferred,BGLAP,55.54,32,8429434
Asthma,Melatonin,D008550,73-31-4,gene_inferred,CAT,55.54,32,18048809
Asthma,Melatonin,D008550,73-31-4,gene_inferred,CCL2,55.54,32,19373627
Asthma,Melatonin,D008550,73-31-4,gene_inferred,CCL5,55.54,32,8534483
Asthma,Melatonin,D008550,73-31-4,gene_inferred,CD14,55.54,32,17607003
Asthma,Melatonin,D008550,73-31-4,gene_inferred,CYP2E1,55.54,32,28807506
Asthma,Melatonin,D008550,73-31-4,gene_inferred,GSTM1,55.54,32,16870661|18988661
Asthma,Melatonin,D008550,73-31-4,gene_inferred,GSTP1,55.54,32,11994713|16870661|18988661|24117884|29411558
Asthma,Melatonin,D008550,73-31-4,gene_inferred,HMOX1,55.54,32,18048809
Asthma,Melatonin,D008550,73-31-4,gene_inferred,IL10,55.54,32,29317916
Asthma,Melatonin,D008550,73-31-4,gene_inferred,IL13,55.54,32,22867017
Asthma,Melatonin,D008550,73-31-4,gene_inferred,IL1B,55.54,32,9176529
Asthma,Melatonin,D008550,73-31-4,gene_inferred,IL4,55.54,32,18357729|33861987
Asthma,Melatonin,D008550,73-31-4,gene_inferred,IL5,55.54,32,23266719|7540862
Asthma,Melatonin,D008550,73-31-4,gene_inferred,IL6,55.54,32,29902480
Asthma,Melatonin,D008550,73-31-4,gene_inferred,KRT19,55.54,32,15478392
Asthma,Melatonin,D008550,73-31-4,gene_inferred,MMP9,55.54,32,11742282|15131573
Asthma,Melatonin,D008550,73-31-4,gene_inferred,NOS2,55.54,32,19800904
Asthma,Melatonin,D008550,73-31-4,gene_inferred,NQO1,55.54,32,20049212
Asthma,Melatonin,D008550,73-31-4,gene_inferred,OVAL,55.54,32,22733167|24950052|25739523|26549244|28529457
Asthma,Melatonin,D008550,73-31-4,gene_inferred,PARP1,55.54,32,18261157
Asthma,Melatonin,D008550,73-31-4,gene_inferred,PTEN,55.54,32,17982072
Asthma,Melatonin,D008550,73-31-4,gene_inferred,SOD1,55.54,32,22867017
Asthma,Melatonin,D008550,73-31-4,gene_inferred,SOD2,55.54,32,28208751
Asthma,Melatonin,D008550,73-31-4,gene_inferred,STAT4,55.54,32,28807506
Asthma,Melatonin,D008550,73-31-4,gene_inferred,TGFB1,55.54,32,16365456|19138248
Asthma,Melatonin,D008550,73-31-4,gene_inferred,TNF,55.54,32,12356572|14681301|16456144|17450233|20049212|25960783
Asthma,Melatonin,D008550,73-31-4,gene_inferred,TSLP,55.54,32,21804549
Asthma,Melatonin,D008550,73-31-4,gene_inferred,VEGFA,55.54,32,11907124|15201500|19263519
Asthma,chrysin,C043561,480-40-0,gene_inferred,AGER,55.37,22,33075463
Asthma,chrysin,C043561,480-40-0,gene_inferred,BCL2,55.37,22,18357729
Asthma,chrysin,C043561,480-40-0,gene_inferred,CAT,55.37,22,18048809
Asthma,chrysin,C043561,480-40-0,gene_inferred,EDN1,55.37,22,16981460
Asthma,chrysin,C043561,480-40-0,gene_inferred,FOXP3,55.37,22,27965764|29317916
Asthma,chrysin,C043561,480-40-0,gene_inferred,HMOX1,55.37,22,18048809
Asthma,chrysin,C043561,480-40-0,gene_inferred,ICAM1,55.37,22,17014439|25003170
Asthma,chrysin,C043561,480-40-0,gene_inferred,IL10,55.37,22,29317916
Asthma,chrysin,C043561,480-40-0,gene_inferred,IL1B,55.37,22,9176529
Asthma,chrysin,C043561,480-40-0,gene_inferred,IL4,55.37,22,18357729|33861987
Asthma,chrysin,C043561,480-40-0,gene_inferred,IL6,55.37,22,29902480
Asthma,chrysin,C043561,480-40-0,gene_inferred,MMP1,55.37,22,24469321
Asthma,chrysin,C043561,480-40-0,gene_inferred,MMP10,55.37,22,16926187
Asthma,chrysin,C043561,480-40-0,gene_inferred,MMP9,55.37,22,11742282|15131573
Asthma,chrysin,C043561,480-40-0,gene_inferred,NOS2,55.37,22,19800904
Asthma,chrysin,C043561,480-40-0,gene_inferred,NQO1,55.37,22,20049212
Asthma,chrysin,C043561,480-40-0,gene_inferred,PARP1,55.37,22,18261157
Asthma,chrysin,C043561,480-40-0,gene_inferred,PLAU,55.37,22,21912604
Asthma,chrysin,C043561,480-40-0,gene_inferred,TBX21,55.37,22,15806396
Asthma,chrysin,C043561,480-40-0,gene_inferred,TGFB1,55.37,22,16365456|19138248
Asthma,chrysin,C043561,480-40-0,gene_inferred,TNF,55.37,22,12356572|14681301|16456144|17450233|20049212|25960783
Asthma,chrysin,C043561,480-40-0,gene_inferred,VEGFA,55.37,22,11907124|15201500|19263519
Asthma,bardoxolone methyl,C445068,,gene_inferred,ARG1,55.26,19,19281908|19800904
Asthma,bardoxolone methyl,C445068,,gene_inferred,CCL11,55.26,19,
Asthma,bardoxolone methyl,C445068,,gene_inferred,CCL2,55.26,19,19373627
Asthma,bardoxolone methyl,C445068,,gene_inferred,CCL5,55.26,19,8534483
Asthma,bardoxolone methyl,C445068,,gene_inferred,EDN1,55.26,19,16981460
Asthma,bardoxolone methyl,C445068,,gene_inferred,GSTP1,55.26,19,11994713|16870661|18988661|24117884|29411558
Asthma,bardoxolone methyl,C445068,,gene_inferred,HMOX1,55.26,19,18048809
Asthma,bardoxolone methyl,C445068,,gene_inferred,HTR2A,55.26,19,25322896
Asthma,bardoxolone methyl,C445068,,gene_inferred,ICAM1,55.26,19,17014439|25003170
Asthma,bardoxolone methyl,C445068,,gene_inferred,IL10,55.26,19,29317916
Asthma,bardoxolone methyl,C445068,,gene_inferred,IL1B,55.26,19,9176529
Asthma,bardoxolone methyl,C445068,,gene_inferred,IL6,55.26,19,29902480
Asthma,bardoxolone methyl,C445068,,gene_inferred,NOS2,55.26,19,19800904
Asthma,bardoxolone methyl,C445068,,gene_inferred,NQO1,55.26,19,20049212
Asthma,bardoxolone methyl,C445068,,gene_inferred,PARP1,55.26,19,18261157
Asthma,bardoxolone methyl,C445068,,gene_inferred,PDE4B,55.26,19,21912604
Asthma,bardoxolone methyl,C445068,,gene_inferred,PLAU,55.26,19,21912604
Asthma,bardoxolone methyl,C445068,,gene_inferred,TNF,55.26,19,12356572|14681301|16456144|17450233|20049212|25960783
Asthma,bardoxolone methyl,C445068,,gene_inferred,VEGFA,55.26,19,11907124|15201500|19263519
Asthma,ethyl 6-(N-(2-chloro-4-fluorophenyl)sulfamoyl)cyclohex-1-ene-1-carboxylate,C507035,,gene_inferred,ARG1,54.85,17,19281908|19800904
Asthma,ethyl 6-(N-(2-chloro-4-fluorophenyl)sulfamoyl)cyclohex-1-ene-1-carboxylate,C507035,,gene_inferred,BCL2,54.85,17,18357729
Asthma,ethyl 6-(N-(2-chloro-4-fluorophenyl)sulfamoyl)cyclohex-1-ene-1-carboxylate,C507035,,gene_inferred,CAT,54.85,17,18048809
Asthma,ethyl 6-(N-(2-chloro-4-fluorophenyl)sulfamoyl)cyclohex-1-ene-1-carboxylate,C507035,,gene_inferred,CCL2,54.85,17,19373627
Asthma,ethyl 6-(N-(2-chloro-4-fluorophenyl)sulfamoyl)cyclohex-1-ene-1-carboxylate,C507035,,gene_inferred,CCL5,54.85,17,8534483
Asthma,ethyl 6-(N-(2-chloro-4-fluorophenyl)sulfamoyl)cyclohex-1-ene-1-carboxylate,C507035,,gene_inferred,HMOX1,54.85,17,18048809
Asthma,ethyl 6-(N-(2-chloro-4-fluorophenyl)sulfamoyl)cyclohex-1-ene-1-carboxylate,C507035,,gene_inferred,ICAM1,54.85,17,17014439|25003170
Asthma,ethyl 6-(N-(2-chloro-4-fluorophenyl)sulfamoyl)cyclohex-1-ene-1-carboxylate,C507035,,gene_inferred,IL10,54.85,17,29317916
Asthma,ethyl 6-(N-(2-chloro-4-fluorophenyl)sulfamoyl)cyclohex-1-ene-1-carboxylate,C507035,,gene_inferred,IL1B,54.85,17,9176529
Asthma,ethyl 6-(N-(2-chloro-4-fluorophenyl)sulfamoyl)cyclohex-1-ene-1-carboxylate,C507035,,gene_inferred,IL33,54.85,17,19198610|21804549|24241537|27472835|29067999
Asthma,ethyl 6-(N-(2-chloro-4-fluorophenyl)sulfamoyl)cyclohex-1-ene-1-carboxylate,C507035,,gene_inferred,IL6,54.85,17,29902480
Asthma,ethyl 6-(N-(2-chloro-4-fluorophenyl)sulfamoyl)cyclohex-1-ene-1-carboxylate,C507035,,gene_inferred,MMP1,54.85,17,24469321
Asthma,ethyl 6-(N-(2-chloro-4-fluorophenyl)sulfamoyl)cyclohex-1-ene-1-carboxylate,C507035,,gene_inferred,MMP9,54.85,17,11742282|15131573
Asthma,ethyl 6-(N-(2-chloro-4-fluorophenyl)sulfamoyl)cyclohex-1-ene-1-carboxylate,C507035,,gene_inferred,NOS2,54.85,17,19800904
Asthma,ethyl 6-(N-(2-chloro-4-fluorophenyl)sulfamoyl)cyclohex-1-ene-1-carboxylate,C507035,,gene_inferred,TGFB1,54.85,17,16365456|19138248
Asthma,ethyl 6-(N-(2-chloro-4-fluorophenyl)sulfamoyl)cyclohex-1-ene-1-carboxylate,C507035,,gene_inferred,TNF,54.85,17,12356572|14681301|16456144|17450233|20049212|25960783
Asthma,ethyl 6-(N-(2-chloro-4-fluorophenyl)sulfamoyl)cyclohex-1-ene-1-carboxylate,C507035,,gene_inferred,VEGFA,54.85,17,11907124|15201500|19263519
Asthma,Sulfur Dioxide,D013458,7446-09-5,gene_inferred,AREG,54.46,22,15696081
Asthma,Sulfur Dioxide,D013458,7446-09-5,gene_inferred,BCL2,54.46,22,18357729
Asthma,Sulfur Dioxide,D013458,7446-09-5,gene_inferred,CAT,54.46,22,18048809
Asthma,Sulfur Dioxide,D013458,7446-09-5,gene_inferred,CCL2,54.46,22,19373627
Asthma,Sulfur Dioxide,D013458,7446-09-5,gene_inferred,EDN1,54.46,22,16981460
Asthma,Sulfur Dioxide,D013458,7446-09-5,gene_inferred,GSTP1,54.46,22,11994713|16870661|18988661|24117884|29411558
Asthma,Sulfur Dioxide,D013458,7446-09-5,gene_inferred,HMOX1,54.46,22,18048809
Asthma,Sulfur Dioxide,D013458,7446-09-5,gene_inferred,ICAM1,54.46,22,17014439|25003170
Asthma,Sulfur Dioxide,D013458,7446-09-5,gene_inferred,IL10,54.46,22,29317916
Asthma,Sulfur Dioxide,D013458,7446-09-5,gene_inferred,IL13,54.46,22,22867017
Asthma,Sulfur Dioxide,D013458,7446-09-5,gene_inferred,IL1B,54.46,22,9176529
Asthma,Sulfur Dioxide,D013458,7446-09-5,gene_inferred,IL4,54.46,22,18357729|33861987
Asthma,Sulfur Dioxide,D013458,7446-09-5,gene_inferred,IL5,54.46,22,23266719|7540862
Asthma,Sulfur Dioxide,D013458,7446-09-5,gene_inferred,IL6,54.46,22,29902480
Asthma,Sulfur Dioxide,D013458,7446-09-5,gene_inferred,MMP9,54.46,22,11742282|15131573
Asthma,Sulfur Dioxide,D013458,7446-09-5,gene_inferred,NOS2,54.46,22,19800904
Asthma,Sulfur Dioxide,D013458,7446-09-5,gene_inferred,OVAL,54.46,22,22733167|24950052|25739523|26549244|28529457
Asthma,Sulfur Dioxide,D013458,7446-09-5,gene_inferred,PLA2G7,54.46,22,10733466
Asthma,Sulfur Dioxide,D013458,7446-09-5,gene_inferred,SOD1,54.46,22,22867017
Asthma,Sulfur Dioxide,D013458,7446-09-5,gene_inferred,SOD2,54.46,22,28208751
Asthma,Sulfur Dioxide,D013458,7446-09-5,gene_inferred,TGFB1,54.46,22,16365456|19138248
Asthma,Sulfur Dioxide,D013458,7446-09-5,gene_inferred,TNF,54.46,22,12356572|14681301|16456144|17450233|20049212|25960783
Asthma,ferric oxide,C000499,1309-37-1,gene_inferred,BCL2,53.52,24,18357729
Asthma,ferric oxide,C000499,1309-37-1,gene_inferred,CAT,53.52,24,18048809
Asthma,ferric oxide,C000499,1309-37-1,gene_inferred,CCL11,53.52,24,
Asthma,ferric oxide,C000499,1309-37-1,gene_inferred,CCL2,53.52,24,19373627
Asthma,ferric oxide,C000499,1309-37-1,gene_inferred,CCL5,53.52,24,8534483
Asthma,ferric oxide,C000499,1309-37-1,gene_inferred,CD14,53.52,24,17607003
Asthma,ferric oxide,C000499,1309-37-1,gene_inferred,GSTP1,53.52,24,11994713|16870661|18988661|24117884|29411558
Asthma,ferric oxide,C000499,1309-37-1,gene_inferred,HMOX1,53.52,24,18048809
Asthma,ferric oxide,C000499,1309-37-1,gene_inferred,ICAM1,53.52,24,17014439|25003170
Asthma,ferric oxide,C000499,1309-37-1,gene_inferred,IL13,53.52,24,22867017
Asthma,ferric oxide,C000499,1309-37-1,gene_inferred,IL1B,53.52,24,9176529
Asthma,ferric oxide,C000499,1309-37-1,gene_inferred,IL33,53.52,24,19198610|21804549|24241537|27472835|29067999
Asthma,ferric oxide,C000499,1309-37-1,gene_inferred,IL4,53.52,24,18357729|33861987
Asthma,ferric oxide,C000499,1309-37-1,gene_inferred,IL5,53.52,24,23266719|7540862
Asthma,ferric oxide,C000499,1309-37-1,gene_inferred,IL6,53.52,24,29902480
Asthma,ferric oxide,C000499,1309-37-1,gene_inferred,MMP9,53.52,24,11742282|15131573
Asthma,ferric oxide,C000499,1309-37-1,gene_inferred,NQO1,53.52,24,20049212
Asthma,ferric oxide,C000499,1309-37-1,gene_inferred,PARP1,53.52,24,18261157
Asthma,ferric oxide,C000499,1309-37-1,gene_inferred,PLA2G7,53.52,24,10733466
Asthma,ferric oxide,C000499,1309-37-1,gene_inferred,RAD50,53.52,24,24241537
Asthma,ferric oxide,C000499,1309-37-1,gene_inferred,SOD1,53.52,24,22867017
Asthma,ferric oxide,C000499,1309-37-1,gene_inferred,SOD2,53.52,24,28208751
Asthma,ferric oxide,C000499,1309-37-1,gene_inferred,TNF,53.52,24,12356572|14681301|16456144|17450233|20049212|25960783
Asthma,ferric oxide,C000499,1309-37-1,gene_inferred,TSLP,53.52,24,21804549
Asthma,Tosylphenylalanyl Chloromethyl Ketone,D014108,402-71-1,gene_inferred,ALDH2,53.51,15,11506308|9600491
Asthma,Tosylphenylalanyl Chloromethyl Ketone,D014108,402-71-1,gene_inferred,BCL2,53.51,15,18357729
Asthma,Tosylphenylalanyl Chloromethyl Ketone,D014108,402-71-1,gene_inferred,CCL2,53.51,15,19373627
Asthma,Tosylphenylalanyl Chloromethyl Ketone,D014108,402-71-1,gene_inferred,HMOX1,53.51,15,18048809
Asthma,Tosylphenylalanyl Chloromethyl Ketone,D014108,402-71-1,gene_inferred,ICAM1,53.51,15,17014439|25003170
Asthma,Tosylphenylalanyl Chloromethyl Ketone,D014108,402-71-1,gene_inferred,IL1B,53.51,15,9176529
Asthma,Tosylphenylalanyl Chloromethyl Ketone,D014108,402-71-1,gene_inferred,IL6,53.51,15,29902480
Asthma,Tosylphenylalanyl Chloromethyl Ketone,D014108,402-71-1,gene_inferred,MMP9,53.51,15,11742282|15131573
Asthma,Tosylphenylalanyl Chloromethyl Ketone,D014108,402-71-1,gene_inferred,NOS2,53.51,15,19800904
Asthma,Tosylphenylalanyl Chloromethyl Ketone,D014108,402-71-1,gene_inferred,NQO1,53.51,15,20049212
Asthma,Tosylphenylalanyl Chloromethyl Ketone,D014108,402-71-1,gene_inferred,PARP1,53.51,15,18261157
Asthma,Tosylphenylalanyl Chloromethyl Ketone,D014108,402-71-1,gene_inferred,PLAU,53.51,15,21912604
Asthma,Tosylphenylalanyl Chloromethyl Ketone,D014108,402-71-1,gene_inferred,SOD2,53.51,15,28208751
Asthma,Tosylphenylalanyl Chloromethyl Ketone,D014108,402-71-1,gene_inferred,TGFB1,53.51,15,16365456|19138248
Asthma,Tosylphenylalanyl Chloromethyl Ketone,D014108,402-71-1,gene_inferred,TNF,53.51,15,12356572|14681301|16456144|17450233|20049212|25960783
Asthma,Phytochemicals,D064209,,gene_inferred,BCL2,53.47,16,18357729
Asthma,Phytochemicals,D064209,,gene_inferred,CAT,53.47,16,18048809
Asthma,Phytochemicals,D064209,,gene_inferred,CCL2,53.47,16,19373627
Asthma,Phytochemicals,D064209,,gene_inferred,EDN1,53.47,16,16981460
Asthma,Phytochemicals,D064209,,gene_inferred,HMOX1,53.47,16,18048809
Asthma,Phytochemicals,D064209,,gene_inferred,IL10,53.47,16,29317916
Asthma,Phytochemicals,D064209,,gene_inferred,IL1B,53.47,16,9176529
Asthma,Phytochemicals,D064209,,gene_inferred,IL4,53.47,16,18357729|33861987
Asthma,Phytochemicals,D064209,,gene_inferred,IL6,53.47,16,29902480
Asthma,Phytochemicals,D064209,,gene_inferred,MMP9,53.47,16,11742282|15131573
Asthma,Phytochemicals,D064209,,gene_inferred,NOS2,53.47,16,19800904
Asthma,Phytochemicals,D064209,,gene_inferred,PARP1,53.47,16,18261157
Asthma,Phytochemicals,D064209,,gene_inferred,SOD2,53.47,16,28208751
Asthma,Phytochemicals,D064209,,gene_inferred,TBX21,53.47,16,15806396
Asthma,Phytochemicals,D064209,,gene_inferred,TGFB1,53.47,16,16365456|19138248
Asthma,Phytochemicals,D064209,,gene_inferred,TNF,53.47,16,12356572|14681301|16456144|17450233|20049212|25960783
Asthma,Capsaicin,D002211,404-86-4,gene_inferred,ALOX5,53.06,31,
Asthma,Capsaicin,D002211,404-86-4,gene_inferred,AREG,53.06,31,15696081
Asthma,Capsaicin,D002211,404-86-4,gene_inferred,BCL2,53.06,31,18357729
Asthma,Capsaicin,D002211,404-86-4,gene_inferred,CAT,53.06,31,18048809
Asthma,Capsaicin,D002211,404-86-4,gene_inferred,CCL2,53.06,31,19373627
Asthma,Capsaicin,D002211,404-86-4,gene_inferred,CYP2E1,53.06,31,28807506
Asthma,Capsaicin,D002211,404-86-4,gene_inferred,EDN1,53.06,31,16981460
Asthma,Capsaicin,D002211,404-86-4,gene_inferred,GSTP1,53.06,31,11994713|16870661|18988661|24117884|29411558
Asthma,Capsaicin,D002211,404-86-4,gene_inferred,HMOX1,53.06,31,18048809
Asthma,Capsaicin,D002211,404-86-4,gene_inferred,ICAM1,53.06,31,17014439|25003170
Asthma,Capsaicin,D002211,404-86-4,gene_inferred,IL10,53.06,31,29317916
Asthma,Capsaicin,D002211,404-86-4,gene_inferred,IL13,53.06,31,22867017
Asthma,Capsaicin,D002211,404-86-4,gene_inferred,IL1B,53.06,31,9176529
Asthma,Capsaicin,D002211,404-86-4,gene_inferred,IL1RN,53.06,31,9176529
Asthma,Capsaicin,D002211,404-86-4,gene_inferred,IL4,53.06,31,18357729|33861987
Asthma,Capsaicin,D002211,404-86-4,gene_inferred,IL5,53.06,31,23266719|7540862
Asthma,Capsaicin,D002211,404-86-4,gene_inferred,IL6,53.06,31,29902480
Asthma,Capsaicin,D002211,404-86-4,gene_inferred,MMP1,53.06,31,24469321
Asthma,Capsaicin,D002211,404-86-4,gene_inferred,MMP9,53.06,31,11742282|15131573
Asthma,Capsaicin,D002211,404-86-4,gene_inferred,NOS2,53.06,31,19800904
Asthma,Capsaicin,D002211,404-86-4,gene_inferred,NPY,53.06,31,9731035
Asthma,Capsaicin,D002211,404-86-4,gene_inferred,NQO1,53.06,31,20049212
Asthma,Capsaicin,D002211,404-86-4,gene_inferred,PARP1,53.06,31,18261157
Asthma,Capsaicin,D002211,404-86-4,gene_inferred,PLAU,53.06,31,21912604
Asthma,Capsaicin,D002211,404-86-4,gene_inferred,SOD2,53.06,31,28208751
Asthma,Capsaicin,D002211,404-86-4,gene_inferred,TGFB1,53.06,31,16365456|19138248
Asthma,Capsaicin,D002211,404-86-4,gene_inferred,TIMP3,53.06,31,16926187
Asthma,Capsaicin,D002211,404-86-4,gene_inferred,TNC,53.06,31,16115819
Asthma,Capsaicin,D002211,404-86-4,gene_inferred,TNF,53.06,31,12356572|14681301|16456144|17450233|20049212|25960783
Asthma,Capsaicin,D002211,404-86-4,gene_inferred,TRPA1,53.06,31,19458046
Asthma,Capsaicin,D002211,404-86-4,gene_inferred,VEGFA,53.06,31,11907124|15201500|19263519
Asthma,Nitric Oxide,D009569,10102-43-9,gene_inferred,ALDH2,53.06,27,11506308|9600491
Asthma,Nitric Oxide,D009569,10102-43-9,gene_inferred,ALOX5,53.06,27,
Asthma,Nitric Oxide,D009569,10102-43-9,gene_inferred,ARG1,53.06,27,19281908|19800904
Asthma,Nitric Oxide,D009569,10102-43-9,gene_inferred,BCL2,53.06,27,18357729
Asthma,Nitric Oxide,D009569,10102-43-9,gene_inferred,CAT,53.06,27,18048809
Asthma,Nitric Oxide,D009569,10102-43-9,gene_inferred,CCL5,53.06,27,8534483
Asthma,Nitric Oxide,D009569,10102-43-9,gene_inferred,CD14,53.06,27,17607003
Asthma,Nitric Oxide,D009569,10102-43-9,gene_inferred,CYP2E1,53.06,27,28807506
Asthma,Nitric Oxide,D009569,10102-43-9,gene_inferred,EDN1,53.06,27,16981460
Asthma,Nitric Oxide,D009569,10102-43-9,gene_inferred,GSTM1,53.06,27,16870661|18988661
Asthma,Nitric Oxide,D009569,10102-43-9,gene_inferred,HLA-DRB1,53.06,27,16792590
Asthma,Nitric Oxide,D009569,10102-43-9,gene_inferred,HMOX1,53.06,27,18048809
Asthma,Nitric Oxide,D009569,10102-43-9,gene_inferred,ICAM1,53.06,27,17014439|25003170
Asthma,Nitric Oxide,D009569,10102-43-9,gene_inferred,IL10,53.06,27,29317916
Asthma,Nitric Oxide,D009569,10102-43-9,gene_inferred,IL1B,53.06,27,9176529
Asthma,Nitric Oxide,D009569,10102-43-9,gene_inferred,IL4,53.06,27,18357729|33861987
Asthma,Nitric Oxide,D009569,10102-43-9,gene_inferred,IL5,53.06,27,23266719|7540862
Asthma,Nitric Oxide,D009569,10102-43-9,gene_inferred,IL6,53.06,27,29902480
Asthma,Nitric Oxide,D009569,10102-43-9,gene_inferred,MMP9,53.06,27,11742282|15131573
Asthma,Nitric Oxide,D009569,10102-43-9,gene_inferred,NOS2,53.06,27,19800904
Asthma,Nitric Oxide,D009569,10102-43-9,gene_inferred,OVAL,53.06,27,22733167|24950052|25739523|26549244|28529457
Asthma,Nitric Oxide,D009569,10102-43-9,gene_inferred,PARP1,53.06,27,18261157
Asthma,Nitric Oxide,D009569,10102-43-9,gene_inferred,SOD1,53.06,27,22867017
Asthma,Nitric Oxide,D009569,10102-43-9,gene_inferred,SOD2,53.06,27,28208751
Asthma,Nitric Oxide,D009569,10102-43-9,gene_inferred,TGFB1,53.06,27,16365456|19138248
Asthma,Nitric Oxide,D009569,10102-43-9,gene_inferred,TNF,53.06,27,12356572|14681301|16456144|17450233|20049212|25960783
Asthma,Nitric Oxide,D009569,10102-43-9,gene_inferred,VEGFA,53.06,27,11907124|15201500|19263519
Asthma,Glutathione,D005978,70-18-8,gene_inferred,BCL2,52.98,28,18357729
Asthma,Glutathione,D005978,70-18-8,gene_inferred,CAT,52.98,28,18048809
Asthma,Glutathione,D005978,70-18-8,gene_inferred,CCL2,52.98,28,19373627
Asthma,Glutathione,D005978,70-18-8,gene_inferred,CCL5,52.98,28,8534483
Asthma,Glutathione,D005978,70-18-8,gene_inferred,CD14,52.98,28,17607003
Asthma,Glutathione,D005978,70-18-8,gene_inferred,CYP2E1,52.98,28,28807506
Asthma,Glutathione,D005978,70-18-8,gene_inferred,DNMT1,52.98,28,23423710
Asthma,Glutathione,D005978,70-18-8,gene_inferred,GSTM1,52.98,28,16870661|18988661
Asthma,Glutathione,D005978,70-18-8,gene_inferred,GSTP1,52.98,28,11994713|16870661|18988661|24117884|29411558
Asthma,Glutathione,D005978,70-18-8,gene_inferred,HMOX1,52.98,28,18048809
Asthma,Glutathione,D005978,70-18-8,gene_inferred,ICAM1,52.98,28,17014439|25003170
Asthma,Glutathione,D005978,70-18-8,gene_inferred,IL10,52.98,28,29317916
Asthma,Glutathione,D005978,70-18-8,gene_inferred,IL13,52.98,28,22867017
Asthma,Glutathione,D005978,70-18-8,gene_inferred,IL1B,52.98,28,9176529
Asthma,Glutathione,D005978,70-18-8,gene_inferred,IL33,52.98,28,19198610|21804549|24241537|27472835|29067999
Asthma,Glutathione,D005978,70-18-8,gene_inferred,IL4,52.98,28,18357729|33861987
Asthma,Glutathione,D005978,70-18-8,gene_inferred,IL6,52.98,28,29902480
Asthma,Glutathione,D005978,70-18-8,gene_inferred,MMP9,52.98,28,11742282|15131573
Asthma,Glutathione,D005978,70-18-8,gene_inferred,NOS2,52.98,28,19800904
Asthma,Glutathione,D005978,70-18-8,gene_inferred,NQO1,52.98,28,20049212
Asthma,Glutathione,D005978,70-18-8,gene_inferred,PARP1,52.98,28,18261157
Asthma,Glutathione,D005978,70-18-8,gene_inferred,SOD1,52.98,28,22867017
Asthma,Glutathione,D005978,70-18-8,gene_inferred,SOD2,52.98,28,28208751
Asthma,Glutathione,D005978,70-18-8,gene_inferred,TGFB1,52.98,28,16365456|19138248
Asthma,Glutathione,D005978,70-18-8,gene_inferred,TNF,52.98,28,12356572|14681301|16456144|17450233|20049212|25960783
Asthma,Glutathione,D005978,70-18-8,gene_inferred,TRPA1,52.98,28,19458046
Asthma,Glutathione,D005978,70-18-8,gene_inferred,TSLP,52.98,28,21804549
Asthma,Glutathione,D005978,70-18-8,gene_inferred,VEGFA,52.98,28,11907124|15201500|19263519
Asthma,Apigenin,D047310,520-36-5,gene_inferred,BCL2,52.85,24,18357729
Asthma,Apigenin,D047310,520-36-5,gene_inferred,CAT,52.85,24,18048809
Asthma,Apigenin,D047310,520-36-5,gene_inferred,CCL2,52.85,24,19373627
Asthma,Apigenin,D047310,520-36-5,gene_inferred,CYP2E1,52.85,24,28807506
Asthma,Apigenin,D047310,520-36-5,gene_inferred,HMOX1,52.85,24,18048809
Asthma,Apigenin,D047310,520-36-5,gene_inferred,ICAM1,52.85,24,17014439|25003170
Asthma,Apigenin,D047310,520-36-5,gene_inferred,IL10,52.85,24,29317916
Asthma,Apigenin,D047310,520-36-5,gene_inferred,IL13,52.85,24,22867017
Asthma,Apigenin,D047310,520-36-5,gene_inferred,IL1B,52.85,24,9176529
Asthma,Apigenin,D047310,520-36-5,gene_inferred,IL33,52.85,24,19198610|21804549|24241537|27472835|29067999
Asthma,Apigenin,D047310,520-36-5,gene_inferred,IL4,52.85,24,18357729|33861987
Asthma,Apigenin,D047310,520-36-5,gene_inferred,IL5,52.85,24,23266719|7540862
Asthma,Apigenin,D047310,520-36-5,gene_inferred,IL6,52.85,24,29902480
Asthma,Apigenin,D047310,520-36-5,gene_inferred,MMP1,52.85,24,24469321
Asthma,Apigenin,D047310,520-36-5,gene_inferred,MMP9,52.85,24,11742282|15131573
Asthma,Apigenin,D047310,520-36-5,gene_inferred,NOS2,52.85,24,19800904
Asthma,Apigenin,D047310,520-36-5,gene_inferred,PARP1,52.85,24,18261157
Asthma,Apigenin,D047310,520-36-5,gene_inferred,RNASE3,52.85,24,12153692|12587966|8874658
Asthma,Apigenin,D047310,520-36-5,gene_inferred,SOD1,52.85,24,22867017
Asthma,Apigenin,D047310,520-36-5,gene_inferred,SOD2,52.85,24,28208751
Asthma,Apigenin,D047310,520-36-5,gene_inferred,TBX21,52.85,24,15806396
Asthma,Apigenin,D047310,520-36-5,gene_inferred,TNF,52.85,24,12356572|14681301|16456144|17450233|20049212|25960783
Asthma,Apigenin,D047310,520-36-5,gene_inferred,TRPA1,52.85,24,19458046
Asthma,Apigenin,D047310,520-36-5,gene_inferred,VEGFA,52.85,24,11907124|15201500|19263519
Asthma,"Antigens, Dermatophagoides",D039741,,gene_inferred,ARG1,52.82,19,19281908|19800904
Asthma,"Antigens, Dermatophagoides",D039741,,gene_inferred,CCL11,52.82,19,
Asthma,"Antigens, Dermatophagoides",D039741,,gene_inferred,CCL2,52.82,19,19373627
Asthma,"Antigens, Dermatophagoides",D039741,,gene_inferred,CCL5,52.82,19,8534483
Asthma,"Antigens, Dermatophagoides",D039741,,gene_inferred,DNMT1,52.82,19,23423710
Asthma,"Antigens, Dermatophagoides",D039741,,gene_inferred,HMOX1,52.82,19,18048809
Asthma,"Antigens, Dermatophagoides",D039741,,gene_inferred,IL10,52.82,19,29317916
Asthma,"Antigens, Dermatophagoides",D039741,,gene_inferred,IL13,52.82,19,22867017
Asthma,"Antigens, Dermatophagoides",D039741,,gene_inferred,IL1B,52.82,19,9176529
Asthma,"Antigens, Dermatophagoides",D039741,,gene_inferred,IL1RL1,52.82,19,19198610|21150878|21804549|24241537|27472835
Asthma,"Antigens, Dermatophagoides",D039741,,gene_inferred,IL1RN,52.82,19,9176529
Asthma,"Antigens, Dermatophagoides",D039741,,gene_inferred,IL33,52.82,19,19198610|21804549|24241537|27472835|29067999
Asthma,"Antigens, Dermatophagoides",D039741,,gene_inferred,IL4,52.82,19,18357729|33861987
Asthma,"Antigens, Dermatophagoides",D039741,,gene_inferred,IL5,52.82,19,23266719|7540862
Asthma,"Antigens, Dermatophagoides",D039741,,gene_inferred,IL6,52.82,19,29902480
Asthma,"Antigens, Dermatophagoides",D039741,,gene_inferred,NQO1,52.82,19,20049212
Asthma,"Antigens, Dermatophagoides",D039741,,gene_inferred,TGFB1,52.82,19,16365456|19138248
Asthma,"Antigens, Dermatophagoides",D039741,,gene_inferred,TNF,52.82,19,12356572|14681301|16456144|17450233|20049212|25960783
Asthma,"Antigens, Dermatophagoides",D039741,,gene_inferred,TSLP,52.82,19,21804549
Asthma,Wortmannin,D000077191,19545-26-7,gene_inferred,AREG,52.78,24,15696081
Asthma,Wortmannin,D000077191,19545-26-7,gene_inferred,BCL2,52.78,24,18357729
Asthma,Wortmannin,D000077191,19545-26-7,gene_inferred,CAT,52.78,24,18048809
Asthma,Wortmannin,D000077191,19545-26-7,gene_inferred,CCL2,52.78,24,19373627
Asthma,Wortmannin,D000077191,19545-26-7,gene_inferred,CCL5,52.78,24,8534483
Asthma,Wortmannin,D000077191,19545-26-7,gene_inferred,CYP2E1,52.78,24,28807506
Asthma,Wortmannin,D000077191,19545-26-7,gene_inferred,EDN1,52.78,24,16981460
Asthma,Wortmannin,D000077191,19545-26-7,gene_inferred,GSTP1,52.78,24,11994713|16870661|18988661|24117884|29411558
Asthma,Wortmannin,D000077191,19545-26-7,gene_inferred,HMOX1,52.78,24,18048809
Asthma,Wortmannin,D000077191,19545-26-7,gene_inferred,ICAM1,52.78,24,17014439|25003170
Asthma,Wortmannin,D000077191,19545-26-7,gene_inferred,IL1B,52.78,24,9176529
Asthma,Wortmannin,D000077191,19545-26-7,gene_inferred,IL1RN,52.78,24,9176529
Asthma,Wortmannin,D000077191,19545-26-7,gene_inferred,IL4,52.78,24,18357729|33861987
Asthma,Wortmannin,D000077191,19545-26-7,gene_inferred,IL6,52.78,24,29902480
Asthma,Wortmannin,D000077191,19545-26-7,gene_inferred,MMP1,52.78,24,24469321
Asthma,Wortmannin,D000077191,19545-26-7,gene_inferred,MMP9,52.78,24,11742282|15131573
Asthma,Wortmannin,D000077191,19545-26-7,gene_inferred,NOS2,52.78,24,19800904
Asthma,Wortmannin,D000077191,19545-26-7,gene_inferred,NQO1,52.78,24,20049212
Asthma,Wortmannin,D000077191,19545-26-7,gene_inferred,PARP1,52.78,24,18261157
Asthma,Wortmannin,D000077191,19545-26-7,gene_inferred,PTEN,52.78,24,17982072
Asthma,Wortmannin,D000077191,19545-26-7,gene_inferred,RAD50,52.78,24,24241537
Asthma,Wortmannin,D000077191,19545-26-7,gene_inferred,SOD2,52.78,24,28208751
Asthma,Wortmannin,D000077191,19545-26-7,gene_inferred,TNF,52.78,24,12356572|14681301|16456144|17450233|20049212|25960783
Asthma,Wortmannin,D000077191,19545-26-7,gene_inferred,VEGFA,52.78,24,11907124|15201500|19263519
Asthma,"lipopolysaccharide, Escherichia coli O111 B4",C440499,,gene_inferred,ALDH2,52.75,33,11506308|9600491
Asthma,"lipopolysaccharide, Escherichia coli O111 B4",C440499,,gene_inferred,ALOX5,52.75,33,
Asthma,"lipopolysaccharide, Escherichia coli O111 B4",C440499,,gene_inferred,ARG2,52.75,33,19281908
Asthma,"lipopolysaccharide, Escherichia coli O111 B4",C440499,,gene_inferred,BCL2,52.75,33,18357729
Asthma,"lipopolysaccharide, Escherichia coli O111 B4",C440499,,gene_inferred,CAT,52.75,33,18048809
Asthma,"lipopolysaccharide, Escherichia coli O111 B4",C440499,,gene_inferred,CCL11,52.75,33,
Asthma,"lipopolysaccharide, Escherichia coli O111 B4",C440499,,gene_inferred,CCL2,52.75,33,19373627
Asthma,"lipopolysaccharide, Escherichia coli O111 B4",C440499,,gene_inferred,CCL5,52.75,33,8534483
Asthma,"lipopolysaccharide, Escherichia coli O111 B4",C440499,,gene_inferred,CD14,52.75,33,17607003
Asthma,"lipopolysaccharide, Escherichia coli O111 B4",C440499,,gene_inferred,CYP2E1,52.75,33,28807506
Asthma,"lipopolysaccharide, Escherichia coli O111 B4",C440499,,gene_inferred,EDN1,52.75,33,16981460
Asthma,"lipopolysaccharide, Escherichia coli O111 B4",C440499,,gene_inferred,HMOX1,52.75,33,18048809
Asthma,"lipopolysaccharide, Escherichia coli O111 B4",C440499,,gene_inferred,ICAM1,52.75,33,17014439|25003170
Asthma,"lipopolysaccharide, Escherichia coli O111 B4",C440499,,gene_inferred,IL10,52.75,33,29317916
Asthma,"lipopolysaccharide, Escherichia coli O111 B4",C440499,,gene_inferred,IL13,52.75,33,22867017
Asthma,"lipopolysaccharide, Escherichia coli O111 B4",C440499,,gene_inferred,IL1B,52.75,33,9176529
Asthma,"lipopolysaccharide, Escherichia coli O111 B4",C440499,,gene_inferred,IL1RN,52.75,33,9176529
Asthma,"lipopolysaccharide, Escherichia coli O111 B4",C440499,,gene_inferred,IL33,52.75,33,19198610|21804549|24241537|27472835|29067999
Asthma,"lipopolysaccharide, Escherichia coli O111 B4",C440499,,gene_inferred,IL4,52.75,33,18357729|33861987
Asthma,"lipopolysaccharide, Escherichia coli O111 B4",C440499,,gene_inferred,IL5,52.75,33,23266719|7540862
Asthma,"lipopolysaccharide, Escherichia coli O111 B4",C440499,,gene_inferred,IL6,52.75,33,29902480
Asthma,"lipopolysaccharide, Escherichia coli O111 B4",C440499,,gene_inferred,MMP9,52.75,33,11742282|15131573
Asthma,"lipopolysaccharide, Escherichia coli O111 B4",C440499,,gene_inferred,NOS2,52.75,33,19800904
Asthma,"lipopolysaccharide, Escherichia coli O111 B4",C440499,,gene_inferred,NQO1,52.75,33,20049212
Asthma,"lipopolysaccharide, Escherichia coli O111 B4",C440499,,gene_inferred,PLA2G7,52.75,33,10733466
Asthma,"lipopolysaccharide, Escherichia coli O111 B4",C440499,,gene_inferred,PPP2CA,52.75,33,22205926
Asthma,"lipopolysaccharide, Escherichia coli O111 B4",C440499,,gene_inferred,SOD1,52.75,33,22867017
Asthma,"lipopolysaccharide, Escherichia coli O111 B4",C440499,,gene_inferred,SOD2,52.75,33,28208751
Asthma,"lipopolysaccharide, Escherichia coli O111 B4",C440499,,gene_inferred,TGFB1,52.75,33,16365456|19138248
Asthma,"lipopolysaccharide, Escherichia coli O111 B4",C440499,,gene_inferred,TNC,52.75,33,16115819
Asthma,"lipopolysaccharide, Escherichia coli O111 B4",C440499,,gene_inferred,TNF,52.75,33,12356572|14681301|16456144|17450233|20049212|25960783
Asthma,"lipopolysaccharide, Escherichia coli O111 B4",C440499,,gene_inferred,TSLP,52.75,33,21804549
Asthma,"lipopolysaccharide, Escherichia coli O111 B4",C440499,,gene_inferred,VEGFA,52.75,33,11907124|15201500|19263519
Asthma,Pioglitazone,D000077205,111025-46-8,gene_inferred,ADCYAP1R1,52.69,34,21059121
Asthma,Pioglitazone,D000077205,111025-46-8,gene_inferred,AGER,52.69,34,33075463
Asthma,Pioglitazone,D000077205,111025-46-8,gene_inferred,AREG,52.69,34,15696081
Asthma,Pioglitazone,D000077205,111025-46-8,gene_inferred,BCL2,52.69,34,18357729
Asthma,Pioglitazone,D000077205,111025-46-8,gene_inferred,BGLAP,52.69,34,8429434
Asthma,Pioglitazone,D000077205,111025-46-8,gene_inferred,CAT,52.69,34,18048809
Asthma,Pioglitazone,D000077205,111025-46-8,gene_inferred,CCL11,52.69,34,
Asthma,Pioglitazone,D000077205,111025-46-8,gene_inferred,CCL2,52.69,34,19373627
Asthma,Pioglitazone,D000077205,111025-46-8,gene_inferred,CCL5,52.69,34,8534483
Asthma,Pioglitazone,D000077205,111025-46-8,gene_inferred,CTLA4,52.69,34,28807506
Asthma,Pioglitazone,D000077205,111025-46-8,gene_inferred,CYP2E1,52.69,34,28807506
Asthma,Pioglitazone,D000077205,111025-46-8,gene_inferred,EDN1,52.69,34,16981460
Asthma,Pioglitazone,D000077205,111025-46-8,gene_inferred,GSTP1,52.69,34,11994713|16870661|18988661|24117884|29411558
Asthma,Pioglitazone,D000077205,111025-46-8,gene_inferred,HMOX1,52.69,34,18048809
Asthma,Pioglitazone,D000077205,111025-46-8,gene_inferred,ICAM1,52.69,34,17014439|25003170
Asthma,Pioglitazone,D000077205,111025-46-8,gene_inferred,IL10,52.69,34,29317916
Asthma,Pioglitazone,D000077205,111025-46-8,gene_inferred,IL13,52.69,34,22867017
Asthma,Pioglitazone,D000077205,111025-46-8,gene_inferred,IL1B,52.69,34,9176529
Asthma,Pioglitazone,D000077205,111025-46-8,gene_inferred,IL4,52.69,34,18357729|33861987
Asthma,Pioglitazone,D000077205,111025-46-8,gene_inferred,IL5,52.69,34,23266719|7540862
Asthma,Pioglitazone,D000077205,111025-46-8,gene_inferred,IL6,52.69,34,29902480
Asthma,Pioglitazone,D000077205,111025-46-8,gene_inferred,MMP9,52.69,34,11742282|15131573
Asthma,Pioglitazone,D000077205,111025-46-8,gene_inferred,NOS2,52.69,34,19800904
Asthma,Pioglitazone,D000077205,111025-46-8,gene_inferred,NPY,52.69,34,9731035
Asthma,Pioglitazone,D000077205,111025-46-8,gene_inferred,NQO1,52.69,34,20049212
Asthma,Pioglitazone,D000077205,111025-46-8,gene_inferred,PPP2CA,52.69,34,22205926
Asthma,Pioglitazone,D000077205,111025-46-8,gene_inferred,PTEN,52.69,34,17982072
Asthma,Pioglitazone,D000077205,111025-46-8,gene_inferred,SCGB3A2,52.69,34,
Asthma,Pioglitazone,D000077205,111025-46-8,gene_inferred,SOD1,52.69,34,22867017
Asthma,Pioglitazone,D000077205,111025-46-8,gene_inferred,SOD2,52.69,34,28208751
Asthma,Pioglitazone,D000077205,111025-46-8,gene_inferred,SPRR2B,52.69,34,21912604
Asthma,Pioglitazone,D000077205,111025-46-8,gene_inferred,TGFB1,52.69,34,16365456|19138248
Asthma,Pioglitazone,D000077205,111025-46-8,gene_inferred,TNF,52.69,34,12356572|14681301|16456144|17450233|20049212|25960783
Asthma,Pioglitazone,D000077205,111025-46-8,gene_inferred,VEGFA,52.69,34,11907124|15201500|19263519
Asthma,thymoquinone,C003466,490-91-5,gene_inferred,ARG2,52.51,21,19281908
Asthma,thymoquinone,C003466,490-91-5,gene_inferred,BCL2,52.51,21,18357729
Asthma,thymoquinone,C003466,490-91-5,gene_inferred,CAT,52.51,21,18048809
Asthma,thymoquinone,C003466,490-91-5,gene_inferred,CD14,52.51,21,17607003
Asthma,thymoquinone,C003466,490-91-5,gene_inferred,CYP2E1,52.51,21,28807506
Asthma,thymoquinone,C003466,490-91-5,gene_inferred,GSTP1,52.51,21,11994713|16870661|18988661|24117884|29411558
Asthma,thymoquinone,C003466,490-91-5,gene_inferred,HMOX1,52.51,21,18048809
Asthma,thymoquinone,C003466,490-91-5,gene_inferred,IL10,52.51,21,29317916
Asthma,thymoquinone,C003466,490-91-5,gene_inferred,IL1B,52.51,21,9176529
Asthma,thymoquinone,C003466,490-91-5,gene_inferred,IL4,52.51,21,18357729|33861987
Asthma,thymoquinone,C003466,490-91-5,gene_inferred,IL6,52.51,21,29902480
Asthma,thymoquinone,C003466,490-91-5,gene_inferred,IL6R,52.51,21,29902480
Asthma,thymoquinone,C003466,490-91-5,gene_inferred,MMP9,52.51,21,11742282|15131573
Asthma,thymoquinone,C003466,490-91-5,gene_inferred,NOS2,52.51,21,19800904
Asthma,thymoquinone,C003466,490-91-5,gene_inferred,PARP1,52.51,21,18261157
Asthma,thymoquinone,C003466,490-91-5,gene_inferred,PTEN,52.51,21,17982072
Asthma,thymoquinone,C003466,490-91-5,gene_inferred,SOD1,52.51,21,22867017
Asthma,thymoquinone,C003466,490-91-5,gene_inferred,SOD2,52.51,21,28208751
Asthma,thymoquinone,C003466,490-91-5,gene_inferred,TGFB1,52.51,21,16365456|19138248
Asthma,thymoquinone,C003466,490-91-5,gene_inferred,TNF,52.51,21,12356572|14681301|16456144|17450233|20049212|25960783
Asthma,thymoquinone,C003466,490-91-5,gene_inferred,VEGFA,52.51,21,11907124|15201500|19263519
Asthma,morroniside,C488401,,gene_inferred,ARG1,52.48,17,19281908|19800904
Asthma,morroniside,C488401,,gene_inferred,BCL2,52.48,17,18357729
Asthma,morroniside,C488401,,gene_inferred,BGLAP,52.48,17,8429434
Asthma,morroniside,C488401,,gene_inferred,CAT,52.48,17,18048809
Asthma,morroniside,C488401,,gene_inferred,CCL2,52.48,17,19373627
Asthma,morroniside,C488401,,gene_inferred,HMOX1,52.48,17,18048809
Asthma,morroniside,C488401,,gene_inferred,ICAM1,52.48,17,17014439|25003170
Asthma,morroniside,C488401,,gene_inferred,IL10,52.48,17,29317916
Asthma,morroniside,C488401,,gene_inferred,IL1B,52.48,17,9176529
Asthma,morroniside,C488401,,gene_inferred,IL4,52.48,17,18357729|33861987
Asthma,morroniside,C488401,,gene_inferred,IL6,52.48,17,29902480
Asthma,morroniside,C488401,,gene_inferred,MMP9,52.48,17,11742282|15131573
Asthma,morroniside,C488401,,gene_inferred,NOS2,52.48,17,19800904
Asthma,morroniside,C488401,,gene_inferred,PPP2CA,52.48,17,22205926
Asthma,morroniside,C488401,,gene_inferred,TGFB1,52.48,17,16365456|19138248
Asthma,morroniside,C488401,,gene_inferred,TNF,52.48,17,12356572|14681301|16456144|17450233|20049212|25960783
Asthma,morroniside,C488401,,gene_inferred,VEGFA,52.48,17,11907124|15201500|19263519
Asthma,Pyruvaldehyde,D011765,78-98-8,gene_inferred,AGER,52.44,18,33075463
Asthma,Pyruvaldehyde,D011765,78-98-8,gene_inferred,ALDH2,52.44,18,11506308|9600491
Asthma,Pyruvaldehyde,D011765,78-98-8,gene_inferred,BCL2,52.44,18,18357729
Asthma,Pyruvaldehyde,D011765,78-98-8,gene_inferred,CAT,52.44,18,18048809
Asthma,Pyruvaldehyde,D011765,78-98-8,gene_inferred,CCL2,52.44,18,19373627
Asthma,Pyruvaldehyde,D011765,78-98-8,gene_inferred,HMOX1,52.44,18,18048809
Asthma,Pyruvaldehyde,D011765,78-98-8,gene_inferred,IL1B,52.44,18,9176529
Asthma,Pyruvaldehyde,D011765,78-98-8,gene_inferred,IL6,52.44,18,29902480
Asthma,Pyruvaldehyde,D011765,78-98-8,gene_inferred,MMP9,52.44,18,11742282|15131573
Asthma,Pyruvaldehyde,D011765,78-98-8,gene_inferred,NOS2,52.44,18,19800904
Asthma,Pyruvaldehyde,D011765,78-98-8,gene_inferred,NQO1,52.44,18,20049212
Asthma,Pyruvaldehyde,D011765,78-98-8,gene_inferred,PARP1,52.44,18,18261157
Asthma,Pyruvaldehyde,D011765,78-98-8,gene_inferred,SOD1,52.44,18,22867017
Asthma,Pyruvaldehyde,D011765,78-98-8,gene_inferred,SOD2,52.44,18,28208751
Asthma,Pyruvaldehyde,D011765,78-98-8,gene_inferred,TGFB1,52.44,18,16365456|19138248
Asthma,Pyruvaldehyde,D011765,78-98-8,gene_inferred,TNF,52.44,18,12356572|14681301|16456144|17450233|20049212|25960783
Asthma,Pyruvaldehyde,D011765,78-98-8,gene_inferred,TRPA1,52.44,18,19458046
Asthma,Pyruvaldehyde,D011765,78-98-8,gene_inferred,VEGFA,52.44,18,11907124|15201500|19263519
Asthma,Carnosine,D002336,305-84-0,gene_inferred,AGER,52.36,15,33075463
Asthma,Carnosine,D002336,305-84-0,gene_inferred,BCL2,52.36,15,18357729
Asthma,Carnosine,D002336,305-84-0,gene_inferred,CAT,52.36,15,18048809
Asthma,Carnosine,D002336,305-84-0,gene_inferred,CCL2,52.36,15,19373627
Asthma,Carnosine,D002336,305-84-0,gene_inferred,CYP2E1,52.36,15,28807506
Asthma,Carnosine,D002336,305-84-0,gene_inferred,ICAM1,52.36,15,17014439|25003170
Asthma,Carnosine,D002336,305-84-0,gene_inferred,IL10,52.36,15,29317916
Asthma,Carnosine,D002336,305-84-0,gene_inferred,IL1B,52.36,15,9176529
Asthma,Carnosine,D002336,305-84-0,gene_inferred,IL6,52.36,15,29902480
Asthma,Carnosine,D002336,305-84-0,gene_inferred,NOS2,52.36,15,19800904
Asthma,Carnosine,D002336,305-84-0,gene_inferred,PARP1,52.36,15,18261157
Asthma,Carnosine,D002336,305-84-0,gene_inferred,SOD1,52.36,15,22867017
Asthma,Carnosine,D002336,305-84-0,gene_inferred,TGFB1,52.36,15,16365456|19138248
Asthma,Carnosine,D002336,305-84-0,gene_inferred,TNF,52.36,15,12356572|14681301|16456144|17450233|20049212|25960783
Asthma,Carnosine,D002336,305-84-0,gene_inferred,VEGFA,52.36,15,11907124|15201500|19263519
Asthma,Water,D014867,7732-18-5,gene_inferred,BCL2,52.33,16,18357729
Asthma,Water,D014867,7732-18-5,gene_inferred,CAT,52.33,16,18048809
Asthma,Water,D014867,7732-18-5,gene_inferred,CCL2,52.33,16,19373627
Asthma,Water,D014867,7732-18-5,gene_inferred,CYP2E1,52.33,16,28807506
Asthma,Water,D014867,7732-18-5,gene_inferred,EDN1,52.33,16,16981460
Asthma,Water,D014867,7732-18-5,gene_inferred,HMOX1,52.33,16,18048809
Asthma,Water,D014867,7732-18-5,gene_inferred,IL10,52.33,16,29317916
Asthma,Water,D014867,7732-18-5,gene_inferred,IL1B,52.33,16,9176529
Asthma,Water,D014867,7732-18-5,gene_inferred,IL6,52.33,16,29902480
Asthma,Water,D014867,7732-18-5,gene_inferred,NOS2,52.33,16,19800904
Asthma,Water,D014867,7732-18-5,gene_inferred,NPSR1,52.33,16,15710598|15764725|16926187
Asthma,Water,D014867,7732-18-5,gene_inferred,NPY,52.33,16,9731035
Asthma,Water,D014867,7732-18-5,gene_inferred,NQO1,52.33,16,20049212
Asthma,Water,D014867,7732-18-5,gene_inferred,SOD1,52.33,16,22867017
Asthma,Water,D014867,7732-18-5,gene_inferred,SOD2,52.33,16,28208751
Asthma,Water,D014867,7732-18-5,gene_inferred,TNF,52.33,16,12356572|14681301|16456144|17450233|20049212|25960783
Asthma,Colforsin,D005576,138605-00-2,gene_inferred,AREG,52.28,26,15696081
Asthma,Colforsin,D005576,138605-00-2,gene_inferred,BCL2,52.28,26,18357729
Asthma,Colforsin,D005576,138605-00-2,gene_inferred,CAT,52.28,26,18048809
Asthma,Colforsin,D005576,138605-00-2,gene_inferred,CCL5,52.28,26,8534483
Asthma,Colforsin,D005576,138605-00-2,gene_inferred,CYP2E1,52.28,26,28807506
Asthma,Colforsin,D005576,138605-00-2,gene_inferred,EDN1,52.28,26,16981460
Asthma,Colforsin,D005576,138605-00-2,gene_inferred,HMOX1,52.28,26,18048809
Asthma,Colforsin,D005576,138605-00-2,gene_inferred,HSD11B2,52.28,26,11932298
Asthma,Colforsin,D005576,138605-00-2,gene_inferred,HTR2A,52.28,26,25322896
Asthma,Colforsin,D005576,138605-00-2,gene_inferred,ICAM1,52.28,26,17014439|25003170
Asthma,Colforsin,D005576,138605-00-2,gene_inferred,IL10,52.28,26,29317916
Asthma,Colforsin,D005576,138605-00-2,gene_inferred,IL13,52.28,26,22867017
Asthma,Colforsin,D005576,138605-00-2,gene_inferred,IL1B,52.28,26,9176529
Asthma,Colforsin,D005576,138605-00-2,gene_inferred,IL4,52.28,26,18357729|33861987
Asthma,Colforsin,D005576,138605-00-2,gene_inferred,IL5,52.28,26,23266719|7540862
Asthma,Colforsin,D005576,138605-00-2,gene_inferred,IL6,52.28,26,29902480
Asthma,Colforsin,D005576,138605-00-2,gene_inferred,MMP1,52.28,26,24469321
Asthma,Colforsin,D005576,138605-00-2,gene_inferred,MMP9,52.28,26,11742282|15131573
Asthma,Colforsin,D005576,138605-00-2,gene_inferred,PARP1,52.28,26,18261157
Asthma,Colforsin,D005576,138605-00-2,gene_inferred,PDE4B,52.28,26,21912604
Asthma,Colforsin,D005576,138605-00-2,gene_inferred,PDE4D,52.28,26,19426955|21611147
Asthma,Colforsin,D005576,138605-00-2,gene_inferred,SOD1,52.28,26,22867017
Asthma,Colforsin,D005576,138605-00-2,gene_inferred,SOD2,52.28,26,28208751
Asthma,Colforsin,D005576,138605-00-2,gene_inferred,TGFB1,52.28,26,16365456|19138248
Asthma,Colforsin,D005576,138605-00-2,gene_inferred,TNF,52.28,26,12356572|14681301|16456144|17450233|20049212|25960783
Asthma,Colforsin,D005576,138605-00-2,gene_inferred,VEGFA,52.28,26,11907124|15201500|19263519
Asthma,Trinitrobenzenesulfonic Acid,D014302,2508-19-2,gene_inferred,AGER,52.06,28,33075463
Asthma,Trinitrobenzenesulfonic Acid,D014302,2508-19-2,gene_inferred,ARG1,52.06,28,19281908|19800904
Asthma,Trinitrobenzenesulfonic Acid,D014302,2508-19-2,gene_inferred,ARG2,52.06,28,19281908
Asthma,Trinitrobenzenesulfonic Acid,D014302,2508-19-2,gene_inferred,BCL2,52.06,28,18357729
Asthma,Trinitrobenzenesulfonic Acid,D014302,2508-19-2,gene_inferred,BGLAP,52.06,28,8429434
Asthma,Trinitrobenzenesulfonic Acid,D014302,2508-19-2,gene_inferred,CAT,52.06,28,18048809
Asthma,Trinitrobenzenesulfonic Acid,D014302,2508-19-2,gene_inferred,CCL2,52.06,28,19373627
Asthma,Trinitrobenzenesulfonic Acid,D014302,2508-19-2,gene_inferred,CD14,52.06,28,17607003
Asthma,Trinitrobenzenesulfonic Acid,D014302,2508-19-2,gene_inferred,CXCL14,52.06,28,21150878
Asthma,Trinitrobenzenesulfonic Acid,D014302,2508-19-2,gene_inferred,CYP2E1,52.06,28,28807506
Asthma,Trinitrobenzenesulfonic Acid,D014302,2508-19-2,gene_inferred,HMOX1,52.06,28,18048809
Asthma,Trinitrobenzenesulfonic Acid,D014302,2508-19-2,gene_inferred,HTR2A,52.06,28,25322896
Asthma,Trinitrobenzenesulfonic Acid,D014302,2508-19-2,gene_inferred,ICAM1,52.06,28,17014439|25003170
Asthma,Trinitrobenzenesulfonic Acid,D014302,2508-19-2,gene_inferred,IL10,52.06,28,29317916
Asthma,Trinitrobenzenesulfonic Acid,D014302,2508-19-2,gene_inferred,IL1B,52.06,28,9176529
Asthma,Trinitrobenzenesulfonic Acid,D014302,2508-19-2,gene_inferred,IL1RL1,52.06,28,19198610|21150878|21804549|24241537|27472835
Asthma,Trinitrobenzenesulfonic Acid,D014302,2508-19-2,gene_inferred,IL1RN,52.06,28,9176529
Asthma,Trinitrobenzenesulfonic Acid,D014302,2508-19-2,gene_inferred,IL4,52.06,28,18357729|33861987
Asthma,Trinitrobenzenesulfonic Acid,D014302,2508-19-2,gene_inferred,IL6,52.06,28,29902480
Asthma,Trinitrobenzenesulfonic Acid,D014302,2508-19-2,gene_inferred,MMP1,52.06,28,24469321
Asthma,Trinitrobenzenesulfonic Acid,D014302,2508-19-2,gene_inferred,MMP9,52.06,28,11742282|15131573
Asthma,Trinitrobenzenesulfonic Acid,D014302,2508-19-2,gene_inferred,NOS2,52.06,28,19800904
Asthma,Trinitrobenzenesulfonic Acid,D014302,2508-19-2,gene_inferred,NQO1,52.06,28,20049212
Asthma,Trinitrobenzenesulfonic Acid,D014302,2508-19-2,gene_inferred,PLA2G7,52.06,28,10733466
Asthma,Trinitrobenzenesulfonic Acid,D014302,2508-19-2,gene_inferred,TGFB1,52.06,28,16365456|19138248
Asthma,Trinitrobenzenesulfonic Acid,D014302,2508-19-2,gene_inferred,TNC,52.06,28,16115819
Asthma,Trinitrobenzenesulfonic Acid,D014302,2508-19-2,gene_inferred,TNF,52.06,28,12356572|14681301|16456144|17450233|20049212|25960783
Asthma,Trinitrobenzenesulfonic Acid,D014302,2508-19-2,gene_inferred,VEGFA,52.06,28,11907124|15201500|19263519
Asthma,Benzene,D001554,71-43-2,gene_inferred,ALDH2,51.65,39,11506308|9600491
Asthma,Benzene,D001554,71-43-2,gene_inferred,ALOX5,51.65,39,
Asthma,Benzene,D001554,71-43-2,gene_inferred,BCL2,51.65,39,18357729
Asthma,Benzene,D001554,71-43-2,gene_inferred,CAT,51.65,39,18048809
Asthma,Benzene,D001554,71-43-2,gene_inferred,CCL2,51.65,39,19373627
Asthma,Benzene,D001554,71-43-2,gene_inferred,CCL5,51.65,39,8534483
Asthma,Benzene,D001554,71-43-2,gene_inferred,CTLA4,51.65,39,28807506
Asthma,Benzene,D001554,71-43-2,gene_inferred,CYP2E1,51.65,39,28807506
Asthma,Benzene,D001554,71-43-2,gene_inferred,DNMT1,51.65,39,23423710
Asthma,Benzene,D001554,71-43-2,gene_inferred,FOXP3,51.65,39,27965764|29317916
Asthma,Benzene,D001554,71-43-2,gene_inferred,GSTM1,51.65,39,16870661|18988661
Asthma,Benzene,D001554,71-43-2,gene_inferred,GSTP1,51.65,39,11994713|16870661|18988661|24117884|29411558
Asthma,Benzene,D001554,71-43-2,gene_inferred,HLA-DPB1,51.65,39,16792590|17956852
Asthma,Benzene,D001554,71-43-2,gene_inferred,HLA-DQA1,51.65,39,10792356
Asthma,Benzene,D001554,71-43-2,gene_inferred,HMOX1,51.65,39,18048809
Asthma,Benzene,D001554,71-43-2,gene_inferred,IL10,51.65,39,29317916
Asthma,Benzene,D001554,71-43-2,gene_inferred,IL1B,51.65,39,9176529
Asthma,Benzene,D001554,71-43-2,gene_inferred,IL1RN,51.65,39,9176529
Asthma,Benzene,D001554,71-43-2,gene_inferred,IL4,51.65,39,18357729|33861987
Asthma,Benzene,D001554,71-43-2,gene_inferred,IL4R,51.65,39,25867440|33861987|36910341
Asthma,Benzene,D001554,71-43-2,gene_inferred,IL6,51.65,39,29902480
Asthma,Benzene,D001554,71-43-2,gene_inferred,IL6R,51.65,39,29902480
Asthma,Benzene,D001554,71-43-2,gene_inferred,MMP9,51.65,39,11742282|15131573
Asthma,Benzene,D001554,71-43-2,gene_inferred,MYB,51.65,39,19198610
Asthma,Benzene,D001554,71-43-2,gene_inferred,NOS2,51.65,39,19800904
Asthma,Benzene,D001554,71-43-2,gene_inferred,NQO1,51.65,39,20049212
Asthma,Benzene,D001554,71-43-2,gene_inferred,PARP1,51.65,39,18261157
Asthma,Benzene,D001554,71-43-2,gene_inferred,PDE4D,51.65,39,19426955|21611147
Asthma,Benzene,D001554,71-43-2,gene_inferred,PLA2G7,51.65,39,10733466
Asthma,Benzene,D001554,71-43-2,gene_inferred,PTEN,51.65,39,17982072
Asthma,Benzene,D001554,71-43-2,gene_inferred,RAD50,51.65,39,24241537
Asthma,Benzene,D001554,71-43-2,gene_inferred,SOD1,51.65,39,22867017
Asthma,Benzene,D001554,71-43-2,gene_inferred,SOD2,51.65,39,28208751
Asthma,Benzene,D001554,71-43-2,gene_inferred,STAT4,51.65,39,28807506
Asthma,Benzene,D001554,71-43-2,gene_inferred,TGFB1,51.65,39,16365456|19138248
Asthma,Benzene,D001554,71-43-2,gene_inferred,TNC,51.65,39,16115819
Asthma,Benzene,D001554,71-43-2,gene_inferred,TNF,51.65,39,12356572|14681301|16456144|17450233|20049212|25960783
Asthma,Benzene,D001554,71-43-2,gene_inferred,TRPA1,51.65,39,19458046
Asthma,Benzene,D001554,71-43-2,gene_inferred,VEGFA,51.65,39,11907124|15201500|19263519
Asthma,Zinc Oxide,D015034,1314-13-2,gene_inferred,ADCYAP1R1,51.52,26,21059121
Asthma,Zinc Oxide,D015034,1314-13-2,gene_inferred,BCL2,51.52,26,18357729
Asthma,Zinc Oxide,D015034,1314-13-2,gene_inferred,CAT,51.52,26,18048809
Asthma,Zinc Oxide,D015034,1314-13-2,gene_inferred,CCL2,51.52,26,19373627
Asthma,Zinc Oxide,D015034,1314-13-2,gene_inferred,CCL5,51.52,26,8534483
Asthma,Zinc Oxide,D015034,1314-13-2,gene_inferred,CXCL14,51.52,26,21150878
Asthma,Zinc Oxide,D015034,1314-13-2,gene_inferred,HMOX1,51.52,26,18048809
Asthma,Zinc Oxide,D015034,1314-13-2,gene_inferred,HSD11B2,51.52,26,11932298
Asthma,Zinc Oxide,D015034,1314-13-2,gene_inferred,ICAM1,51.52,26,17014439|25003170
Asthma,Zinc Oxide,D015034,1314-13-2,gene_inferred,IL10,51.52,26,29317916
Asthma,Zinc Oxide,D015034,1314-13-2,gene_inferred,IL1B,51.52,26,9176529
Asthma,Zinc Oxide,D015034,1314-13-2,gene_inferred,IL1RN,51.52,26,9176529
Asthma,Zinc Oxide,D015034,1314-13-2,gene_inferred,IL33,51.52,26,19198610|21804549|24241537|27472835|29067999
Asthma,Zinc Oxide,D015034,1314-13-2,gene_inferred,IL4,51.52,26,18357729|33861987
Asthma,Zinc Oxide,D015034,1314-13-2,gene_inferred,IL6,51.52,26,29902480
Asthma,Zinc Oxide,D015034,1314-13-2,gene_inferred,MMP9,51.52,26,11742282|15131573
Asthma,Zinc Oxide,D015034,1314-13-2,gene_inferred,NOS2,51.52,26,19800904
Asthma,Zinc Oxide,D015034,1314-13-2,gene_inferred,NPY,51.52,26,9731035
Asthma,Zinc Oxide,D015034,1314-13-2,gene_inferred,NQO1,51.52,26,20049212
Asthma,Zinc Oxide,D015034,1314-13-2,gene_inferred,OVAL,51.52,26,22733167|24950052|25739523|26549244|28529457
Asthma,Zinc Oxide,D015034,1314-13-2,gene_inferred,PARP1,51.52,26,18261157
Asthma,Zinc Oxide,D015034,1314-13-2,gene_inferred,PDE4B,51.52,26,21912604
Asthma,Zinc Oxide,D015034,1314-13-2,gene_inferred,SOD1,51.52,26,22867017
Asthma,Zinc Oxide,D015034,1314-13-2,gene_inferred,SOD2,51.52,26,28208751
Asthma,Zinc Oxide,D015034,1314-13-2,gene_inferred,TGFB1,51.52,26,16365456|19138248
Asthma,Zinc Oxide,D015034,1314-13-2,gene_inferred,TNF,51.52,26,12356572|14681301|16456144|17450233|20049212|25960783
Asthma,Buthionine Sulfoximine,D019328,5072-26-4,gene_inferred,BCL2,51.45,25,18357729
Asthma,Buthionine Sulfoximine,D019328,5072-26-4,gene_inferred,CAT,51.45,25,18048809
Asthma,Buthionine Sulfoximine,D019328,5072-26-4,gene_inferred,CCL11,51.45,25,
Asthma,Buthionine Sulfoximine,D019328,5072-26-4,gene_inferred,CCL2,51.45,25,19373627
Asthma,Buthionine Sulfoximine,D019328,5072-26-4,gene_inferred,CCL5,51.45,25,8534483
Asthma,Buthionine Sulfoximine,D019328,5072-26-4,gene_inferred,CYP2E1,51.45,25,28807506
Asthma,Buthionine Sulfoximine,D019328,5072-26-4,gene_inferred,FOXP3,51.45,25,27965764|29317916
Asthma,Buthionine Sulfoximine,D019328,5072-26-4,gene_inferred,GSTM1,51.45,25,16870661|18988661
Asthma,Buthionine Sulfoximine,D019328,5072-26-4,gene_inferred,GSTP1,51.45,25,11994713|16870661|18988661|24117884|29411558
Asthma,Buthionine Sulfoximine,D019328,5072-26-4,gene_inferred,HMOX1,51.45,25,18048809
Asthma,Buthionine Sulfoximine,D019328,5072-26-4,gene_inferred,ICAM1,51.45,25,17014439|25003170
Asthma,Buthionine Sulfoximine,D019328,5072-26-4,gene_inferred,IL10,51.45,25,29317916
Asthma,Buthionine Sulfoximine,D019328,5072-26-4,gene_inferred,IL1B,51.45,25,9176529
Asthma,Buthionine Sulfoximine,D019328,5072-26-4,gene_inferred,IL4,51.45,25,18357729|33861987
Asthma,Buthionine Sulfoximine,D019328,5072-26-4,gene_inferred,IL6,51.45,25,29902480
Asthma,Buthionine Sulfoximine,D019328,5072-26-4,gene_inferred,MMP1,51.45,25,24469321
Asthma,Buthionine Sulfoximine,D019328,5072-26-4,gene_inferred,NOS2,51.45,25,19800904
Asthma,Buthionine Sulfoximine,D019328,5072-26-4,gene_inferred,NQO1,51.45,25,20049212
Asthma,Buthionine Sulfoximine,D019328,5072-26-4,gene_inferred,PARP1,51.45,25,18261157
Asthma,Buthionine Sulfoximine,D019328,5072-26-4,gene_inferred,PTEN,51.45,25,17982072
Asthma,Buthionine Sulfoximine,D019328,5072-26-4,gene_inferred,SOD1,51.45,25,22867017
Asthma,Buthionine Sulfoximine,D019328,5072-26-4,gene_inferred,SOD2,51.45,25,28208751
Asthma,Buthionine Sulfoximine,D019328,5072-26-4,gene_inferred,TBX21,51.45,25,15806396
Asthma,Buthionine Sulfoximine,D019328,5072-26-4,gene_inferred,TNF,51.45,25,12356572|14681301|16456144|17450233|20049212|25960783
Asthma,Buthionine Sulfoximine,D019328,5072-26-4,gene_inferred,VEGFA,51.45,25,11907124|15201500|19263519
Asthma,Zymosan,D015054,9010-72-4,gene_inferred,ALOX5,51.41,20,
Asthma,Zymosan,D015054,9010-72-4,gene_inferred,ARG2,51.41,20,19281908
Asthma,Zymosan,D015054,9010-72-4,gene_inferred,BCL2,51.41,20,18357729
Asthma,Zymosan,D015054,9010-72-4,gene_inferred,CAT,51.41,20,18048809
Asthma,Zymosan,D015054,9010-72-4,gene_inferred,CCL2,51.41,20,19373627
Asthma,Zymosan,D015054,9010-72-4,gene_inferred,HMOX1,51.41,20,18048809
Asthma,Zymosan,D015054,9010-72-4,gene_inferred,ICAM1,51.41,20,17014439|25003170
Asthma,Zymosan,D015054,9010-72-4,gene_inferred,IL10,51.41,20,29317916
Asthma,Zymosan,D015054,9010-72-4,gene_inferred,IL1B,51.41,20,9176529
Asthma,Zymosan,D015054,9010-72-4,gene_inferred,IL1RN,51.41,20,9176529
Asthma,Zymosan,D015054,9010-72-4,gene_inferred,IL4,51.41,20,18357729|33861987
Asthma,Zymosan,D015054,9010-72-4,gene_inferred,IL6,51.41,20,29902480
Asthma,Zymosan,D015054,9010-72-4,gene_inferred,MMP1,51.41,20,24469321
Asthma,Zymosan,D015054,9010-72-4,gene_inferred,MMP9,51.41,20,11742282|15131573
Asthma,Zymosan,D015054,9010-72-4,gene_inferred,NOS2,51.41,20,19800904
Asthma,Zymosan,D015054,9010-72-4,gene_inferred,PLA2G7,51.41,20,10733466
Asthma,Zymosan,D015054,9010-72-4,gene_inferred,SOD1,51.41,20,22867017
Asthma,Zymosan,D015054,9010-72-4,gene_inferred,TGFB1,51.41,20,16365456|19138248
Asthma,Zymosan,D015054,9010-72-4,gene_inferred,TNF,51.41,20,12356572|14681301|16456144|17450233|20049212|25960783
Asthma,Zymosan,D015054,9010-72-4,gene_inferred,VEGFA,51.41,20,11907124|15201500|19263519
Asthma,"Asbestos, Serpentine",D017632,,gene_inferred,ADCYAP1R1,51.19,33,21059121
Asthma,"Asbestos, Serpentine",D017632,,gene_inferred,AREG,51.19,33,15696081
Asthma,"Asbestos, Serpentine",D017632,,gene_inferred,BCL2,51.19,33,18357729
Asthma,"Asbestos, Serpentine",D017632,,gene_inferred,CAT,51.19,33,18048809
Asthma,"Asbestos, Serpentine",D017632,,gene_inferred,CCL11,51.19,33,
Asthma,"Asbestos, Serpentine",D017632,,gene_inferred,CCL2,51.19,33,19373627
Asthma,"Asbestos, Serpentine",D017632,,gene_inferred,CCL5,51.19,33,8534483
Asthma,"Asbestos, Serpentine",D017632,,gene_inferred,HMOX1,51.19,33,18048809
Asthma,"Asbestos, Serpentine",D017632,,gene_inferred,ICAM1,51.19,33,17014439|25003170
Asthma,"Asbestos, Serpentine",D017632,,gene_inferred,IL10,51.19,33,29317916
Asthma,"Asbestos, Serpentine",D017632,,gene_inferred,IL13,51.19,33,22867017
Asthma,"Asbestos, Serpentine",D017632,,gene_inferred,IL1B,51.19,33,9176529
Asthma,"Asbestos, Serpentine",D017632,,gene_inferred,IL1RL1,51.19,33,19198610|21150878|21804549|24241537|27472835
Asthma,"Asbestos, Serpentine",D017632,,gene_inferred,IL1RN,51.19,33,9176529
Asthma,"Asbestos, Serpentine",D017632,,gene_inferred,IL4,51.19,33,18357729|33861987
Asthma,"Asbestos, Serpentine",D017632,,gene_inferred,IL5,51.19,33,23266719|7540862
Asthma,"Asbestos, Serpentine",D017632,,gene_inferred,IL6,51.19,33,29902480
Asthma,"Asbestos, Serpentine",D017632,,gene_inferred,KRT19,51.19,33,15478392
Asthma,"Asbestos, Serpentine",D017632,,gene_inferred,MMP1,51.19,33,24469321
Asthma,"Asbestos, Serpentine",D017632,,gene_inferred,MMP10,51.19,33,16926187
Asthma,"Asbestos, Serpentine",D017632,,gene_inferred,MMP9,51.19,33,11742282|15131573
Asthma,"Asbestos, Serpentine",D017632,,gene_inferred,NOS2,51.19,33,19800904
Asthma,"Asbestos, Serpentine",D017632,,gene_inferred,PARP1,51.19,33,18261157
Asthma,"Asbestos, Serpentine",D017632,,gene_inferred,PLAU,51.19,33,21912604
Asthma,"Asbestos, Serpentine",D017632,,gene_inferred,SOD1,51.19,33,22867017
Asthma,"Asbestos, Serpentine",D017632,,gene_inferred,SOD2,51.19,33,28208751
Asthma,"Asbestos, Serpentine",D017632,,gene_inferred,STAT4,51.19,33,28807506
Asthma,"Asbestos, Serpentine",D017632,,gene_inferred,TGFB1,51.19,33,16365456|19138248
Asthma,"Asbestos, Serpentine",D017632,,gene_inferred,TIMP3,51.19,33,16926187
Asthma,"Asbestos, Serpentine",D017632,,gene_inferred,TNC,51.19,33,16115819
Asthma,"Asbestos, Serpentine",D017632,,gene_inferred,TNF,51.19,33,12356572|14681301|16456144|17450233|20049212|25960783
Asthma,"Asbestos, Serpentine",D017632,,gene_inferred,TNIP1,51.19,33,24453940
Asthma,"Asbestos, Serpentine",D017632,,gene_inferred,TSLP,51.19,33,21804549
Asthma,Losartan,D019808,114798-26-4,gene_inferred,AGER,51.03,23,33075463
Asthma,Losartan,D019808,114798-26-4,gene_inferred,ALOX5,51.03,23,
Asthma,Losartan,D019808,114798-26-4,gene_inferred,ARG1,51.03,23,19281908|19800904
Asthma,Losartan,D019808,114798-26-4,gene_inferred,BCL2,51.03,23,18357729
Asthma,Losartan,D019808,114798-26-4,gene_inferred,CAT,51.03,23,18048809
Asthma,Losartan,D019808,114798-26-4,gene_inferred,CCL2,51.03,23,19373627
Asthma,Losartan,D019808,114798-26-4,gene_inferred,CCL5,51.03,23,8534483
Asthma,Losartan,D019808,114798-26-4,gene_inferred,EDN1,51.03,23,16981460
Asthma,Losartan,D019808,114798-26-4,gene_inferred,HMOX1,51.03,23,18048809
Asthma,Losartan,D019808,114798-26-4,gene_inferred,ICAM1,51.03,23,17014439|25003170
Asthma,Losartan,D019808,114798-26-4,gene_inferred,IL10,51.03,23,29317916
Asthma,Losartan,D019808,114798-26-4,gene_inferred,IL1B,51.03,23,9176529
Asthma,Losartan,D019808,114798-26-4,gene_inferred,IL4,51.03,23,18357729|33861987
Asthma,Losartan,D019808,114798-26-4,gene_inferred,IL6,51.03,23,29902480
Asthma,Losartan,D019808,114798-26-4,gene_inferred,MMP9,51.03,23,11742282|15131573
Asthma,Losartan,D019808,114798-26-4,gene_inferred,NOS2,51.03,23,19800904
Asthma,Losartan,D019808,114798-26-4,gene_inferred,NPY,51.03,23,9731035
Asthma,Losartan,D019808,114798-26-4,gene_inferred,PARP1,51.03,23,18261157
Asthma,Losartan,D019808,114798-26-4,gene_inferred,SOD2,51.03,23,28208751
Asthma,Losartan,D019808,114798-26-4,gene_inferred,TGFB1,51.03,23,16365456|19138248
Asthma,Losartan,D019808,114798-26-4,gene_inferred,TNC,51.03,23,16115819
Asthma,Losartan,D019808,114798-26-4,gene_inferred,TNF,51.03,23,12356572|14681301|16456144|17450233|20049212|25960783
Asthma,Losartan,D019808,114798-26-4,gene_inferred,VEGFA,51.03,23,11907124|15201500|19263519
Asthma,Aerosols,D000336,,gene_inferred,CAT,50.87,22,18048809
Asthma,Aerosols,D000336,,gene_inferred,CCL2,50.87,22,19373627
Asthma,Aerosols,D000336,,gene_inferred,CCL5,50.87,22,8534483
Asthma,Aerosols,D000336,,gene_inferred,CXCL14,50.87,22,21150878
Asthma,Aerosols,D000336,,gene_inferred,CYP2E1,50.87,22,28807506
Asthma,Aerosols,D000336,,gene_inferred,HMOX1,50.87,22,18048809
Asthma,Aerosols,D000336,,gene_inferred,IL1B,50.87,22,9176529
Asthma,Aerosols,D000336,,gene_inferred,IL1RL1,50.87,22,19198610|21150878|21804549|24241537|27472835
Asthma,Aerosols,D000336,,gene_inferred,IL6,50.87,22,29902480
Asthma,Aerosols,D000336,,gene_inferred,KRT19,50.87,22,15478392
Asthma,Aerosols,D000336,,gene_inferred,MMP1,50.87,22,24469321
Asthma,Aerosols,D000336,,gene_inferred,MMP10,50.87,22,16926187
Asthma,Aerosols,D000336,,gene_inferred,MMP9,50.87,22,11742282|15131573
Asthma,Aerosols,D000336,,gene_inferred,NAT1,50.87,22,31809667
Asthma,Aerosols,D000336,,gene_inferred,NQO1,50.87,22,20049212
Asthma,Aerosols,D000336,,gene_inferred,PLAU,50.87,22,21912604
Asthma,Aerosols,D000336,,gene_inferred,PTEN,50.87,22,17982072
Asthma,Aerosols,D000336,,gene_inferred,SOD1,50.87,22,22867017
Asthma,Aerosols,D000336,,gene_inferred,SOD2,50.87,22,28208751
Asthma,Aerosols,D000336,,gene_inferred,TGFB1,50.87,22,16365456|19138248
Asthma,Aerosols,D000336,,gene_inferred,TNF,50.87,22,12356572|14681301|16456144|17450233|20049212|25960783
Asthma,Aerosols,D000336,,gene_inferred,VEGFA,50.87,22,11907124|15201500|19263519
Asthma,Reactive Oxygen Species,D017382,,gene_inferred,AGER,50.79,27,33075463
Asthma,Reactive Oxygen Species,D017382,,gene_inferred,ALDH2,50.79,27,11506308|9600491
Asthma,Reactive Oxygen Species,D017382,,gene_inferred,ALOX5,50.79,27,
Asthma,Reactive Oxygen Species,D017382,,gene_inferred,BCL2,50.79,27,18357729
Asthma,Reactive Oxygen Species,D017382,,gene_inferred,CAT,50.79,27,18048809
Asthma,Reactive Oxygen Species,D017382,,gene_inferred,CCL11,50.79,27,
Asthma,Reactive Oxygen Species,D017382,,gene_inferred,CCL2,50.79,27,19373627
Asthma,Reactive Oxygen Species,D017382,,gene_inferred,CCL5,50.79,27,8534483
Asthma,Reactive Oxygen Species,D017382,,gene_inferred,CYP2E1,50.79,27,28807506
Asthma,Reactive Oxygen Species,D017382,,gene_inferred,EDN1,50.79,27,16981460
Asthma,Reactive Oxygen Species,D017382,,gene_inferred,HMOX1,50.79,27,18048809
Asthma,Reactive Oxygen Species,D017382,,gene_inferred,ICAM1,50.79,27,17014439|25003170
Asthma,Reactive Oxygen Species,D017382,,gene_inferred,IL1B,50.79,27,9176529
Asthma,Reactive Oxygen Species,D017382,,gene_inferred,IL1RL1,50.79,27,19198610|21150878|21804549|24241537|27472835
Asthma,Reactive Oxygen Species,D017382,,gene_inferred,IL4,50.79,27,18357729|33861987
Asthma,Reactive Oxygen Species,D017382,,gene_inferred,IL5,50.79,27,23266719|7540862
Asthma,Reactive Oxygen Species,D017382,,gene_inferred,IL6,50.79,27,29902480
Asthma,Reactive Oxygen Species,D017382,,gene_inferred,MMP1,50.79,27,24469321
Asthma,Reactive Oxygen Species,D017382,,gene_inferred,MMP9,50.79,27,11742282|15131573
Asthma,Reactive Oxygen Species,D017382,,gene_inferred,NOS2,50.79,27,19800904
Asthma,Reactive Oxygen Species,D017382,,gene_inferred,PARP1,50.79,27,18261157
Asthma,Reactive Oxygen Species,D017382,,gene_inferred,PTEN,50.79,27,17982072
Asthma,Reactive Oxygen Species,D017382,,gene_inferred,SOD1,50.79,27,22867017
Asthma,Reactive Oxygen Species,D017382,,gene_inferred,SOD2,50.79,27,28208751
Asthma,Reactive Oxygen Species,D017382,,gene_inferred,TGFB1,50.79,27,16365456|19138248
Asthma,Reactive Oxygen Species,D017382,,gene_inferred,TNF,50.79,27,12356572|14681301|16456144|17450233|20049212|25960783
Asthma,Reactive Oxygen Species,D017382,,gene_inferred,VEGFA,50.79,27,11907124|15201500|19263519
Asthma,Coal Ash,D060729,,gene_inferred,AGER,50.67,20,33075463
Asthma,Coal Ash,D060729,,gene_inferred,AREG,50.67,20,15696081
Asthma,Coal Ash,D060729,,gene_inferred,ARG1,50.67,20,19281908|19800904
Asthma,Coal Ash,D060729,,gene_inferred,CAT,50.67,20,18048809
Asthma,Coal Ash,D060729,,gene_inferred,CCL2,50.67,20,19373627
Asthma,Coal Ash,D060729,,gene_inferred,HMOX1,50.67,20,18048809
Asthma,Coal Ash,D060729,,gene_inferred,HSD11B2,50.67,20,11932298
Asthma,Coal Ash,D060729,,gene_inferred,ICAM1,50.67,20,17014439|25003170
Asthma,Coal Ash,D060729,,gene_inferred,IL10,50.67,20,29317916
Asthma,Coal Ash,D060729,,gene_inferred,IL1B,50.67,20,9176529
Asthma,Coal Ash,D060729,,gene_inferred,IL33,50.67,20,19198610|21804549|24241537|27472835|29067999
Asthma,Coal Ash,D060729,,gene_inferred,IL6,50.67,20,29902480
Asthma,Coal Ash,D060729,,gene_inferred,MMP1,50.67,20,24469321
Asthma,Coal Ash,D060729,,gene_inferred,MMP9,50.67,20,11742282|15131573
Asthma,Coal Ash,D060729,,gene_inferred,MYB,50.67,20,19198610
Asthma,Coal Ash,D060729,,gene_inferred,NOS2,50.67,20,19800904
Asthma,Coal Ash,D060729,,gene_inferred,PARP1,50.67,20,18261157
Asthma,Coal Ash,D060729,,gene_inferred,TGFB1,50.67,20,16365456|19138248
Asthma,Coal Ash,D060729,,gene_inferred,TNF,50.67,20,12356572|14681301|16456144|17450233|20049212|25960783
Asthma,Coal Ash,D060729,,gene_inferred,TRPA1,50.67,20,19458046
Asthma,Histamine,D006632,51-45-6,gene_inferred,ALOX5,50.67,19,
Asthma,Histamine,D006632,51-45-6,gene_inferred,BCL2,50.67,19,18357729
Asthma,Histamine,D006632,51-45-6,gene_inferred,CAT,50.67,19,18048809
Asthma,Histamine,D006632,51-45-6,gene_inferred,CCL2,50.67,19,19373627
Asthma,Histamine,D006632,51-45-6,gene_inferred,CD14,50.67,19,17607003
Asthma,Histamine,D006632,51-45-6,gene_inferred,EDN1,50.67,19,16981460
Asthma,Histamine,D006632,51-45-6,gene_inferred,HNMT,50.67,19,17651147
Asthma,Histamine,D006632,51-45-6,gene_inferred,ICAM1,50.67,19,17014439|25003170
Asthma,Histamine,D006632,51-45-6,gene_inferred,IL10,50.67,19,29317916
Asthma,Histamine,D006632,51-45-6,gene_inferred,IL1B,50.67,19,9176529
Asthma,Histamine,D006632,51-45-6,gene_inferred,IL4,50.67,19,18357729|33861987
Asthma,Histamine,D006632,51-45-6,gene_inferred,IL5,50.67,19,23266719|7540862
Asthma,Histamine,D006632,51-45-6,gene_inferred,IL6,50.67,19,29902480
Asthma,Histamine,D006632,51-45-6,gene_inferred,MMP1,50.67,19,24469321
Asthma,Histamine,D006632,51-45-6,gene_inferred,NOS2,50.67,19,19800904
Asthma,Histamine,D006632,51-45-6,gene_inferred,OVAL,50.67,19,22733167|24950052|25739523|26549244|28529457
Asthma,Histamine,D006632,51-45-6,gene_inferred,PDE4B,50.67,19,21912604
Asthma,Histamine,D006632,51-45-6,gene_inferred,SOD1,50.67,19,22867017
Asthma,Histamine,D006632,51-45-6,gene_inferred,TNF,50.67,19,12356572|14681301|16456144|17450233|20049212|25960783
Asthma,Mustard Gas,D009151,505-60-2,gene_inferred,AGER,50.61,41,33075463
Asthma,Mustard Gas,D009151,505-60-2,gene_inferred,ARG1,50.61,41,19281908|19800904
Asthma,Mustard Gas,D009151,505-60-2,gene_inferred,BCL2,50.61,41,18357729
Asthma,Mustard Gas,D009151,505-60-2,gene_inferred,BGLAP,50.61,41,8429434
Asthma,Mustard Gas,D009151,505-60-2,gene_inferred,CAT,50.61,41,18048809
Asthma,Mustard Gas,D009151,505-60-2,gene_inferred,CCL11,50.61,41,
Asthma,Mustard Gas,D009151,505-60-2,gene_inferred,CCL2,50.61,41,19373627
Asthma,Mustard Gas,D009151,505-60-2,gene_inferred,CCL5,50.61,41,8534483
Asthma,Mustard Gas,D009151,505-60-2,gene_inferred,CD14,50.61,41,17607003
Asthma,Mustard Gas,D009151,505-60-2,gene_inferred,CTNNA3,50.61,41,19187332
Asthma,Mustard Gas,D009151,505-60-2,gene_inferred,DNMT1,50.61,41,23423710
Asthma,Mustard Gas,D009151,505-60-2,gene_inferred,EDN1,50.61,41,16981460
Asthma,Mustard Gas,D009151,505-60-2,gene_inferred,GSTM1,50.61,41,16870661|18988661
Asthma,Mustard Gas,D009151,505-60-2,gene_inferred,HLA-DRB1,50.61,41,16792590
Asthma,Mustard Gas,D009151,505-60-2,gene_inferred,HMOX1,50.61,41,18048809
Asthma,Mustard Gas,D009151,505-60-2,gene_inferred,HNMT,50.61,41,17651147
Asthma,Mustard Gas,D009151,505-60-2,gene_inferred,ICAM1,50.61,41,17014439|25003170
Asthma,Mustard Gas,D009151,505-60-2,gene_inferred,IL10,50.61,41,29317916
Asthma,Mustard Gas,D009151,505-60-2,gene_inferred,IL13,50.61,41,22867017
Asthma,Mustard Gas,D009151,505-60-2,gene_inferred,IL1B,50.61,41,9176529
Asthma,Mustard Gas,D009151,505-60-2,gene_inferred,IL1RL1,50.61,41,19198610|21150878|21804549|24241537|27472835
Asthma,Mustard Gas,D009151,505-60-2,gene_inferred,IL1RN,50.61,41,9176529
Asthma,Mustard Gas,D009151,505-60-2,gene_inferred,IL33,50.61,41,19198610|21804549|24241537|27472835|29067999
Asthma,Mustard Gas,D009151,505-60-2,gene_inferred,IL4,50.61,41,18357729|33861987
Asthma,Mustard Gas,D009151,505-60-2,gene_inferred,IL4R,50.61,41,25867440|33861987|36910341
Asthma,Mustard Gas,D009151,505-60-2,gene_inferred,IL5,50.61,41,23266719|7540862
Asthma,Mustard Gas,D009151,505-60-2,gene_inferred,IL6,50.61,41,29902480
Asthma,Mustard Gas,D009151,505-60-2,gene_inferred,IL6R,50.61,41,29902480
Asthma,Mustard Gas,D009151,505-60-2,gene_inferred,KRT19,50.61,41,15478392
Asthma,Mustard Gas,D009151,505-60-2,gene_inferred,MMP10,50.61,41,16926187
Asthma,Mustard Gas,D009151,505-60-2,gene_inferred,MMP9,50.61,41,11742282|15131573
Asthma,Mustard Gas,D009151,505-60-2,gene_inferred,NOS2,50.61,41,19800904
Asthma,Mustard Gas,D009151,505-60-2,gene_inferred,PARP1,50.61,41,18261157
Asthma,Mustard Gas,D009151,505-60-2,gene_inferred,PLAU,50.61,41,21912604
Asthma,Mustard Gas,D009151,505-60-2,gene_inferred,RAD50,50.61,41,24241537
Asthma,Mustard Gas,D009151,505-60-2,gene_inferred,SOD2,50.61,41,28208751
Asthma,Mustard Gas,D009151,505-60-2,gene_inferred,TGFB1,50.61,41,16365456|19138248
Asthma,Mustard Gas,D009151,505-60-2,gene_inferred,TNC,50.61,41,16115819
Asthma,Mustard Gas,D009151,505-60-2,gene_inferred,TNF,50.61,41,12356572|14681301|16456144|17450233|20049212|25960783
Asthma,Mustard Gas,D009151,505-60-2,gene_inferred,TRPA1,50.61,41,19458046
Asthma,Mustard Gas,D009151,505-60-2,gene_inferred,VEGFA,50.61,41,11907124|15201500|19263519
Asthma,diphenyleneiodonium,C007517,244-54-2,gene_inferred,BCL2,50.41,18,18357729
Asthma,diphenyleneiodonium,C007517,244-54-2,gene_inferred,CAT,50.41,18,18048809
Asthma,diphenyleneiodonium,C007517,244-54-2,gene_inferred,CCL2,50.41,18,19373627
Asthma,diphenyleneiodonium,C007517,244-54-2,gene_inferred,CYP2E1,50.41,18,28807506
Asthma,diphenyleneiodonium,C007517,244-54-2,gene_inferred,EDN1,50.41,18,16981460
Asthma,diphenyleneiodonium,C007517,244-54-2,gene_inferred,HMOX1,50.41,18,18048809
Asthma,diphenyleneiodonium,C007517,244-54-2,gene_inferred,HTR2A,50.41,18,25322896
Asthma,diphenyleneiodonium,C007517,244-54-2,gene_inferred,ICAM1,50.41,18,17014439|25003170
Asthma,diphenyleneiodonium,C007517,244-54-2,gene_inferred,IL1B,50.41,18,9176529
Asthma,diphenyleneiodonium,C007517,244-54-2,gene_inferred,IL6,50.41,18,29902480
Asthma,diphenyleneiodonium,C007517,244-54-2,gene_inferred,MMP1,50.41,18,24469321
Asthma,diphenyleneiodonium,C007517,244-54-2,gene_inferred,MMP9,50.41,18,11742282|15131573
Asthma,diphenyleneiodonium,C007517,244-54-2,gene_inferred,NOS2,50.41,18,19800904
Asthma,diphenyleneiodonium,C007517,244-54-2,gene_inferred,PARP1,50.41,18,18261157
Asthma,diphenyleneiodonium,C007517,244-54-2,gene_inferred,SOD2,50.41,18,28208751
Asthma,diphenyleneiodonium,C007517,244-54-2,gene_inferred,TGFB1,50.41,18,16365456|19138248
Asthma,diphenyleneiodonium,C007517,244-54-2,gene_inferred,TNF,50.41,18,12356572|14681301|16456144|17450233|20049212|25960783
Asthma,diphenyleneiodonium,C007517,244-54-2,gene_inferred,VEGFA,50.41,18,11907124|15201500|19263519
Asthma,Edaravone,D000077553,89-25-8,gene_inferred,ALOX5,50.41,18,
Asthma,Edaravone,D000077553,89-25-8,gene_inferred,BCL2,50.41,18,18357729
Asthma,Edaravone,D000077553,89-25-8,gene_inferred,CAT,50.41,18,18048809
Asthma,Edaravone,D000077553,89-25-8,gene_inferred,CCL2,50.41,18,19373627
Asthma,Edaravone,D000077553,89-25-8,gene_inferred,HMOX1,50.41,18,18048809
Asthma,Edaravone,D000077553,89-25-8,gene_inferred,ICAM1,50.41,18,17014439|25003170
Asthma,Edaravone,D000077553,89-25-8,gene_inferred,IL10,50.41,18,29317916
Asthma,Edaravone,D000077553,89-25-8,gene_inferred,IL1B,50.41,18,9176529
Asthma,Edaravone,D000077553,89-25-8,gene_inferred,IL4,50.41,18,18357729|33861987
Asthma,Edaravone,D000077553,89-25-8,gene_inferred,IL6,50.41,18,29902480
Asthma,Edaravone,D000077553,89-25-8,gene_inferred,MMP9,50.41,18,11742282|15131573
Asthma,Edaravone,D000077553,89-25-8,gene_inferred,NOS2,50.41,18,19800904
Asthma,Edaravone,D000077553,89-25-8,gene_inferred,PARP1,50.41,18,18261157
Asthma,Edaravone,D000077553,89-25-8,gene_inferred,SOD1,50.41,18,22867017
Asthma,Edaravone,D000077553,89-25-8,gene_inferred,SOD2,50.41,18,28208751
Asthma,Edaravone,D000077553,89-25-8,gene_inferred,TGFB1,50.41,18,16365456|19138248
Asthma,Edaravone,D000077553,89-25-8,gene_inferred,TNF,50.41,18,12356572|14681301|16456144|17450233|20049212|25960783
Asthma,Edaravone,D000077553,89-25-8,gene_inferred,VEGFA,50.41,18,11907124|15201500|19263519
Asthma,Silymarin,D012838,,gene_inferred,ALDH2,50.30,22,11506308|9600491
Asthma,Silymarin,D012838,,gene_inferred,BCL2,50.30,22,18357729
Asthma,Silymarin,D012838,,gene_inferred,CAT,50.30,22,18048809
Asthma,Silymarin,D012838,,gene_inferred,CCL2,50.30,22,19373627
Asthma,Silymarin,D012838,,gene_inferred,CCL5,50.30,22,8534483
Asthma,Silymarin,D012838,,gene_inferred,CD14,50.30,22,17607003
Asthma,Silymarin,D012838,,gene_inferred,CYP2E1,50.30,22,28807506
Asthma,Silymarin,D012838,,gene_inferred,GSTP1,50.30,22,11994713|16870661|18988661|24117884|29411558
Asthma,Silymarin,D012838,,gene_inferred,HMOX1,50.30,22,18048809
Asthma,Silymarin,D012838,,gene_inferred,ICAM1,50.30,22,17014439|25003170
Asthma,Silymarin,D012838,,gene_inferred,IL10,50.30,22,29317916
Asthma,Silymarin,D012838,,gene_inferred,IL1B,50.30,22,9176529
Asthma,Silymarin,D012838,,gene_inferred,IL1RN,50.30,22,9176529
Asthma,Silymarin,D012838,,gene_inferred,IL6,50.30,22,29902480
Asthma,Silymarin,D012838,,gene_inferred,NOS2,50.30,22,19800904
Asthma,Silymarin,D012838,,gene_inferred,NQO1,50.30,22,20049212
Asthma,Silymarin,D012838,,gene_inferred,PARP1,50.30,22,18261157
Asthma,Silymarin,D012838,,gene_inferred,SOD1,50.30,22,22867017
Asthma,Silymarin,D012838,,gene_inferred,SOD2,50.30,22,28208751
Asthma,Silymarin,D012838,,gene_inferred,STAT4,50.30,22,28807506
Asthma,Silymarin,D012838,,gene_inferred,TGFB1,50.30,22,16365456|19138248
Asthma,Silymarin,D012838,,gene_inferred,TNF,50.30,22,12356572|14681301|16456144|17450233|20049212|25960783
Pneumonia,14-hydroxydocosahexaenoic acid,C059528,86360-66-9,curated,,,,34601004
Pneumonia,"1,5-anhydrofructose",C048927,75414-43-6,curated,,,,19559007
Pneumonia,"17-hydroxy-4,7,10,13,15,19-docosahexaenoic acid",C062894,90780-52-2,curated,,,,34601004
Pneumonia,18(R)-hydroxyeicosapentaenoic acid,C561691,,curated,,,,34601004
Pneumonia,"2,4-Dichlorophenoxyacetic Acid",D015084,94-75-7,curated,,,,33865415
Pneumonia,2-chloroethyl ethyl sulfide,C031278,693-07-2,curated,,,,19464336|32157350
Pneumonia,2-oxothiazolidine-4-carboxylic acid,C029536,,curated,,,,19560508
Pneumonia,3-(pyridin-3-ylsulfonyl)-5-(trifluoromethyl)-2H-chromen-2-one,C000623021,,curated,,,,28790194
Pneumonia,"4-((3-bromophenyl)amino)-6,7-dimethoxyquinazoline",C088860,,curated,,,,26464147
Pneumonia,acetovanillone,C056165,498-02-2,curated,,,,21983654
Pneumonia,Acrolein,D000171,107-02-8,curated,,,,36806656
Pneumonia,Adrenal Cortex Hormones,D000305,,curated,,,,12947150
Pneumonia,Air Pollutants,D000393,,curated,,,,18367723|34416640|36675130
Pneumonia,Aluminum Oxide,D000537,1344-28-1,curated,,,,19270794|22240982
Pneumonia,aluminum oxide hydroxide,C069471,63957-70-0,curated,,,,19428954
Pneumonia,Aluminum Silicates,D000538,,curated,,,,20368128
Pneumonia,Amikacin,D000583,37517-28-5,curated,,,,1108649|319355
Pneumonia,Amiodarone,D000638,1951-25-3,curated,,,,1595783|16131795|16858166|3997294|6409240|6861927|9855346
Pneumonia,Amoxicillin-Potassium Clavulanate Combination,D019980,74469-00-4,curated,,,,10369618|12501879|15328092|16446376|18028086
Pneumonia,Amphotericin B,D000666,1397-89-3,curated,,,,1357285|16538979
Pneumonia,Ampicillin,D000667,69-53-4,curated,,,,6637917|835515
Pneumonia,angiotensin I (1-7),C118790,,curated,,,,28960804
Pneumonia,"Antigens, Dermatophagoides",D039741,,curated,,,,24060272|24453940|36975775
Pneumonia,Arsenic,D001151,7440-38-2,curated,,,,26497043
Pneumonia,Asbestos,D001194,1332-21-4,curated,,,,21362472
Pneumonia,"Asbestos, Amosite",D017639,12172-73-5,curated,,,,21797767|22251266|27083413
Pneumonia,"Asbestos, Amphibole",D017636,,curated,,,,22168577|22251266|27083413
Pneumonia,"Asbestos, Crocidolite",D017638,12001-28-4,curated,,,,17849262
Pneumonia,"Asbestos, Serpentine",D017632,,curated,,,,16266986|20368128|32755622
Pneumonia,Azithromycin,D017963,83905-01-5,curated,,,,10858333|16856707
Pneumonia,bacampicillin,C011674,,curated,,,,6352033
Pneumonia,bisphenol A,C006780,80-05-7,curated,,,,28285737
Pneumonia,Bleomycin,D001761,11056-06-7,curated,,,,16317386|17071938|18024389|19362168|25071917|26600069|32828905|36087614|54212
Pneumonia,Blood Glucose,D001786,,curated,,,,25221900
Pneumonia,BUCY-2 protocol,C071005,,curated,,,,2025579
Pneumonia,Butylated Hydroxytoluene,D002084,128-37-0,curated,,,,11893704
Pneumonia,Cadmium,D002104,7440-43-9,curated,,,,22094458
Pneumonia,Cadmium Chloride,D019256,10108-64-2,curated,,,,20826145|39587603
Pneumonia,Caffeine,D002110,58-08-2,curated,,,,29055810
Pneumonia,Calcium Sulfate,D002133,7778-18-9,curated,,,,20368128
Pneumonia,Capsaicin,D002211,404-86-4,curated,,,,22575871
Pneumonia,Carbenicillin,D002228,4697-36-3,curated,,,,256433|4850936
Pneumonia,Carboplatin,D016190,41575-94-4,curated,,,,16612156
Pneumonia,Carmustine,D002330,154-93-8,curated,,,,6354414
Pneumonia,cefditoren pivoxil,C057710,,curated,,,,12501878|12501879
Pneumonia,Cefixime,D020682,79350-37-1,curated,,,,2041146
Pneumonia,Cefotaxime,D002439,63527-52-6,curated,,,,1583528|2041948
Pneumonia,Cefpodoxime Proxetil,D000097627,,curated,,,,12501878
Pneumonia,Ceftazidime,D002442,78439-06-2,curated,,,,21227004|3578331
Pneumonia,Ceftriaxone,D002443,73384-59-5,curated,,,,12642754|18444848|21166949|21227004
Pneumonia,Cefuroxime,D002444,55268-75-2,curated,,,,10858333|2041948
Pneumonia,Cephalothin,D002512,153-61-7,curated,,,,4850936
Pneumonia,ceric oxide,C030583,1306-38-3,curated,,,,22240982
Pneumonia,Chloramphenicol,D002701,56-75-7,curated,,,,2041948|4023934|6071896
Pneumonia,"Cholesterol, Dietary",D002791,,curated,,,,34601004
Pneumonia,CHOP protocol,C034587,,curated,,,,11732872
Pneumonia,Cilostazol,D000077407,73963-72-1,curated,,,,16645267
Pneumonia,Ciprofloxacin,D002939,85721-33-1,curated,,,,1541177|3555062|3578331
Pneumonia,Cisplatin,D002945,15663-27-1,curated,,,,21415776
Pneumonia,Clarithromycin,D017291,81103-11-9,curated,,,,12503933|17021990|20491717|9347384|9606474|9972380
Pneumonia,Coal,D003031,,curated,,,,19270797|26774687
Pneumonia,Coal Ash,D060729,,curated,,,,9710962
Pneumonia,Cobalt,D003035,7440-48-4,curated,,,,22198552
Pneumonia,cobalt oxide,C060728,11104-61-3,curated,,,,22240982
Pneumonia,Cocaine,D003042,50-36-2,curated,,,,16935692|19204526
Pneumonia,Copper Sulfate,D019327,7758-98-7,curated,,,,19679144
Pneumonia,Crack Cocaine,D016578,,curated,,,,12947150
Pneumonia,Crizotinib,D000077547,,curated,,,,23686600
Pneumonia,cupric oxide,C030973,1317-38-0,curated,,,,22240982
Pneumonia,cyclocreatine,C012260,35404-50-3,curated,,,,34411581
Pneumonia,Cyclophosphamide,D003520,50-18-0,curated,,,,2705179
Pneumonia,Cytarabine,D003561,147-94-4,curated,,,,12531223
Pneumonia,Dantrolene,D003620,7261-97-4,curated,,,,6736987
Pneumonia,Dapsone,D003622,80-08-0,curated,,,,19583683
Pneumonia,Daunorubicin,D003630,20830-81-3,curated,,,,12531223
Pneumonia,Desipramine,D003891,50-47-5,curated,,,,17477857
Pneumonia,Dexamethasone,D003907,50-02-2,curated,,,,10380089|21414392|37004399
Pneumonia,didecyldimethylammonium,C027118,20256-56-8,curated,,,,32763356
Pneumonia,Dietary Fats,D004041,,curated,,,,34601004
Pneumonia,Diflunisal,D004061,22494-42-4,curated,,,,9187209
Pneumonia,Dipyrone,D004177,,curated,,,,21429049
Pneumonia,Docetaxel,D000077143,,curated,,,,12365019|21415776
Pneumonia,Doxycycline,D004318,564-25-0,curated,,,,9145823
Pneumonia,Dronabinol,D013759,,curated,,,,32872332
Pneumonia,Dust,D004391,,curated,,,,24376072|26774687|26882889|32777237
Pneumonia,Enalapril,D004656,75847-73-3,curated,,,,19114890
Pneumonia,"endotoxin, Escherichia coli",C044101,67924-63-4,curated,,,,19114890
Pneumonia,Enoxacin,D015365,74011-58-8,curated,,,,3258863
Pneumonia,"enterotoxin B, staphylococcal",C031818,39424-53-8,curated,,,,32872332
Pneumonia,Epoxy Compounds,D004852,,curated,,,,12504350
Pneumonia,Erythromycin,D004917,114-07-8,curated,,,,10858333
Pneumonia,Esculin,D004929,531-75-9,curated,,,,39142713
Pneumonia,Everolimus,D000068338,,curated,,,,17346627
Pneumonia,Farnesol,D005204,4602-84-0,curated,,,,18793622
Pneumonia,Fluoxetine,D005473,54910-89-3,curated,,,,17477857
Pneumonia,Formaldehyde,D005557,50-00-0,curated,,,,21983654
Pneumonia,Formoterol Fumarate,D000068759,,curated,,,,20826145
Pneumonia,fudosteine,C113797,,curated,,,,40228672
Pneumonia,Gefitinib,D000077156,,curated,,,,20646869
Pneumonia,Gemcitabine,D000093542,,curated,,,,12365019|12367796
Pneumonia,Gentamicins,D005839,,curated,,,,11895059|16225114|4850936
Pneumonia,Glucocorticoids,D005938,,curated,,,,9187209
Pneumonia,Glyphosate,D000097797,,curated,,,,25172162
Pneumonia,gossypin,C022944,652-78-8,curated,,,,37148149
Pneumonia,Hexadimethrine Bromide,D006583,9011-04-5,curated,,,,32157350
Pneumonia,Hydrocarbons,D006838,,curated,,,,39733056
Pneumonia,Indomethacin,D007213,53-86-1,curated,,,,21983654
Pneumonia,Ipratropium,D009241,60205-81-4,curated,,,,20826145
Pneumonia,Iron,D007501,7439-89-6,curated,,,,22198552
Pneumonia,Lamotrigine,D000077213,84057-84-1,curated,,,,16442685
Pneumonia,Latex,D007840,,curated,,,,18938192
Pneumonia,Linezolid,D000069349,,curated,,,,14520146|16735427
Pneumonia,"lipopolysaccharide, E. coli O26-B6",C433788,,curated,,,,20975550|22465845
Pneumonia,"lipopolysaccharide, Escherichia coli O111 B4",C440499,,curated,,,,33949057
Pneumonia,Lipopolysaccharides,D008070,,curated,,,,11605937|11907180|12224865|15863634|18938192|27302421|29055810|33865415|34978009|37148149|39142713
Pneumonia,liposomal amphotericin B,C068538,,curated,,,,8901182
Pneumonia,m-ACOD protocol,C070074,,curated,,,,1713121
Pneumonia,Magnesium Silicates,D017633,,curated,,,,20368128
Pneumonia,Magnetite Nanoparticles,D058185,,curated,,,,19428954
Pneumonia,Manganese,D008345,7439-96-5,curated,,,,19263519
Pneumonia,M-BACOD protocol,C035353,,curated,,,,1713121
Pneumonia,Mechlorethamine,D008466,,curated,,,,20883710
Pneumonia,Meropenem,D000077731,96036-03-2,curated,,,,15221158|16882111
Pneumonia,Methotrexate,D008727,59-05-2,curated,,,,10846532|1450620|19449473|2803334|9651097
Pneumonia,Methylprednisolone,D008775,83-43-2,curated,,,,20831552
Pneumonia,Mezlocillin,D008802,51481-65-3,curated,,,,9527154
Pneumonia,Micafungin,D000077551,,curated,,,,19148589
Pneumonia,MINE protocol,C092704,,curated,,,,19787462
Pneumonia,Minocycline,D008911,10118-90-8,curated,,,,11600379
Pneumonia,Moxifloxacin,D000077266,,curated,,,,19680025|20731847
Pneumonia,Mustard Gas,D009151,505-60-2,curated,,,,19482056|34390737
Pneumonia,N-7-(2-(nitrophenyldithio)ethyl)mitomycin C,C055172,95056-36-3,curated,,,,9667686
Pneumonia,"Nanotubes, Carbon",D037742,,curated,,,,19836432|19857541|20368128|25554681|31265265|32771490
Pneumonia,naphthalan,C043836,37229-16-6,curated,,,,19637834
Pneumonia,naringin,C005274,10236-47-2,curated,,,,22575871
Pneumonia,Niacin,D009525,,curated,,,,20975550
Pneumonia,Nickel,D009532,7440-02-0,curated,,,,20936915|22198552
Pneumonia,nickel monoxide,C028007,1313-99-1,curated,,,,19270794|22240982
Pneumonia,nickel sulfate,C029938,7786-81-4,curated,,,,19679144
Pneumonia,Nitric Oxide,D009569,10102-43-9,curated,,,,17450216
Pneumonia,Nitrogen Dioxide,D009585,10102-44-0,curated,,,,22763046
Pneumonia,"N-(oxo-5,6-dihydrophenanthridin-2-yl)-N,N-dimethylacetamide hydrochloride",C434926,,curated,,,,25221900
Pneumonia,Ofloxacin,D015242,82419-36-1,curated,,,,15708235|19189043|19856068
Pneumonia,Ovalbumin,D010047,9006-59-1,curated,,,,21429049|26882889|29545090|37004399|40228672
Pneumonia,ovalbumin-alum,C446402,,curated,,,,11907180
Pneumonia,Oxygen,D010100,7782-44-7,curated,,,,23337360|25221900
Pneumonia,Ozone,D010126,10028-15-6,curated,,,,18007984|18381685|18929643|21543283|22763046|26464147|26647366|26949510|28790194|29247675|33383130|34558223|36675130
Pneumonia,Paclitaxel,D017239,,curated,,,,12367796|16612156
Pneumonia,Paraquat,D010269,4685-14-7,curated,,,,12504350|30967525
Pneumonia,Particulate Matter,D052638,,curated,,,,17450216|18197293|18686106|19272399|19337525|20049117|22634322|24060272|24136897|24376072|26041432|27377055|28917655|29233668|29540651|29787794|30963444|31884678|31941512|33161053|34416640|35795853|36975775|38941663|40228672
Pneumonia,Pemetrexed,D000068437,,curated,,,,21415776
Pneumonia,Penicillin G,D010400,61-33-6,curated,,,,4998180|6028697
Pneumonia,Penicillins,D010406,,curated,,,,1583528
Pneumonia,perfluorodecanoic acid,C036567,335-76-2,curated,,,,32717646
Pneumonia,perilla seed oil,C058216,68132-21-8,curated,,,,10720173
Pneumonia,Phenacetin,D010615,62-44-2,curated,,,,5660814
Pneumonia,Piperacillin,D010878,61477-96-1,curated,,,,6391888
Pneumonia,Piroxicam,D010894,36322-90-4,curated,,,,21414392
Pneumonia,polyhexamethyleneguanidine,C060540,31961-54-3,curated,,,,24769016|25716161|38969276
Pneumonia,pranlukast,C047681,,curated,,,,21429049
Pneumonia,Prednisolone,D011239,50-24-8,curated,,,,17477857|3997294
Pneumonia,Prednisone,D011241,53-03-2,curated,,,,4850720
Pneumonia,Quartz,D011791,14808-60-7,curated,,,,17030555|19836432
Pneumonia,quinupristin-dalfopristin,C062940,126602-89-9,curated,,,,11600379
Pneumonia,Riluzole,D019782,1744-22-5,curated,,,,31029113
Pneumonia,Rosiglitazone,D000077154,,curated,,,,24612634
Pneumonia,RU.521,C000626046,,curated,,,,39587603
Pneumonia,salvianolic acid B,C076944,115939-25-8,curated,,,,35795853
Pneumonia,Sildenafil Citrate,D000068677,,curated,,,,21414392
Pneumonia,Silicon Dioxide,D012822,7631-86-9,curated,,,,21414392|29341224|31284023|32017981|8063194
Pneumonia,Silver Compounds,D018030,,curated,,,,32367270|34601004
Pneumonia,Silver Nitrate,D012835,7761-88-8,curated,,,,32367270
Pneumonia,Sirolimus,D020123,,curated,,,,15219060
Pneumonia,Smoke,D012906,,curated,,,,21705297
Pneumonia,Sodium Selenite,D018038,10102-18-8,curated,,,,28285737
Pneumonia,Soot,D053260,,curated,,,,25071917
Pneumonia,ST2825,C525002,,curated,,,,35795853
Pneumonia,Steroids,D013256,,curated,,,,16131795
Pneumonia,Streptomycin,D013307,57-92-1,curated,,,,4998180|6028697
Pneumonia,Styrene,D020058,,curated,,,,19428955
Pneumonia,Sulfasalazine,D012460,599-79-1,curated,,,,2859799|2894766
Pneumonia,Sulfur Dioxide,D013458,7446-09-5,curated,,,,25115710
Pneumonia,Taurine,D013654,107-35-7,curated,,,,19362168
Pneumonia,Theophylline,D013806,58-55-9,curated,,,,1541177
Pneumonia,titanium dioxide,C009495,13463-67-7,curated,,,,22956629|27760801|30012374|8063194
Pneumonia,Tobacco Smoke Pollution,D014028,,curated,,,,18793622|22575871|24612634|24632068|24633890|28790194|28960804|29205062|33660100
Pneumonia,Tobramycin,D014031,32986-56-4,curated,,,,256433|3578331
Pneumonia,"Trimethoprim, Sulfamethoxazole Drug Combination",D015662,8064-90-2,curated,,,,25170804|9972380
Pneumonia,triptolide,C001899,38748-32-2,curated,,,,20348278
Pneumonia,troclosene,C011765,2782-57-2,curated,,,,35675544
Pneumonia,Tungsten,D014414,7440-33-7,curated,,,,22198552
Pneumonia,Ursodeoxycholic Acid,D014580,128-13-2,curated,,,,22942741
Pneumonia,valspodar,C070272,121584-18-7,curated,,,,12531223
Pneumonia,Vanadium,D014639,7440-62-2,curated,,,,9710962
Pneumonia,Vancomycin,D014640,1404-90-6,curated,,,,15221158|17060545
Pneumonia,Vehicle Emissions,D001335,,curated,,,,17450216|19560508|20049117|24060272
Pneumonia,Venlafaxine Hydrochloride,D000069470,,curated,,,,12663337
Pneumonia,Vinblastine,D014747,865-21-4,curated,,,,54212
Pneumonia,Voriconazole,D065819,,curated,,,,19148589
Pneumonia,Vorinostat,D000077337,,curated,,,,18854394
Pneumonia,wogonin,C085514,632-85-9,curated,,,,37004399
Pneumonia,yupingfeng,C532967,,curated,,,,37004399
Pneumonia,Zinc,D015032,7440-66-6,curated,,,,18197293
Pneumonia,zinc chromate,C023616,13530-65-9,curated,,,,19109987
Pneumonia,Zinc Oxide,D015034,1314-13-2,curated,,,,22240982|23832296|35247504
Pneumonia,Zinc Sulfate,D019287,7733-02-0,curated,,,,19679144
Pneumonia,TMC 120A,C402696,,gene_inferred,ABCF1,174.23,39,21625544
Pneumonia,TMC 120A,C402696,,gene_inferred,CCL11,174.23,39,21625544
Pneumonia,TMC 120A,C402696,,gene_inferred,CCL12,174.23,39,21625544
Pneumonia,TMC 120A,C402696,,gene_inferred,CCL17,174.23,39,21625544
Pneumonia,TMC 120A,C402696,,gene_inferred,CCL19,174.23,39,21625544
Pneumonia,TMC 120A,C402696,,gene_inferred,CCL2,174.23,39,21625544
Pneumonia,TMC 120A,C402696,,gene_inferred,CCL20,174.23,39,21625544
Pneumonia,TMC 120A,C402696,,gene_inferred,CCL24,174.23,39,21625544
Pneumonia,TMC 120A,C402696,,gene_inferred,CCL4,174.23,39,21625544
Pneumonia,TMC 120A,C402696,,gene_inferred,CCL7,174.23,39,21625544
Pneumonia,TMC 120A,C402696,,gene_inferred,CCL9,174.23,39,21625544
Pneumonia,TMC 120A,C402696,,gene_inferred,CCR2,174.23,39,21625544
Pneumonia,TMC 120A,C402696,,gene_inferred,CCR6,174.23,39,21625544
Pneumonia,TMC 120A,C402696,,gene_inferred,CCR9,174.23,39,21625544
Pneumonia,TMC 120A,C402696,,gene_inferred,CD40LG,174.23,39,21625544
Pneumonia,TMC 120A,C402696,,gene_inferred,CX3CL1,174.23,39,21625544
Pneumonia,TMC 120A,C402696,,gene_inferred,CXCL1,174.23,39,21625544
Pneumonia,TMC 120A,C402696,,gene_inferred,CXCL15,174.23,39,21625544
Pneumonia,TMC 120A,C402696,,gene_inferred,CXCL5,174.23,39,21625544
Pneumonia,TMC 120A,C402696,,gene_inferred,CXCL9,174.23,39,21625544
Pneumonia,TMC 120A,C402696,,gene_inferred,CXCR2,174.23,39,21625544
Pneumonia,TMC 120A,C402696,,gene_inferred,CXCR3,174.23,39,21625544
Pneumonia,TMC 120A,C402696,,gene_inferred,IFNG,174.23,39,21625544
Pneumonia,TMC 120A,C402696,,gene_inferred,IL13,174.23,39,21625544
Pneumonia,TMC 120A,C402696,,gene_inferred,IL18,174.23,39,21625544
Pneumonia,TMC 120A,C402696,,gene_inferred,IL1B,174.23,39,21625544
Pneumonia,TMC 120A,C402696,,gene_inferred,IL1R1,174.23,39,21625544
Pneumonia,TMC 120A,C402696,,gene_inferred,IL1R2,174.23,39,21625544
Pneumonia,TMC 120A,C402696,,gene_inferred,IL2RB,174.23,39,21625544
Pneumonia,TMC 120A,C402696,,gene_inferred,IL4,174.23,39,21625544
Pneumonia,TMC 120A,C402696,,gene_inferred,IL5RA,174.23,39,21625544
Pneumonia,TMC 120A,C402696,,gene_inferred,IL6,174.23,39,21625544
Pneumonia,TMC 120A,C402696,,gene_inferred,IL6ST,174.23,39,21625544
Pneumonia,TMC 120A,C402696,,gene_inferred,ITGB2,174.23,39,21625544
Pneumonia,TMC 120A,C402696,,gene_inferred,SPP1,174.23,39,21625544
Pneumonia,TMC 120A,C402696,,gene_inferred,TGFB1,174.23,39,21625544
Pneumonia,TMC 120A,C402696,,gene_inferred,TNF,174.23,39,21625544|28917655|34390737
Pneumonia,TMC 120A,C402696,,gene_inferred,TNFRSF1A,174.23,39,21625544
Pneumonia,TMC 120A,C402696,,gene_inferred,TNFRSF1B,174.23,39,21625544
Pneumonia,curdlan,C038459,54724-00-4,gene_inferred,CCL11,151.80,38,21625544
Pneumonia,curdlan,C038459,54724-00-4,gene_inferred,CCL12,151.80,38,21625544
Pneumonia,curdlan,C038459,54724-00-4,gene_inferred,CCL17,151.80,38,21625544
Pneumonia,curdlan,C038459,54724-00-4,gene_inferred,CCL2,151.80,38,21625544
Pneumonia,curdlan,C038459,54724-00-4,gene_inferred,CCL20,151.80,38,21625544
Pneumonia,curdlan,C038459,54724-00-4,gene_inferred,CCL4,151.80,38,21625544
Pneumonia,curdlan,C038459,54724-00-4,gene_inferred,CCL7,151.80,38,21625544
Pneumonia,curdlan,C038459,54724-00-4,gene_inferred,CCL8,151.80,38,21625544
Pneumonia,curdlan,C038459,54724-00-4,gene_inferred,CCL9,151.80,38,21625544
Pneumonia,curdlan,C038459,54724-00-4,gene_inferred,CCR1,151.80,38,21625544
Pneumonia,curdlan,C038459,54724-00-4,gene_inferred,CCR2,151.80,38,21625544
Pneumonia,curdlan,C038459,54724-00-4,gene_inferred,CCR6,151.80,38,21625544
Pneumonia,curdlan,C038459,54724-00-4,gene_inferred,CCR9,151.80,38,21625544
Pneumonia,curdlan,C038459,54724-00-4,gene_inferred,CD40LG,151.80,38,21625544
Pneumonia,curdlan,C038459,54724-00-4,gene_inferred,CSF2,151.80,38,11732872
Pneumonia,curdlan,C038459,54724-00-4,gene_inferred,CX3CL1,151.80,38,21625544
Pneumonia,curdlan,C038459,54724-00-4,gene_inferred,CXCL1,151.80,38,21625544
Pneumonia,curdlan,C038459,54724-00-4,gene_inferred,CXCL15,151.80,38,21625544
Pneumonia,curdlan,C038459,54724-00-4,gene_inferred,CXCL5,151.80,38,21625544
Pneumonia,curdlan,C038459,54724-00-4,gene_inferred,CXCL9,151.80,38,21625544
Pneumonia,curdlan,C038459,54724-00-4,gene_inferred,CXCR3,151.80,38,21625544
Pneumonia,curdlan,C038459,54724-00-4,gene_inferred,EGR1,151.80,38,29787794
Pneumonia,curdlan,C038459,54724-00-4,gene_inferred,IFNG,151.80,38,21625544
Pneumonia,curdlan,C038459,54724-00-4,gene_inferred,IKBKB,151.80,38,31095431
Pneumonia,curdlan,C038459,54724-00-4,gene_inferred,IL13,151.80,38,21625544
Pneumonia,curdlan,C038459,54724-00-4,gene_inferred,IL18,151.80,38,21625544
Pneumonia,curdlan,C038459,54724-00-4,gene_inferred,IL1B,151.80,38,21625544
Pneumonia,curdlan,C038459,54724-00-4,gene_inferred,IL1R1,151.80,38,21625544
Pneumonia,curdlan,C038459,54724-00-4,gene_inferred,IL4,151.80,38,21625544
Pneumonia,curdlan,C038459,54724-00-4,gene_inferred,IL5RA,151.80,38,21625544
Pneumonia,curdlan,C038459,54724-00-4,gene_inferred,IL6,151.80,38,21625544
Pneumonia,curdlan,C038459,54724-00-4,gene_inferred,IL6ST,151.80,38,21625544
Pneumonia,curdlan,C038459,54724-00-4,gene_inferred,ITGB2,151.80,38,21625544
Pneumonia,curdlan,C038459,54724-00-4,gene_inferred,PF4,151.80,38,21625544
Pneumonia,curdlan,C038459,54724-00-4,gene_inferred,TGFB1,151.80,38,21625544
Pneumonia,curdlan,C038459,54724-00-4,gene_inferred,TLR4,151.80,38,26882889
Pneumonia,curdlan,C038459,54724-00-4,gene_inferred,TNF,151.80,38,21625544|28917655|34390737
Pneumonia,curdlan,C038459,54724-00-4,gene_inferred,TNFRSF1B,151.80,38,21625544
Pneumonia,Mycotoxins,D009183,,gene_inferred,ABCF1,143.53,34,21625544
Pneumonia,Mycotoxins,D009183,,gene_inferred,CASP1,143.53,34,21625544
Pneumonia,Mycotoxins,D009183,,gene_inferred,CCL11,143.53,34,21625544
Pneumonia,Mycotoxins,D009183,,gene_inferred,CCL12,143.53,34,21625544
Pneumonia,Mycotoxins,D009183,,gene_inferred,CCL19,143.53,34,21625544
Pneumonia,Mycotoxins,D009183,,gene_inferred,CCL2,143.53,34,21625544
Pneumonia,Mycotoxins,D009183,,gene_inferred,CCL20,143.53,34,21625544
Pneumonia,Mycotoxins,D009183,,gene_inferred,CCL4,143.53,34,21625544
Pneumonia,Mycotoxins,D009183,,gene_inferred,CCL7,143.53,34,21625544
Pneumonia,Mycotoxins,D009183,,gene_inferred,CCL8,143.53,34,21625544
Pneumonia,Mycotoxins,D009183,,gene_inferred,CCR2,143.53,34,21625544
Pneumonia,Mycotoxins,D009183,,gene_inferred,CCR6,143.53,34,21625544
Pneumonia,Mycotoxins,D009183,,gene_inferred,CCR9,143.53,34,21625544
Pneumonia,Mycotoxins,D009183,,gene_inferred,CD40LG,143.53,34,21625544
Pneumonia,Mycotoxins,D009183,,gene_inferred,CX3CL1,143.53,34,21625544
Pneumonia,Mycotoxins,D009183,,gene_inferred,CXCL1,143.53,34,21625544
Pneumonia,Mycotoxins,D009183,,gene_inferred,CXCL15,143.53,34,21625544
Pneumonia,Mycotoxins,D009183,,gene_inferred,CXCL5,143.53,34,21625544
Pneumonia,Mycotoxins,D009183,,gene_inferred,CXCL9,143.53,34,21625544
Pneumonia,Mycotoxins,D009183,,gene_inferred,CXCR2,143.53,34,21625544
Pneumonia,Mycotoxins,D009183,,gene_inferred,CXCR3,143.53,34,21625544
Pneumonia,Mycotoxins,D009183,,gene_inferred,IFNG,143.53,34,21625544
Pneumonia,Mycotoxins,D009183,,gene_inferred,IL13,143.53,34,21625544
Pneumonia,Mycotoxins,D009183,,gene_inferred,IL18,143.53,34,21625544
Pneumonia,Mycotoxins,D009183,,gene_inferred,IL1B,143.53,34,21625544
Pneumonia,Mycotoxins,D009183,,gene_inferred,IL1R1,143.53,34,21625544
Pneumonia,Mycotoxins,D009183,,gene_inferred,IL1R2,143.53,34,21625544
Pneumonia,Mycotoxins,D009183,,gene_inferred,IL5RA,143.53,34,21625544
Pneumonia,Mycotoxins,D009183,,gene_inferred,IL6,143.53,34,21625544
Pneumonia,Mycotoxins,D009183,,gene_inferred,IL6ST,143.53,34,21625544
Pneumonia,Mycotoxins,D009183,,gene_inferred,ITGB2,143.53,34,21625544
Pneumonia,Mycotoxins,D009183,,gene_inferred,SPP1,143.53,34,21625544
Pneumonia,Mycotoxins,D009183,,gene_inferred,TNF,143.53,34,21625544|28917655|34390737
Pneumonia,Mycotoxins,D009183,,gene_inferred,TNFRSF1A,143.53,34,21625544
Pneumonia,brevianamide A,C006794,23402-09-7,gene_inferred,ABCF1,141.84,30,21625544
Pneumonia,brevianamide A,C006794,23402-09-7,gene_inferred,CCL11,141.84,30,21625544
Pneumonia,brevianamide A,C006794,23402-09-7,gene_inferred,CCL12,141.84,30,21625544
Pneumonia,brevianamide A,C006794,23402-09-7,gene_inferred,CCL19,141.84,30,21625544
Pneumonia,brevianamide A,C006794,23402-09-7,gene_inferred,CCL2,141.84,30,21625544
Pneumonia,brevianamide A,C006794,23402-09-7,gene_inferred,CCL20,141.84,30,21625544
Pneumonia,brevianamide A,C006794,23402-09-7,gene_inferred,CCL24,141.84,30,21625544
Pneumonia,brevianamide A,C006794,23402-09-7,gene_inferred,CCL4,141.84,30,21625544
Pneumonia,brevianamide A,C006794,23402-09-7,gene_inferred,CCL7,141.84,30,21625544
Pneumonia,brevianamide A,C006794,23402-09-7,gene_inferred,CCL8,141.84,30,21625544
Pneumonia,brevianamide A,C006794,23402-09-7,gene_inferred,CCR2,141.84,30,21625544
Pneumonia,brevianamide A,C006794,23402-09-7,gene_inferred,CCR6,141.84,30,21625544
Pneumonia,brevianamide A,C006794,23402-09-7,gene_inferred,CCR9,141.84,30,21625544
Pneumonia,brevianamide A,C006794,23402-09-7,gene_inferred,CD40LG,141.84,30,21625544
Pneumonia,brevianamide A,C006794,23402-09-7,gene_inferred,CX3CL1,141.84,30,21625544
Pneumonia,brevianamide A,C006794,23402-09-7,gene_inferred,CXCL1,141.84,30,21625544
Pneumonia,brevianamide A,C006794,23402-09-7,gene_inferred,CXCL15,141.84,30,21625544
Pneumonia,brevianamide A,C006794,23402-09-7,gene_inferred,CXCL5,141.84,30,21625544
Pneumonia,brevianamide A,C006794,23402-09-7,gene_inferred,CXCR2,141.84,30,21625544
Pneumonia,brevianamide A,C006794,23402-09-7,gene_inferred,CXCR3,141.84,30,21625544
Pneumonia,brevianamide A,C006794,23402-09-7,gene_inferred,IL13,141.84,30,21625544
Pneumonia,brevianamide A,C006794,23402-09-7,gene_inferred,IL18,141.84,30,21625544
Pneumonia,brevianamide A,C006794,23402-09-7,gene_inferred,IL1R1,141.84,30,21625544
Pneumonia,brevianamide A,C006794,23402-09-7,gene_inferred,IL2RB,141.84,30,21625544
Pneumonia,brevianamide A,C006794,23402-09-7,gene_inferred,IL6ST,141.84,30,21625544
Pneumonia,brevianamide A,C006794,23402-09-7,gene_inferred,PF4,141.84,30,21625544
Pneumonia,brevianamide A,C006794,23402-09-7,gene_inferred,TGFB1,141.84,30,21625544
Pneumonia,brevianamide A,C006794,23402-09-7,gene_inferred,TNF,141.84,30,21625544|28917655|34390737
Pneumonia,brevianamide A,C006794,23402-09-7,gene_inferred,TNFRSF1A,141.84,30,21625544
Pneumonia,brevianamide A,C006794,23402-09-7,gene_inferred,TNFRSF1B,141.84,30,21625544
Pneumonia,neoechinulin A,C490266,,gene_inferred,ABCF1,134.25,30,21625544
Pneumonia,neoechinulin A,C490266,,gene_inferred,CCL11,134.25,30,21625544
Pneumonia,neoechinulin A,C490266,,gene_inferred,CCL12,134.25,30,21625544
Pneumonia,neoechinulin A,C490266,,gene_inferred,CCL19,134.25,30,21625544
Pneumonia,neoechinulin A,C490266,,gene_inferred,CCL2,134.25,30,21625544
Pneumonia,neoechinulin A,C490266,,gene_inferred,CCL20,134.25,30,21625544
Pneumonia,neoechinulin A,C490266,,gene_inferred,CCL4,134.25,30,21625544
Pneumonia,neoechinulin A,C490266,,gene_inferred,CCL7,134.25,30,21625544
Pneumonia,neoechinulin A,C490266,,gene_inferred,CCL8,134.25,30,21625544
Pneumonia,neoechinulin A,C490266,,gene_inferred,CCR1,134.25,30,21625544
Pneumonia,neoechinulin A,C490266,,gene_inferred,CCR2,134.25,30,21625544
Pneumonia,neoechinulin A,C490266,,gene_inferred,CCR6,134.25,30,21625544
Pneumonia,neoechinulin A,C490266,,gene_inferred,CCR9,134.25,30,21625544
Pneumonia,neoechinulin A,C490266,,gene_inferred,CD40LG,134.25,30,21625544
Pneumonia,neoechinulin A,C490266,,gene_inferred,CX3CL1,134.25,30,21625544
Pneumonia,neoechinulin A,C490266,,gene_inferred,CXCL1,134.25,30,21625544
Pneumonia,neoechinulin A,C490266,,gene_inferred,CXCL5,134.25,30,21625544
Pneumonia,neoechinulin A,C490266,,gene_inferred,CXCR3,134.25,30,21625544
Pneumonia,neoechinulin A,C490266,,gene_inferred,IL1B,134.25,30,21625544
Pneumonia,neoechinulin A,C490266,,gene_inferred,IL1R1,134.25,30,21625544
Pneumonia,neoechinulin A,C490266,,gene_inferred,IL2RB,134.25,30,21625544
Pneumonia,neoechinulin A,C490266,,gene_inferred,IL5RA,134.25,30,21625544
Pneumonia,neoechinulin A,C490266,,gene_inferred,IL6,134.25,30,21625544
Pneumonia,neoechinulin A,C490266,,gene_inferred,IL6ST,134.25,30,21625544
Pneumonia,neoechinulin A,C490266,,gene_inferred,ITGB2,134.25,30,21625544
Pneumonia,neoechinulin A,C490266,,gene_inferred,PF4,134.25,30,21625544
Pneumonia,neoechinulin A,C490266,,gene_inferred,SPP1,134.25,30,21625544
Pneumonia,neoechinulin A,C490266,,gene_inferred,TGFB1,134.25,30,21625544
Pneumonia,neoechinulin A,C490266,,gene_inferred,TNF,134.25,30,21625544|28917655|34390737
Pneumonia,neoechinulin A,C490266,,gene_inferred,TNFRSF1A,134.25,30,21625544
Pneumonia,cladosporin,C000488,,gene_inferred,ABCF1,132.56,29,21625544
Pneumonia,cladosporin,C000488,,gene_inferred,CCL12,132.56,29,21625544
Pneumonia,cladosporin,C000488,,gene_inferred,CCL19,132.56,29,21625544
Pneumonia,cladosporin,C000488,,gene_inferred,CCL20,132.56,29,21625544
Pneumonia,cladosporin,C000488,,gene_inferred,CCL4,132.56,29,21625544
Pneumonia,cladosporin,C000488,,gene_inferred,CCL7,132.56,29,21625544
Pneumonia,cladosporin,C000488,,gene_inferred,CCR1,132.56,29,21625544
Pneumonia,cladosporin,C000488,,gene_inferred,CCR2,132.56,29,21625544
Pneumonia,cladosporin,C000488,,gene_inferred,CCR6,132.56,29,21625544
Pneumonia,cladosporin,C000488,,gene_inferred,CCR9,132.56,29,21625544
Pneumonia,cladosporin,C000488,,gene_inferred,CD40LG,132.56,29,21625544
Pneumonia,cladosporin,C000488,,gene_inferred,CX3CL1,132.56,29,21625544
Pneumonia,cladosporin,C000488,,gene_inferred,CXCL1,132.56,29,21625544
Pneumonia,cladosporin,C000488,,gene_inferred,CXCL15,132.56,29,21625544
Pneumonia,cladosporin,C000488,,gene_inferred,CXCL5,132.56,29,21625544
Pneumonia,cladosporin,C000488,,gene_inferred,CXCR2,132.56,29,21625544
Pneumonia,cladosporin,C000488,,gene_inferred,CXCR3,132.56,29,21625544
Pneumonia,cladosporin,C000488,,gene_inferred,IFNG,132.56,29,21625544
Pneumonia,cladosporin,C000488,,gene_inferred,IL18,132.56,29,21625544
Pneumonia,cladosporin,C000488,,gene_inferred,IL1B,132.56,29,21625544
Pneumonia,cladosporin,C000488,,gene_inferred,IL1R1,132.56,29,21625544
Pneumonia,cladosporin,C000488,,gene_inferred,IL2RB,132.56,29,21625544
Pneumonia,cladosporin,C000488,,gene_inferred,IL4,132.56,29,21625544
Pneumonia,cladosporin,C000488,,gene_inferred,IL5RA,132.56,29,21625544
Pneumonia,cladosporin,C000488,,gene_inferred,IL6,132.56,29,21625544
Pneumonia,cladosporin,C000488,,gene_inferred,IL6ST,132.56,29,21625544
Pneumonia,cladosporin,C000488,,gene_inferred,SPP1,132.56,29,21625544
Pneumonia,cladosporin,C000488,,gene_inferred,TNF,132.56,29,21625544|28917655|34390737
Pneumonia,cladosporin,C000488,,gene_inferred,TNFRSF1A,132.56,29,21625544
Pneumonia,neoechinulin,C015380,25644-25-1,gene_inferred,ABCF1,128.07,28,21625544
Pneumonia,neoechinulin,C015380,25644-25-1,gene_inferred,CCL11,128.07,28,21625544
Pneumonia,neoechinulin,C015380,25644-25-1,gene_inferred,CCL12,128.07,28,21625544
Pneumonia,neoechinulin,C015380,25644-25-1,gene_inferred,CCL17,128.07,28,21625544
Pneumonia,neoechinulin,C015380,25644-25-1,gene_inferred,CCL19,128.07,28,21625544
Pneumonia,neoechinulin,C015380,25644-25-1,gene_inferred,CCL2,128.07,28,21625544
Pneumonia,neoechinulin,C015380,25644-25-1,gene_inferred,CCL20,128.07,28,21625544
Pneumonia,neoechinulin,C015380,25644-25-1,gene_inferred,CCL4,128.07,28,21625544
Pneumonia,neoechinulin,C015380,25644-25-1,gene_inferred,CCL7,128.07,28,21625544
Pneumonia,neoechinulin,C015380,25644-25-1,gene_inferred,CCL8,128.07,28,21625544
Pneumonia,neoechinulin,C015380,25644-25-1,gene_inferred,CCL9,128.07,28,21625544
Pneumonia,neoechinulin,C015380,25644-25-1,gene_inferred,CCR1,128.07,28,21625544
Pneumonia,neoechinulin,C015380,25644-25-1,gene_inferred,CCR6,128.07,28,21625544
Pneumonia,neoechinulin,C015380,25644-25-1,gene_inferred,CX3CL1,128.07,28,21625544
Pneumonia,neoechinulin,C015380,25644-25-1,gene_inferred,CXCL1,128.07,28,21625544
Pneumonia,neoechinulin,C015380,25644-25-1,gene_inferred,CXCL5,128.07,28,21625544
Pneumonia,neoechinulin,C015380,25644-25-1,gene_inferred,CXCL9,128.07,28,21625544
Pneumonia,neoechinulin,C015380,25644-25-1,gene_inferred,CXCR2,128.07,28,21625544
Pneumonia,neoechinulin,C015380,25644-25-1,gene_inferred,IFNG,128.07,28,21625544
Pneumonia,neoechinulin,C015380,25644-25-1,gene_inferred,IL13,128.07,28,21625544
Pneumonia,neoechinulin,C015380,25644-25-1,gene_inferred,IL1B,128.07,28,21625544
Pneumonia,neoechinulin,C015380,25644-25-1,gene_inferred,IL1R2,128.07,28,21625544
Pneumonia,neoechinulin,C015380,25644-25-1,gene_inferred,IL5RA,128.07,28,21625544
Pneumonia,neoechinulin,C015380,25644-25-1,gene_inferred,IL6ST,128.07,28,21625544
Pneumonia,neoechinulin,C015380,25644-25-1,gene_inferred,TGFB1,128.07,28,21625544
Pneumonia,neoechinulin,C015380,25644-25-1,gene_inferred,TNF,128.07,28,21625544|28917655|34390737
Pneumonia,neoechinulin,C015380,25644-25-1,gene_inferred,TNFRSF1A,128.07,28,21625544
Pneumonia,neoechinulin,C015380,25644-25-1,gene_inferred,TNFRSF1B,128.07,28,21625544
Pneumonia,Sterigmatocystin,D013241,10048-13-2,gene_inferred,ABCF1,106.19,30,21625544
Pneumonia,Sterigmatocystin,D013241,10048-13-2,gene_inferred,CASP1,106.19,30,21625544
Pneumonia,Sterigmatocystin,D013241,10048-13-2,gene_inferred,CCL19,106.19,30,21625544
Pneumonia,Sterigmatocystin,D013241,10048-13-2,gene_inferred,CCL20,106.19,30,21625544
Pneumonia,Sterigmatocystin,D013241,10048-13-2,gene_inferred,CCL8,106.19,30,21625544
Pneumonia,Sterigmatocystin,D013241,10048-13-2,gene_inferred,CCR1,106.19,30,21625544
Pneumonia,Sterigmatocystin,D013241,10048-13-2,gene_inferred,CCR2,106.19,30,21625544
Pneumonia,Sterigmatocystin,D013241,10048-13-2,gene_inferred,CCR6,106.19,30,21625544
Pneumonia,Sterigmatocystin,D013241,10048-13-2,gene_inferred,CCR9,106.19,30,21625544
Pneumonia,Sterigmatocystin,D013241,10048-13-2,gene_inferred,CD40LG,106.19,30,21625544
Pneumonia,Sterigmatocystin,D013241,10048-13-2,gene_inferred,CX3CL1,106.19,30,21625544
Pneumonia,Sterigmatocystin,D013241,10048-13-2,gene_inferred,CXCL1,106.19,30,21625544
Pneumonia,Sterigmatocystin,D013241,10048-13-2,gene_inferred,CXCL5,106.19,30,21625544
Pneumonia,Sterigmatocystin,D013241,10048-13-2,gene_inferred,CXCL9,106.19,30,21625544
Pneumonia,Sterigmatocystin,D013241,10048-13-2,gene_inferred,CXCR3,106.19,30,21625544
Pneumonia,Sterigmatocystin,D013241,10048-13-2,gene_inferred,HMOX1,106.19,30,16582079
Pneumonia,Sterigmatocystin,D013241,10048-13-2,gene_inferred,IFNG,106.19,30,21625544
Pneumonia,Sterigmatocystin,D013241,10048-13-2,gene_inferred,IL13,106.19,30,21625544
Pneumonia,Sterigmatocystin,D013241,10048-13-2,gene_inferred,IL18,106.19,30,21625544
Pneumonia,Sterigmatocystin,D013241,10048-13-2,gene_inferred,IL1B,106.19,30,21625544
Pneumonia,Sterigmatocystin,D013241,10048-13-2,gene_inferred,IL1R1,106.19,30,21625544
Pneumonia,Sterigmatocystin,D013241,10048-13-2,gene_inferred,IL2RB,106.19,30,21625544
Pneumonia,Sterigmatocystin,D013241,10048-13-2,gene_inferred,IL5RA,106.19,30,21625544
Pneumonia,Sterigmatocystin,D013241,10048-13-2,gene_inferred,IL6,106.19,30,21625544
Pneumonia,Sterigmatocystin,D013241,10048-13-2,gene_inferred,IL6ST,106.19,30,21625544
Pneumonia,Sterigmatocystin,D013241,10048-13-2,gene_inferred,PF4,106.19,30,21625544
Pneumonia,Sterigmatocystin,D013241,10048-13-2,gene_inferred,SPP1,106.19,30,21625544
Pneumonia,Sterigmatocystin,D013241,10048-13-2,gene_inferred,TGFB1,106.19,30,21625544
Pneumonia,Sterigmatocystin,D013241,10048-13-2,gene_inferred,TNF,106.19,30,21625544|28917655|34390737
Pneumonia,Sterigmatocystin,D013241,10048-13-2,gene_inferred,TNFRSF1A,106.19,30,21625544
Pneumonia,Mycophenolic Acid,D009173,24280-93-1,gene_inferred,ABCF1,104.89,33,21625544
Pneumonia,Mycophenolic Acid,D009173,24280-93-1,gene_inferred,AGT,104.89,33,28960804
Pneumonia,Mycophenolic Acid,D009173,24280-93-1,gene_inferred,CASP1,104.89,33,21625544
Pneumonia,Mycophenolic Acid,D009173,24280-93-1,gene_inferred,CCL19,104.89,33,21625544
Pneumonia,Mycophenolic Acid,D009173,24280-93-1,gene_inferred,CCL2,104.89,33,21625544
Pneumonia,Mycophenolic Acid,D009173,24280-93-1,gene_inferred,CCL20,104.89,33,21625544
Pneumonia,Mycophenolic Acid,D009173,24280-93-1,gene_inferred,CCL4,104.89,33,21625544
Pneumonia,Mycophenolic Acid,D009173,24280-93-1,gene_inferred,CCL7,104.89,33,21625544
Pneumonia,Mycophenolic Acid,D009173,24280-93-1,gene_inferred,CCR2,104.89,33,21625544
Pneumonia,Mycophenolic Acid,D009173,24280-93-1,gene_inferred,CCR6,104.89,33,21625544
Pneumonia,Mycophenolic Acid,D009173,24280-93-1,gene_inferred,CCR9,104.89,33,21625544
Pneumonia,Mycophenolic Acid,D009173,24280-93-1,gene_inferred,CD40LG,104.89,33,21625544
Pneumonia,Mycophenolic Acid,D009173,24280-93-1,gene_inferred,CX3CL1,104.89,33,21625544
Pneumonia,Mycophenolic Acid,D009173,24280-93-1,gene_inferred,CXCL1,104.89,33,21625544
Pneumonia,Mycophenolic Acid,D009173,24280-93-1,gene_inferred,CXCL15,104.89,33,21625544
Pneumonia,Mycophenolic Acid,D009173,24280-93-1,gene_inferred,CXCL5,104.89,33,21625544
Pneumonia,Mycophenolic Acid,D009173,24280-93-1,gene_inferred,CXCR2,104.89,33,21625544
Pneumonia,Mycophenolic Acid,D009173,24280-93-1,gene_inferred,CXCR3,104.89,33,21625544
Pneumonia,Mycophenolic Acid,D009173,24280-93-1,gene_inferred,IFNG,104.89,33,21625544
Pneumonia,Mycophenolic Acid,D009173,24280-93-1,gene_inferred,IL13,104.89,33,21625544
Pneumonia,Mycophenolic Acid,D009173,24280-93-1,gene_inferred,IL18,104.89,33,21625544
Pneumonia,Mycophenolic Acid,D009173,24280-93-1,gene_inferred,IL1R1,104.89,33,21625544
Pneumonia,Mycophenolic Acid,D009173,24280-93-1,gene_inferred,IL1R2,104.89,33,21625544
Pneumonia,Mycophenolic Acid,D009173,24280-93-1,gene_inferred,IL2RB,104.89,33,21625544
Pneumonia,Mycophenolic Acid,D009173,24280-93-1,gene_inferred,IL4,104.89,33,21625544
Pneumonia,Mycophenolic Acid,D009173,24280-93-1,gene_inferred,IL5RA,104.89,33,21625544
Pneumonia,Mycophenolic Acid,D009173,24280-93-1,gene_inferred,IL6,104.89,33,21625544
Pneumonia,Mycophenolic Acid,D009173,24280-93-1,gene_inferred,IL6ST,104.89,33,21625544
Pneumonia,Mycophenolic Acid,D009173,24280-93-1,gene_inferred,SPP1,104.89,33,21625544
Pneumonia,Mycophenolic Acid,D009173,24280-93-1,gene_inferred,TGFB1,104.89,33,21625544
Pneumonia,Mycophenolic Acid,D009173,24280-93-1,gene_inferred,TNF,104.89,33,21625544|28917655|34390737
Pneumonia,Mycophenolic Acid,D009173,24280-93-1,gene_inferred,TNFRSF1A,104.89,33,21625544
Pneumonia,Mycophenolic Acid,D009173,24280-93-1,gene_inferred,TNFRSF1B,104.89,33,21625544
Pneumonia,"Antigens, Bacterial",D000942,,gene_inferred,AHR,92.77,35,23337360
Pneumonia,"Antigens, Bacterial",D000942,,gene_inferred,CASP1,92.77,35,21625544
Pneumonia,"Antigens, Bacterial",D000942,,gene_inferred,CCL11,92.77,35,21625544
Pneumonia,"Antigens, Bacterial",D000942,,gene_inferred,CCL12,92.77,35,21625544
Pneumonia,"Antigens, Bacterial",D000942,,gene_inferred,CCL19,92.77,35,21625544
Pneumonia,"Antigens, Bacterial",D000942,,gene_inferred,CCL2,92.77,35,21625544
Pneumonia,"Antigens, Bacterial",D000942,,gene_inferred,CCL20,92.77,35,21625544
Pneumonia,"Antigens, Bacterial",D000942,,gene_inferred,CCL24,92.77,35,21625544
Pneumonia,"Antigens, Bacterial",D000942,,gene_inferred,CCL4,92.77,35,21625544
Pneumonia,"Antigens, Bacterial",D000942,,gene_inferred,CCL7,92.77,35,21625544
Pneumonia,"Antigens, Bacterial",D000942,,gene_inferred,CCL8,92.77,35,21625544
Pneumonia,"Antigens, Bacterial",D000942,,gene_inferred,CCL9,92.77,35,21625544
Pneumonia,"Antigens, Bacterial",D000942,,gene_inferred,CCR2,92.77,35,21625544
Pneumonia,"Antigens, Bacterial",D000942,,gene_inferred,CCR6,92.77,35,21625544
Pneumonia,"Antigens, Bacterial",D000942,,gene_inferred,CSF2,92.77,35,11732872
Pneumonia,"Antigens, Bacterial",D000942,,gene_inferred,CX3CL1,92.77,35,21625544
Pneumonia,"Antigens, Bacterial",D000942,,gene_inferred,CXCL1,92.77,35,21625544
Pneumonia,"Antigens, Bacterial",D000942,,gene_inferred,CXCL15,92.77,35,21625544
Pneumonia,"Antigens, Bacterial",D000942,,gene_inferred,CXCL9,92.77,35,21625544
Pneumonia,"Antigens, Bacterial",D000942,,gene_inferred,CXCR2,92.77,35,21625544
Pneumonia,"Antigens, Bacterial",D000942,,gene_inferred,CXCR3,92.77,35,21625544
Pneumonia,"Antigens, Bacterial",D000942,,gene_inferred,HMOX1,92.77,35,16582079
Pneumonia,"Antigens, Bacterial",D000942,,gene_inferred,IL18,92.77,35,21625544
Pneumonia,"Antigens, Bacterial",D000942,,gene_inferred,IL1B,92.77,35,21625544
Pneumonia,"Antigens, Bacterial",D000942,,gene_inferred,IL1R1,92.77,35,21625544
Pneumonia,"Antigens, Bacterial",D000942,,gene_inferred,IL1R2,92.77,35,21625544
Pneumonia,"Antigens, Bacterial",D000942,,gene_inferred,IL2RB,92.77,35,21625544
Pneumonia,"Antigens, Bacterial",D000942,,gene_inferred,IL33,92.77,35,24453940
Pneumonia,"Antigens, Bacterial",D000942,,gene_inferred,IL6,92.77,35,21625544
Pneumonia,"Antigens, Bacterial",D000942,,gene_inferred,IL6ST,92.77,35,21625544
Pneumonia,"Antigens, Bacterial",D000942,,gene_inferred,ITGB2,92.77,35,21625544
Pneumonia,"Antigens, Bacterial",D000942,,gene_inferred,MYD88,92.77,35,26882889
Pneumonia,"Antigens, Bacterial",D000942,,gene_inferred,TLR4,92.77,35,26882889
Pneumonia,"Antigens, Bacterial",D000942,,gene_inferred,TNF,92.77,35,21625544|28917655|34390737
Pneumonia,"Antigens, Bacterial",D000942,,gene_inferred,TNFRSF1B,92.77,35,21625544
Pneumonia,Ovalbumin,D010047,9006-59-1,gene_inferred,AHR,92.70,42,23337360
Pneumonia,Ovalbumin,D010047,9006-59-1,gene_inferred,CASP1,92.70,42,21625544
Pneumonia,Ovalbumin,D010047,9006-59-1,gene_inferred,CCL11,92.70,42,21625544
Pneumonia,Ovalbumin,D010047,9006-59-1,gene_inferred,CCL12,92.70,42,21625544
Pneumonia,Ovalbumin,D010047,9006-59-1,gene_inferred,CCL19,92.70,42,21625544
Pneumonia,Ovalbumin,D010047,9006-59-1,gene_inferred,CCL2,92.70,42,21625544
Pneumonia,Ovalbumin,D010047,9006-59-1,gene_inferred,CCL20,92.70,42,21625544
Pneumonia,Ovalbumin,D010047,9006-59-1,gene_inferred,CCL24,92.70,42,21625544
Pneumonia,Ovalbumin,D010047,9006-59-1,gene_inferred,CCL4,92.70,42,21625544
Pneumonia,Ovalbumin,D010047,9006-59-1,gene_inferred,CCL7,92.70,42,21625544
Pneumonia,Ovalbumin,D010047,9006-59-1,gene_inferred,CCL8,92.70,42,21625544
Pneumonia,Ovalbumin,D010047,9006-59-1,gene_inferred,CCL9,92.70,42,21625544
Pneumonia,Ovalbumin,D010047,9006-59-1,gene_inferred,CCR2,92.70,42,21625544
Pneumonia,Ovalbumin,D010047,9006-59-1,gene_inferred,CCR6,92.70,42,21625544
Pneumonia,Ovalbumin,D010047,9006-59-1,gene_inferred,CSF2,92.70,42,11732872
Pneumonia,Ovalbumin,D010047,9006-59-1,gene_inferred,CX3CL1,92.70,42,21625544
Pneumonia,Ovalbumin,D010047,9006-59-1,gene_inferred,CXCL1,92.70,42,21625544
Pneumonia,Ovalbumin,D010047,9006-59-1,gene_inferred,CXCL15,92.70,42,21625544
Pneumonia,Ovalbumin,D010047,9006-59-1,gene_inferred,CXCL9,92.70,42,21625544
Pneumonia,Ovalbumin,D010047,9006-59-1,gene_inferred,CXCR2,92.70,42,21625544
Pneumonia,Ovalbumin,D010047,9006-59-1,gene_inferred,CXCR3,92.70,42,21625544
Pneumonia,Ovalbumin,D010047,9006-59-1,gene_inferred,HMOX1,92.70,42,16582079
Pneumonia,Ovalbumin,D010047,9006-59-1,gene_inferred,IFNG,92.70,42,21625544
Pneumonia,Ovalbumin,D010047,9006-59-1,gene_inferred,IKBKB,92.70,42,31095431
Pneumonia,Ovalbumin,D010047,9006-59-1,gene_inferred,IL13,92.70,42,21625544
Pneumonia,Ovalbumin,D010047,9006-59-1,gene_inferred,IL17A,92.70,42,21625544
Pneumonia,Ovalbumin,D010047,9006-59-1,gene_inferred,IL18,92.70,42,21625544
Pneumonia,Ovalbumin,D010047,9006-59-1,gene_inferred,IL1B,92.70,42,21625544
Pneumonia,Ovalbumin,D010047,9006-59-1,gene_inferred,IL1R1,92.70,42,21625544
Pneumonia,Ovalbumin,D010047,9006-59-1,gene_inferred,IL1R2,92.70,42,21625544
Pneumonia,Ovalbumin,D010047,9006-59-1,gene_inferred,IL2RB,92.70,42,21625544
Pneumonia,Ovalbumin,D010047,9006-59-1,gene_inferred,IL33,92.70,42,24453940
Pneumonia,Ovalbumin,D010047,9006-59-1,gene_inferred,IL4,92.70,42,21625544
Pneumonia,Ovalbumin,D010047,9006-59-1,gene_inferred,IL6,92.70,42,21625544
Pneumonia,Ovalbumin,D010047,9006-59-1,gene_inferred,IL6ST,92.70,42,21625544
Pneumonia,Ovalbumin,D010047,9006-59-1,gene_inferred,ITGB2,92.70,42,21625544
Pneumonia,Ovalbumin,D010047,9006-59-1,gene_inferred,MYD88,92.70,42,26882889
Pneumonia,Ovalbumin,D010047,9006-59-1,gene_inferred,SPP1,92.70,42,21625544
Pneumonia,Ovalbumin,D010047,9006-59-1,gene_inferred,TGFB1,92.70,42,21625544
Pneumonia,Ovalbumin,D010047,9006-59-1,gene_inferred,TLR4,92.70,42,26882889
Pneumonia,Ovalbumin,D010047,9006-59-1,gene_inferred,TNF,92.70,42,21625544|28917655|34390737
Pneumonia,Ovalbumin,D010047,9006-59-1,gene_inferred,TNFRSF1B,92.70,42,21625544
Pneumonia,"lipopolysaccharide, E. coli O26-B6",C433788,,gene_inferred,AGT,90.10,29,28960804
Pneumonia,"lipopolysaccharide, E. coli O26-B6",C433788,,gene_inferred,CASP1,90.10,29,21625544
Pneumonia,"lipopolysaccharide, E. coli O26-B6",C433788,,gene_inferred,CCL19,90.10,29,21625544
Pneumonia,"lipopolysaccharide, E. coli O26-B6",C433788,,gene_inferred,CCL2,90.10,29,21625544
Pneumonia,"lipopolysaccharide, E. coli O26-B6",C433788,,gene_inferred,CCL20,90.10,29,21625544
Pneumonia,"lipopolysaccharide, E. coli O26-B6",C433788,,gene_inferred,CCL24,90.10,29,21625544
Pneumonia,"lipopolysaccharide, E. coli O26-B6",C433788,,gene_inferred,CCL4,90.10,29,21625544
Pneumonia,"lipopolysaccharide, E. coli O26-B6",C433788,,gene_inferred,CCL7,90.10,29,21625544
Pneumonia,"lipopolysaccharide, E. coli O26-B6",C433788,,gene_inferred,CCL8,90.10,29,21625544
Pneumonia,"lipopolysaccharide, E. coli O26-B6",C433788,,gene_inferred,CCR2,90.10,29,21625544
Pneumonia,"lipopolysaccharide, E. coli O26-B6",C433788,,gene_inferred,CCR6,90.10,29,21625544
Pneumonia,"lipopolysaccharide, E. coli O26-B6",C433788,,gene_inferred,CD40LG,90.10,29,21625544
Pneumonia,"lipopolysaccharide, E. coli O26-B6",C433788,,gene_inferred,CSF2,90.10,29,11732872
Pneumonia,"lipopolysaccharide, E. coli O26-B6",C433788,,gene_inferred,CXCL1,90.10,29,21625544
Pneumonia,"lipopolysaccharide, E. coli O26-B6",C433788,,gene_inferred,CXCL9,90.10,29,21625544
Pneumonia,"lipopolysaccharide, E. coli O26-B6",C433788,,gene_inferred,CXCR2,90.10,29,21625544
Pneumonia,"lipopolysaccharide, E. coli O26-B6",C433788,,gene_inferred,HMOX1,90.10,29,16582079
Pneumonia,"lipopolysaccharide, E. coli O26-B6",C433788,,gene_inferred,IFNG,90.10,29,21625544
Pneumonia,"lipopolysaccharide, E. coli O26-B6",C433788,,gene_inferred,IKBKB,90.10,29,31095431
Pneumonia,"lipopolysaccharide, E. coli O26-B6",C433788,,gene_inferred,IL1B,90.10,29,21625544
Pneumonia,"lipopolysaccharide, E. coli O26-B6",C433788,,gene_inferred,IL1R1,90.10,29,21625544
Pneumonia,"lipopolysaccharide, E. coli O26-B6",C433788,,gene_inferred,IL6,90.10,29,21625544
Pneumonia,"lipopolysaccharide, E. coli O26-B6",C433788,,gene_inferred,ITGB2,90.10,29,21625544
Pneumonia,"lipopolysaccharide, E. coli O26-B6",C433788,,gene_inferred,MYD88,90.10,29,26882889
Pneumonia,"lipopolysaccharide, E. coli O26-B6",C433788,,gene_inferred,PARP1,90.10,29,20561897
Pneumonia,"lipopolysaccharide, E. coli O26-B6",C433788,,gene_inferred,TGFB1,90.10,29,21625544
Pneumonia,"lipopolysaccharide, E. coli O26-B6",C433788,,gene_inferred,TLR4,90.10,29,26882889
Pneumonia,"lipopolysaccharide, E. coli O26-B6",C433788,,gene_inferred,TNF,90.10,29,21625544|28917655|34390737
Pneumonia,"lipopolysaccharide, E. coli O26-B6",C433788,,gene_inferred,TNFRSF1A,90.10,29,21625544
Pneumonia,ceric oxide,C030583,1306-38-3,gene_inferred,CCL11,80.18,24,21625544
Pneumonia,ceric oxide,C030583,1306-38-3,gene_inferred,CCL17,80.18,24,21625544
Pneumonia,ceric oxide,C030583,1306-38-3,gene_inferred,CCL2,80.18,24,21625544
Pneumonia,ceric oxide,C030583,1306-38-3,gene_inferred,CCL20,80.18,24,21625544
Pneumonia,ceric oxide,C030583,1306-38-3,gene_inferred,CCL24,80.18,24,21625544
Pneumonia,ceric oxide,C030583,1306-38-3,gene_inferred,CCL4,80.18,24,21625544
Pneumonia,ceric oxide,C030583,1306-38-3,gene_inferred,CCL7,80.18,24,21625544
Pneumonia,ceric oxide,C030583,1306-38-3,gene_inferred,CCL9,80.18,24,21625544
Pneumonia,ceric oxide,C030583,1306-38-3,gene_inferred,CCR2,80.18,24,21625544
Pneumonia,ceric oxide,C030583,1306-38-3,gene_inferred,CD40LG,80.18,24,21625544
Pneumonia,ceric oxide,C030583,1306-38-3,gene_inferred,CX3CL1,80.18,24,21625544
Pneumonia,ceric oxide,C030583,1306-38-3,gene_inferred,CXCL5,80.18,24,21625544
Pneumonia,ceric oxide,C030583,1306-38-3,gene_inferred,CXCL9,80.18,24,21625544
Pneumonia,ceric oxide,C030583,1306-38-3,gene_inferred,CXCR2,80.18,24,21625544
Pneumonia,ceric oxide,C030583,1306-38-3,gene_inferred,CXCR3,80.18,24,21625544
Pneumonia,ceric oxide,C030583,1306-38-3,gene_inferred,HMOX1,80.18,24,16582079
Pneumonia,ceric oxide,C030583,1306-38-3,gene_inferred,IL13,80.18,24,21625544
Pneumonia,ceric oxide,C030583,1306-38-3,gene_inferred,IL1B,80.18,24,21625544
Pneumonia,ceric oxide,C030583,1306-38-3,gene_inferred,IL2RB,80.18,24,21625544
Pneumonia,ceric oxide,C030583,1306-38-3,gene_inferred,IL4,80.18,24,21625544
Pneumonia,ceric oxide,C030583,1306-38-3,gene_inferred,IL6,80.18,24,21625544
Pneumonia,ceric oxide,C030583,1306-38-3,gene_inferred,PF4,80.18,24,21625544
Pneumonia,ceric oxide,C030583,1306-38-3,gene_inferred,SPP1,80.18,24,21625544
Pneumonia,ceric oxide,C030583,1306-38-3,gene_inferred,TNF,80.18,24,21625544|28917655|34390737
Pneumonia,Mustard Gas,D009151,505-60-2,gene_inferred,CASP1,73.96,48,21625544
Pneumonia,Mustard Gas,D009151,505-60-2,gene_inferred,CCL11,73.96,48,21625544
Pneumonia,Mustard Gas,D009151,505-60-2,gene_inferred,CCL12,73.96,48,21625544
Pneumonia,Mustard Gas,D009151,505-60-2,gene_inferred,CCL19,73.96,48,21625544
Pneumonia,Mustard Gas,D009151,505-60-2,gene_inferred,CCL2,73.96,48,21625544
Pneumonia,Mustard Gas,D009151,505-60-2,gene_inferred,CCL20,73.96,48,21625544
Pneumonia,Mustard Gas,D009151,505-60-2,gene_inferred,CCL24,73.96,48,21625544
Pneumonia,Mustard Gas,D009151,505-60-2,gene_inferred,CCL4,73.96,48,21625544
Pneumonia,Mustard Gas,D009151,505-60-2,gene_inferred,CCL7,73.96,48,21625544
Pneumonia,Mustard Gas,D009151,505-60-2,gene_inferred,CCL8,73.96,48,21625544
Pneumonia,Mustard Gas,D009151,505-60-2,gene_inferred,CCL9,73.96,48,21625544
Pneumonia,Mustard Gas,D009151,505-60-2,gene_inferred,CCR1,73.96,48,21625544
Pneumonia,Mustard Gas,D009151,505-60-2,gene_inferred,CCR2,73.96,48,21625544
Pneumonia,Mustard Gas,D009151,505-60-2,gene_inferred,CCR6,73.96,48,21625544
Pneumonia,Mustard Gas,D009151,505-60-2,gene_inferred,CD40LG,73.96,48,21625544
Pneumonia,Mustard Gas,D009151,505-60-2,gene_inferred,CSF2,73.96,48,11732872
Pneumonia,Mustard Gas,D009151,505-60-2,gene_inferred,CX3CL1,73.96,48,21625544
Pneumonia,Mustard Gas,D009151,505-60-2,gene_inferred,CXCL1,73.96,48,21625544
Pneumonia,Mustard Gas,D009151,505-60-2,gene_inferred,CXCL5,73.96,48,21625544
Pneumonia,Mustard Gas,D009151,505-60-2,gene_inferred,CXCR2,73.96,48,21625544
Pneumonia,Mustard Gas,D009151,505-60-2,gene_inferred,CXCR3,73.96,48,21625544
Pneumonia,Mustard Gas,D009151,505-60-2,gene_inferred,EGR1,73.96,48,29787794
Pneumonia,Mustard Gas,D009151,505-60-2,gene_inferred,HMOX1,73.96,48,16582079
Pneumonia,Mustard Gas,D009151,505-60-2,gene_inferred,IFNG,73.96,48,21625544
Pneumonia,Mustard Gas,D009151,505-60-2,gene_inferred,IKBKB,73.96,48,31095431
Pneumonia,Mustard Gas,D009151,505-60-2,gene_inferred,IL13,73.96,48,21625544
Pneumonia,Mustard Gas,D009151,505-60-2,gene_inferred,IL18,73.96,48,21625544
Pneumonia,Mustard Gas,D009151,505-60-2,gene_inferred,IL1B,73.96,48,21625544
Pneumonia,Mustard Gas,D009151,505-60-2,gene_inferred,IL1R1,73.96,48,21625544
Pneumonia,Mustard Gas,D009151,505-60-2,gene_inferred,IL1R2,73.96,48,21625544
Pneumonia,Mustard Gas,D009151,505-60-2,gene_inferred,IL2RB,73.96,48,21625544
Pneumonia,Mustard Gas,D009151,505-60-2,gene_inferred,IL33,73.96,48,24453940
Pneumonia,Mustard Gas,D009151,505-60-2,gene_inferred,IL4,73.96,48,21625544
Pneumonia,Mustard Gas,D009151,505-60-2,gene_inferred,IL5RA,73.96,48,21625544
Pneumonia,Mustard Gas,D009151,505-60-2,gene_inferred,IL6,73.96,48,21625544
Pneumonia,Mustard Gas,D009151,505-60-2,gene_inferred,IL6ST,73.96,48,21625544
Pneumonia,Mustard Gas,D009151,505-60-2,gene_inferred,ITGB2,73.96,48,21625544
Pneumonia,Mustard Gas,D009151,505-60-2,gene_inferred,MIR150,73.96,48,29205062
Pneumonia,Mustard Gas,D009151,505-60-2,gene_inferred,MYD88,73.96,48,26882889
Pneumonia,Mustard Gas,D009151,505-60-2,gene_inferred,PARP1,73.96,48,20561897
Pneumonia,Mustard Gas,D009151,505-60-2,gene_inferred,PF4,73.96,48,21625544
Pneumonia,Mustard Gas,D009151,505-60-2,gene_inferred,POMC,73.96,48,6254450
Pneumonia,Mustard Gas,D009151,505-60-2,gene_inferred,SPP1,73.96,48,21625544
Pneumonia,Mustard Gas,D009151,505-60-2,gene_inferred,TGFB1,73.96,48,21625544
Pneumonia,Mustard Gas,D009151,505-60-2,gene_inferred,TLR4,73.96,48,26882889
Pneumonia,Mustard Gas,D009151,505-60-2,gene_inferred,TNF,73.96,48,21625544|28917655|34390737
Pneumonia,Mustard Gas,D009151,505-60-2,gene_inferred,TNFRSF1A,73.96,48,21625544
Pneumonia,Mustard Gas,D009151,505-60-2,gene_inferred,TNFRSF1B,73.96,48,21625544
Pneumonia,3-(4-methylphenylsulfonyl)-2-propenenitrile,C434003,,gene_inferred,AGT,72.10,24,28960804
Pneumonia,3-(4-methylphenylsulfonyl)-2-propenenitrile,C434003,,gene_inferred,AHR,72.10,24,23337360
Pneumonia,3-(4-methylphenylsulfonyl)-2-propenenitrile,C434003,,gene_inferred,CASP1,72.10,24,21625544
Pneumonia,3-(4-methylphenylsulfonyl)-2-propenenitrile,C434003,,gene_inferred,CCL17,72.10,24,21625544
Pneumonia,3-(4-methylphenylsulfonyl)-2-propenenitrile,C434003,,gene_inferred,CCL2,72.10,24,21625544
Pneumonia,3-(4-methylphenylsulfonyl)-2-propenenitrile,C434003,,gene_inferred,CCL9,72.10,24,21625544
Pneumonia,3-(4-methylphenylsulfonyl)-2-propenenitrile,C434003,,gene_inferred,CSF2,72.10,24,11732872
Pneumonia,3-(4-methylphenylsulfonyl)-2-propenenitrile,C434003,,gene_inferred,CXCL1,72.10,24,21625544
Pneumonia,3-(4-methylphenylsulfonyl)-2-propenenitrile,C434003,,gene_inferred,CXCL15,72.10,24,21625544
Pneumonia,3-(4-methylphenylsulfonyl)-2-propenenitrile,C434003,,gene_inferred,EGR1,72.10,24,29787794
Pneumonia,3-(4-methylphenylsulfonyl)-2-propenenitrile,C434003,,gene_inferred,HMOX1,72.10,24,16582079
Pneumonia,3-(4-methylphenylsulfonyl)-2-propenenitrile,C434003,,gene_inferred,IFNG,72.10,24,21625544
Pneumonia,3-(4-methylphenylsulfonyl)-2-propenenitrile,C434003,,gene_inferred,IKBKB,72.10,24,31095431
Pneumonia,3-(4-methylphenylsulfonyl)-2-propenenitrile,C434003,,gene_inferred,IL17A,72.10,24,21625544
Pneumonia,3-(4-methylphenylsulfonyl)-2-propenenitrile,C434003,,gene_inferred,IL18,72.10,24,21625544
Pneumonia,3-(4-methylphenylsulfonyl)-2-propenenitrile,C434003,,gene_inferred,IL1B,72.10,24,21625544
Pneumonia,3-(4-methylphenylsulfonyl)-2-propenenitrile,C434003,,gene_inferred,IL1R1,72.10,24,21625544
Pneumonia,3-(4-methylphenylsulfonyl)-2-propenenitrile,C434003,,gene_inferred,IL33,72.10,24,24453940
Pneumonia,3-(4-methylphenylsulfonyl)-2-propenenitrile,C434003,,gene_inferred,IL6,72.10,24,21625544
Pneumonia,3-(4-methylphenylsulfonyl)-2-propenenitrile,C434003,,gene_inferred,PARP1,72.10,24,20561897
Pneumonia,3-(4-methylphenylsulfonyl)-2-propenenitrile,C434003,,gene_inferred,SIRT1,72.10,24,24633890
Pneumonia,3-(4-methylphenylsulfonyl)-2-propenenitrile,C434003,,gene_inferred,TGFB1,72.10,24,21625544
Pneumonia,3-(4-methylphenylsulfonyl)-2-propenenitrile,C434003,,gene_inferred,TLR4,72.10,24,26882889
Pneumonia,3-(4-methylphenylsulfonyl)-2-propenenitrile,C434003,,gene_inferred,TNF,72.10,24,21625544|28917655|34390737
Pneumonia,"Toluene 2,4-Diisocyanate",D014051,584-84-9,gene_inferred,CASP1,71.85,28,21625544
Pneumonia,"Toluene 2,4-Diisocyanate",D014051,584-84-9,gene_inferred,CCL11,71.85,28,21625544
Pneumonia,"Toluene 2,4-Diisocyanate",D014051,584-84-9,gene_inferred,CCL12,71.85,28,21625544
Pneumonia,"Toluene 2,4-Diisocyanate",D014051,584-84-9,gene_inferred,CCL17,71.85,28,21625544
Pneumonia,"Toluene 2,4-Diisocyanate",D014051,584-84-9,gene_inferred,CCL2,71.85,28,21625544
Pneumonia,"Toluene 2,4-Diisocyanate",D014051,584-84-9,gene_inferred,CCL4,71.85,28,21625544
Pneumonia,"Toluene 2,4-Diisocyanate",D014051,584-84-9,gene_inferred,CCL7,71.85,28,21625544
Pneumonia,"Toluene 2,4-Diisocyanate",D014051,584-84-9,gene_inferred,CCL8,71.85,28,21625544
Pneumonia,"Toluene 2,4-Diisocyanate",D014051,584-84-9,gene_inferred,CCL9,71.85,28,21625544
Pneumonia,"Toluene 2,4-Diisocyanate",D014051,584-84-9,gene_inferred,CCR2,71.85,28,21625544
Pneumonia,"Toluene 2,4-Diisocyanate",D014051,584-84-9,gene_inferred,CCR6,71.85,28,21625544
Pneumonia,"Toluene 2,4-Diisocyanate",D014051,584-84-9,gene_inferred,CSF2,71.85,28,11732872
Pneumonia,"Toluene 2,4-Diisocyanate",D014051,584-84-9,gene_inferred,CXCL1,71.85,28,21625544
Pneumonia,"Toluene 2,4-Diisocyanate",D014051,584-84-9,gene_inferred,CXCL5,71.85,28,21625544
Pneumonia,"Toluene 2,4-Diisocyanate",D014051,584-84-9,gene_inferred,CXCL9,71.85,28,21625544
Pneumonia,"Toluene 2,4-Diisocyanate",D014051,584-84-9,gene_inferred,CXCR3,71.85,28,21625544
Pneumonia,"Toluene 2,4-Diisocyanate",D014051,584-84-9,gene_inferred,IFNG,71.85,28,21625544
Pneumonia,"Toluene 2,4-Diisocyanate",D014051,584-84-9,gene_inferred,IL13,71.85,28,21625544
Pneumonia,"Toluene 2,4-Diisocyanate",D014051,584-84-9,gene_inferred,IL17A,71.85,28,21625544
Pneumonia,"Toluene 2,4-Diisocyanate",D014051,584-84-9,gene_inferred,IL18,71.85,28,21625544
Pneumonia,"Toluene 2,4-Diisocyanate",D014051,584-84-9,gene_inferred,IL1B,71.85,28,21625544
Pneumonia,"Toluene 2,4-Diisocyanate",D014051,584-84-9,gene_inferred,IL2RB,71.85,28,21625544
Pneumonia,"Toluene 2,4-Diisocyanate",D014051,584-84-9,gene_inferred,IL33,71.85,28,24453940
Pneumonia,"Toluene 2,4-Diisocyanate",D014051,584-84-9,gene_inferred,IL4,71.85,28,21625544
Pneumonia,"Toluene 2,4-Diisocyanate",D014051,584-84-9,gene_inferred,IL6,71.85,28,21625544
Pneumonia,"Toluene 2,4-Diisocyanate",D014051,584-84-9,gene_inferred,PF4,71.85,28,21625544
Pneumonia,"Toluene 2,4-Diisocyanate",D014051,584-84-9,gene_inferred,TGFB1,71.85,28,21625544
Pneumonia,"Toluene 2,4-Diisocyanate",D014051,584-84-9,gene_inferred,TNF,71.85,28,21625544|28917655|34390737
Pneumonia,Zymosan,D015054,9010-72-4,gene_inferred,CCL2,70.02,24,21625544
Pneumonia,Zymosan,D015054,9010-72-4,gene_inferred,CCL20,70.02,24,21625544
Pneumonia,Zymosan,D015054,9010-72-4,gene_inferred,CCL7,70.02,24,21625544
Pneumonia,Zymosan,D015054,9010-72-4,gene_inferred,CCR2,70.02,24,21625544
Pneumonia,Zymosan,D015054,9010-72-4,gene_inferred,CSF2,70.02,24,11732872
Pneumonia,Zymosan,D015054,9010-72-4,gene_inferred,CXCL1,70.02,24,21625544
Pneumonia,Zymosan,D015054,9010-72-4,gene_inferred,CXCL9,70.02,24,21625544
Pneumonia,Zymosan,D015054,9010-72-4,gene_inferred,CXCR2,70.02,24,21625544
Pneumonia,Zymosan,D015054,9010-72-4,gene_inferred,EGR1,70.02,24,29787794
Pneumonia,Zymosan,D015054,9010-72-4,gene_inferred,HMOX1,70.02,24,16582079
Pneumonia,Zymosan,D015054,9010-72-4,gene_inferred,IFNG,70.02,24,21625544
Pneumonia,Zymosan,D015054,9010-72-4,gene_inferred,IL17A,70.02,24,21625544
Pneumonia,Zymosan,D015054,9010-72-4,gene_inferred,IL1B,70.02,24,21625544
Pneumonia,Zymosan,D015054,9010-72-4,gene_inferred,IL1R2,70.02,24,21625544
Pneumonia,Zymosan,D015054,9010-72-4,gene_inferred,IL4,70.02,24,21625544
Pneumonia,Zymosan,D015054,9010-72-4,gene_inferred,IL6,70.02,24,21625544
Pneumonia,Zymosan,D015054,9010-72-4,gene_inferred,MYD88,70.02,24,26882889
Pneumonia,Zymosan,D015054,9010-72-4,gene_inferred,POMC,70.02,24,6254450
Pneumonia,Zymosan,D015054,9010-72-4,gene_inferred,SPP1,70.02,24,21625544
Pneumonia,Zymosan,D015054,9010-72-4,gene_inferred,TGFB1,70.02,24,21625544
Pneumonia,Zymosan,D015054,9010-72-4,gene_inferred,TLR4,70.02,24,26882889
Pneumonia,Zymosan,D015054,9010-72-4,gene_inferred,TNF,70.02,24,21625544|28917655|34390737
Pneumonia,Zymosan,D015054,9010-72-4,gene_inferred,TNFRSF1A,70.02,24,21625544
Pneumonia,Zymosan,D015054,9010-72-4,gene_inferred,TNFRSF1B,70.02,24,21625544
Pneumonia,SB 203580,C093642,,gene_inferred,AGT,68.48,31,28960804
Pneumonia,SB 203580,C093642,,gene_inferred,AHR,68.48,31,23337360
Pneumonia,SB 203580,C093642,,gene_inferred,CASP1,68.48,31,21625544
Pneumonia,SB 203580,C093642,,gene_inferred,CCL11,68.48,31,21625544
Pneumonia,SB 203580,C093642,,gene_inferred,CCL17,68.48,31,21625544
Pneumonia,SB 203580,C093642,,gene_inferred,CCL2,68.48,31,21625544
Pneumonia,SB 203580,C093642,,gene_inferred,CCL4,68.48,31,21625544
Pneumonia,SB 203580,C093642,,gene_inferred,CCL7,68.48,31,21625544
Pneumonia,SB 203580,C093642,,gene_inferred,CCR2,68.48,31,21625544
Pneumonia,SB 203580,C093642,,gene_inferred,CSF2,68.48,31,11732872
Pneumonia,SB 203580,C093642,,gene_inferred,CX3CL1,68.48,31,21625544
Pneumonia,SB 203580,C093642,,gene_inferred,CXCL1,68.48,31,21625544
Pneumonia,SB 203580,C093642,,gene_inferred,CXCR2,68.48,31,21625544
Pneumonia,SB 203580,C093642,,gene_inferred,EGR1,68.48,31,29787794
Pneumonia,SB 203580,C093642,,gene_inferred,HMOX1,68.48,31,16582079
Pneumonia,SB 203580,C093642,,gene_inferred,IFNG,68.48,31,21625544
Pneumonia,SB 203580,C093642,,gene_inferred,IKBKB,68.48,31,31095431
Pneumonia,SB 203580,C093642,,gene_inferred,IL17A,68.48,31,21625544
Pneumonia,SB 203580,C093642,,gene_inferred,IL18,68.48,31,21625544
Pneumonia,SB 203580,C093642,,gene_inferred,IL1B,68.48,31,21625544
Pneumonia,SB 203580,C093642,,gene_inferred,IL4,68.48,31,21625544
Pneumonia,SB 203580,C093642,,gene_inferred,IL6,68.48,31,21625544
Pneumonia,SB 203580,C093642,,gene_inferred,PARP1,68.48,31,20561897
Pneumonia,SB 203580,C093642,,gene_inferred,POMC,68.48,31,6254450
Pneumonia,SB 203580,C093642,,gene_inferred,SIRT1,68.48,31,24633890
Pneumonia,SB 203580,C093642,,gene_inferred,SPP1,68.48,31,21625544
Pneumonia,SB 203580,C093642,,gene_inferred,TGFB1,68.48,31,21625544
Pneumonia,SB 203580,C093642,,gene_inferred,TLR4,68.48,31,26882889
Pneumonia,SB 203580,C093642,,gene_inferred,TNF,68.48,31,21625544|28917655|34390737
Pneumonia,SB 203580,C093642,,gene_inferred,TNFRSF1A,68.48,31,21625544
Pneumonia,SB 203580,C093642,,gene_inferred,TNFRSF1B,68.48,31,21625544
Pneumonia,2-chloroethyl ethyl sulfide,C031278,693-07-2,gene_inferred,CASP1,67.78,25,21625544
Pneumonia,2-chloroethyl ethyl sulfide,C031278,693-07-2,gene_inferred,CCL2,67.78,25,21625544
Pneumonia,2-chloroethyl ethyl sulfide,C031278,693-07-2,gene_inferred,CCL4,67.78,25,21625544
Pneumonia,2-chloroethyl ethyl sulfide,C031278,693-07-2,gene_inferred,CCL7,67.78,25,21625544
Pneumonia,2-chloroethyl ethyl sulfide,C031278,693-07-2,gene_inferred,CCL8,67.78,25,21625544
Pneumonia,2-chloroethyl ethyl sulfide,C031278,693-07-2,gene_inferred,CCR1,67.78,25,21625544
Pneumonia,2-chloroethyl ethyl sulfide,C031278,693-07-2,gene_inferred,CCR2,67.78,25,21625544
Pneumonia,2-chloroethyl ethyl sulfide,C031278,693-07-2,gene_inferred,CX3CL1,67.78,25,21625544
Pneumonia,2-chloroethyl ethyl sulfide,C031278,693-07-2,gene_inferred,CXCL1,67.78,25,21625544
Pneumonia,2-chloroethyl ethyl sulfide,C031278,693-07-2,gene_inferred,CXCL5,67.78,25,21625544
Pneumonia,2-chloroethyl ethyl sulfide,C031278,693-07-2,gene_inferred,CXCR2,67.78,25,21625544
Pneumonia,2-chloroethyl ethyl sulfide,C031278,693-07-2,gene_inferred,IL18,67.78,25,21625544
Pneumonia,2-chloroethyl ethyl sulfide,C031278,693-07-2,gene_inferred,IL1B,67.78,25,21625544
Pneumonia,2-chloroethyl ethyl sulfide,C031278,693-07-2,gene_inferred,IL1R1,67.78,25,21625544
Pneumonia,2-chloroethyl ethyl sulfide,C031278,693-07-2,gene_inferred,IL1R2,67.78,25,21625544
Pneumonia,2-chloroethyl ethyl sulfide,C031278,693-07-2,gene_inferred,IL6,67.78,25,21625544
Pneumonia,2-chloroethyl ethyl sulfide,C031278,693-07-2,gene_inferred,MYD88,67.78,25,26882889
Pneumonia,2-chloroethyl ethyl sulfide,C031278,693-07-2,gene_inferred,PARP1,67.78,25,20561897
Pneumonia,2-chloroethyl ethyl sulfide,C031278,693-07-2,gene_inferred,PF4,67.78,25,21625544
Pneumonia,2-chloroethyl ethyl sulfide,C031278,693-07-2,gene_inferred,POMC,67.78,25,6254450
Pneumonia,2-chloroethyl ethyl sulfide,C031278,693-07-2,gene_inferred,SIRT1,67.78,25,24633890
Pneumonia,2-chloroethyl ethyl sulfide,C031278,693-07-2,gene_inferred,TGFB1,67.78,25,21625544
Pneumonia,2-chloroethyl ethyl sulfide,C031278,693-07-2,gene_inferred,TLR4,67.78,25,26882889
Pneumonia,2-chloroethyl ethyl sulfide,C031278,693-07-2,gene_inferred,TNF,67.78,25,21625544|28917655|34390737
Pneumonia,2-chloroethyl ethyl sulfide,C031278,693-07-2,gene_inferred,TNFRSF1A,67.78,25,21625544
Pneumonia,Indirubin E804,C509867,,gene_inferred,CASP1,66.25,18,21625544
Pneumonia,Indirubin E804,C509867,,gene_inferred,CCL2,66.25,18,21625544
Pneumonia,Indirubin E804,C509867,,gene_inferred,CCL20,66.25,18,21625544
Pneumonia,Indirubin E804,C509867,,gene_inferred,CCL4,66.25,18,21625544
Pneumonia,Indirubin E804,C509867,,gene_inferred,CSF2,66.25,18,11732872
Pneumonia,Indirubin E804,C509867,,gene_inferred,CXCL5,66.25,18,21625544
Pneumonia,Indirubin E804,C509867,,gene_inferred,EGR1,66.25,18,29787794
Pneumonia,Indirubin E804,C509867,,gene_inferred,HMOX1,66.25,18,16582079
Pneumonia,Indirubin E804,C509867,,gene_inferred,IFNG,66.25,18,21625544
Pneumonia,Indirubin E804,C509867,,gene_inferred,IL13,66.25,18,21625544
Pneumonia,Indirubin E804,C509867,,gene_inferred,IL18,66.25,18,21625544
Pneumonia,Indirubin E804,C509867,,gene_inferred,IL1B,66.25,18,21625544
Pneumonia,Indirubin E804,C509867,,gene_inferred,IL4,66.25,18,21625544
Pneumonia,Indirubin E804,C509867,,gene_inferred,IL6,66.25,18,21625544
Pneumonia,Indirubin E804,C509867,,gene_inferred,TGFB1,66.25,18,21625544
Pneumonia,Indirubin E804,C509867,,gene_inferred,TLR4,66.25,18,26882889
Pneumonia,Indirubin E804,C509867,,gene_inferred,TNF,66.25,18,21625544|28917655|34390737
Pneumonia,Indirubin E804,C509867,,gene_inferred,TNFRSF1A,66.25,18,21625544
Pneumonia,Cobalt,D003035,7440-48-4,gene_inferred,AHR,65.74,29,23337360
Pneumonia,Cobalt,D003035,7440-48-4,gene_inferred,CASP1,65.74,29,21625544
Pneumonia,Cobalt,D003035,7440-48-4,gene_inferred,CCL17,65.74,29,21625544
Pneumonia,Cobalt,D003035,7440-48-4,gene_inferred,CCL19,65.74,29,21625544
Pneumonia,Cobalt,D003035,7440-48-4,gene_inferred,CCL2,65.74,29,21625544
Pneumonia,Cobalt,D003035,7440-48-4,gene_inferred,CCL20,65.74,29,21625544
Pneumonia,Cobalt,D003035,7440-48-4,gene_inferred,CCL24,65.74,29,21625544
Pneumonia,Cobalt,D003035,7440-48-4,gene_inferred,CCL4,65.74,29,21625544
Pneumonia,Cobalt,D003035,7440-48-4,gene_inferred,CCL7,65.74,29,21625544
Pneumonia,Cobalt,D003035,7440-48-4,gene_inferred,CCL8,65.74,29,21625544
Pneumonia,Cobalt,D003035,7440-48-4,gene_inferred,CCL9,65.74,29,21625544
Pneumonia,Cobalt,D003035,7440-48-4,gene_inferred,CSF2,65.74,29,11732872
Pneumonia,Cobalt,D003035,7440-48-4,gene_inferred,CX3CL1,65.74,29,21625544
Pneumonia,Cobalt,D003035,7440-48-4,gene_inferred,CXCL1,65.74,29,21625544
Pneumonia,Cobalt,D003035,7440-48-4,gene_inferred,CXCL5,65.74,29,21625544
Pneumonia,Cobalt,D003035,7440-48-4,gene_inferred,CXCL9,65.74,29,21625544
Pneumonia,Cobalt,D003035,7440-48-4,gene_inferred,EGR1,65.74,29,29787794
Pneumonia,Cobalt,D003035,7440-48-4,gene_inferred,HMOX1,65.74,29,16582079
Pneumonia,Cobalt,D003035,7440-48-4,gene_inferred,IFNG,65.74,29,21625544
Pneumonia,Cobalt,D003035,7440-48-4,gene_inferred,IL18,65.74,29,21625544
Pneumonia,Cobalt,D003035,7440-48-4,gene_inferred,IL1B,65.74,29,21625544
Pneumonia,Cobalt,D003035,7440-48-4,gene_inferred,IL4,65.74,29,21625544
Pneumonia,Cobalt,D003035,7440-48-4,gene_inferred,IL6,65.74,29,21625544
Pneumonia,Cobalt,D003035,7440-48-4,gene_inferred,PARP1,65.74,29,20561897
Pneumonia,Cobalt,D003035,7440-48-4,gene_inferred,PF4,65.74,29,21625544
Pneumonia,Cobalt,D003035,7440-48-4,gene_inferred,SIRT1,65.74,29,24633890
Pneumonia,Cobalt,D003035,7440-48-4,gene_inferred,SPP1,65.74,29,21625544
Pneumonia,Cobalt,D003035,7440-48-4,gene_inferred,TGFB1,65.74,29,21625544
Pneumonia,Cobalt,D003035,7440-48-4,gene_inferred,TNF,65.74,29,21625544|28917655|34390737
Pneumonia,"Antigens, Dermatophagoides",D039741,,gene_inferred,AHR,63.98,21,23337360
Pneumonia,"Antigens, Dermatophagoides",D039741,,gene_inferred,CASP1,63.98,21,21625544
Pneumonia,"Antigens, Dermatophagoides",D039741,,gene_inferred,CCL11,63.98,21,21625544
Pneumonia,"Antigens, Dermatophagoides",D039741,,gene_inferred,CCL17,63.98,21,21625544
Pneumonia,"Antigens, Dermatophagoides",D039741,,gene_inferred,CCL2,63.98,21,21625544
Pneumonia,"Antigens, Dermatophagoides",D039741,,gene_inferred,CCL20,63.98,21,21625544
Pneumonia,"Antigens, Dermatophagoides",D039741,,gene_inferred,CCL24,63.98,21,21625544
Pneumonia,"Antigens, Dermatophagoides",D039741,,gene_inferred,CSF2,63.98,21,11732872
Pneumonia,"Antigens, Dermatophagoides",D039741,,gene_inferred,CXCL1,63.98,21,21625544
Pneumonia,"Antigens, Dermatophagoides",D039741,,gene_inferred,CXCL5,63.98,21,21625544
Pneumonia,"Antigens, Dermatophagoides",D039741,,gene_inferred,HMOX1,63.98,21,16582079
Pneumonia,"Antigens, Dermatophagoides",D039741,,gene_inferred,IFNG,63.98,21,21625544
Pneumonia,"Antigens, Dermatophagoides",D039741,,gene_inferred,IL13,63.98,21,21625544
Pneumonia,"Antigens, Dermatophagoides",D039741,,gene_inferred,IL17A,63.98,21,21625544
Pneumonia,"Antigens, Dermatophagoides",D039741,,gene_inferred,IL1B,63.98,21,21625544
Pneumonia,"Antigens, Dermatophagoides",D039741,,gene_inferred,IL33,63.98,21,24453940
Pneumonia,"Antigens, Dermatophagoides",D039741,,gene_inferred,IL4,63.98,21,21625544
Pneumonia,"Antigens, Dermatophagoides",D039741,,gene_inferred,IL6,63.98,21,21625544
Pneumonia,"Antigens, Dermatophagoides",D039741,,gene_inferred,PF4,63.98,21,21625544
Pneumonia,"Antigens, Dermatophagoides",D039741,,gene_inferred,TGFB1,63.98,21,21625544
Pneumonia,"Antigens, Dermatophagoides",D039741,,gene_inferred,TNF,63.98,21,21625544|28917655|34390737
Pneumonia,Dust,D004391,,gene_inferred,AGT,63.04,32,28960804
Pneumonia,Dust,D004391,,gene_inferred,AHR,63.04,32,23337360
Pneumonia,Dust,D004391,,gene_inferred,CASP1,63.04,32,21625544
Pneumonia,Dust,D004391,,gene_inferred,CCL11,63.04,32,21625544
Pneumonia,Dust,D004391,,gene_inferred,CCL19,63.04,32,21625544
Pneumonia,Dust,D004391,,gene_inferred,CCL2,63.04,32,21625544
Pneumonia,Dust,D004391,,gene_inferred,CCL20,63.04,32,21625544
Pneumonia,Dust,D004391,,gene_inferred,CCL24,63.04,32,21625544
Pneumonia,Dust,D004391,,gene_inferred,CCL4,63.04,32,21625544
Pneumonia,Dust,D004391,,gene_inferred,CCL7,63.04,32,21625544
Pneumonia,Dust,D004391,,gene_inferred,CSF2,63.04,32,11732872
Pneumonia,Dust,D004391,,gene_inferred,CX3CL1,63.04,32,21625544
Pneumonia,Dust,D004391,,gene_inferred,CXCL1,63.04,32,21625544
Pneumonia,Dust,D004391,,gene_inferred,CXCL5,63.04,32,21625544
Pneumonia,Dust,D004391,,gene_inferred,EGR1,63.04,32,29787794
Pneumonia,Dust,D004391,,gene_inferred,HMOX1,63.04,32,16582079
Pneumonia,Dust,D004391,,gene_inferred,IFNG,63.04,32,21625544
Pneumonia,Dust,D004391,,gene_inferred,IL13,63.04,32,21625544
Pneumonia,Dust,D004391,,gene_inferred,IL17A,63.04,32,21625544
Pneumonia,Dust,D004391,,gene_inferred,IL1B,63.04,32,21625544
Pneumonia,Dust,D004391,,gene_inferred,IL1R1,63.04,32,21625544
Pneumonia,Dust,D004391,,gene_inferred,IL33,63.04,32,24453940
Pneumonia,Dust,D004391,,gene_inferred,IL4,63.04,32,21625544
Pneumonia,Dust,D004391,,gene_inferred,IL6,63.04,32,21625544
Pneumonia,Dust,D004391,,gene_inferred,MYD88,63.04,32,26882889
Pneumonia,Dust,D004391,,gene_inferred,SIRT1,63.04,32,24633890
Pneumonia,Dust,D004391,,gene_inferred,SPP1,63.04,32,21625544
Pneumonia,Dust,D004391,,gene_inferred,TGFB1,63.04,32,21625544
Pneumonia,Dust,D004391,,gene_inferred,TLR4,63.04,32,26882889
Pneumonia,Dust,D004391,,gene_inferred,TNF,63.04,32,21625544|28917655|34390737
Pneumonia,Dust,D004391,,gene_inferred,TNFRSF1A,63.04,32,21625544
Pneumonia,Dust,D004391,,gene_inferred,TNFRSF1B,63.04,32,21625544
Pneumonia,Dinitrochlorobenzene,D004137,,gene_inferred,CASP1,59.53,33,21625544
Pneumonia,Dinitrochlorobenzene,D004137,,gene_inferred,CCL11,59.53,33,21625544
Pneumonia,Dinitrochlorobenzene,D004137,,gene_inferred,CCL12,59.53,33,21625544
Pneumonia,Dinitrochlorobenzene,D004137,,gene_inferred,CCL17,59.53,33,21625544
Pneumonia,Dinitrochlorobenzene,D004137,,gene_inferred,CCL19,59.53,33,21625544
Pneumonia,Dinitrochlorobenzene,D004137,,gene_inferred,CCL2,59.53,33,21625544
Pneumonia,Dinitrochlorobenzene,D004137,,gene_inferred,CCL20,59.53,33,21625544
Pneumonia,Dinitrochlorobenzene,D004137,,gene_inferred,CCL4,59.53,33,21625544
Pneumonia,Dinitrochlorobenzene,D004137,,gene_inferred,CCL7,59.53,33,21625544
Pneumonia,Dinitrochlorobenzene,D004137,,gene_inferred,CCL8,59.53,33,21625544
Pneumonia,Dinitrochlorobenzene,D004137,,gene_inferred,CCL9,59.53,33,21625544
Pneumonia,Dinitrochlorobenzene,D004137,,gene_inferred,CCR1,59.53,33,21625544
Pneumonia,Dinitrochlorobenzene,D004137,,gene_inferred,CCR2,59.53,33,21625544
Pneumonia,Dinitrochlorobenzene,D004137,,gene_inferred,CCR6,59.53,33,21625544
Pneumonia,Dinitrochlorobenzene,D004137,,gene_inferred,CSF2,59.53,33,11732872
Pneumonia,Dinitrochlorobenzene,D004137,,gene_inferred,CXCL1,59.53,33,21625544
Pneumonia,Dinitrochlorobenzene,D004137,,gene_inferred,CXCL5,59.53,33,21625544
Pneumonia,Dinitrochlorobenzene,D004137,,gene_inferred,CXCL9,59.53,33,21625544
Pneumonia,Dinitrochlorobenzene,D004137,,gene_inferred,CXCR2,59.53,33,21625544
Pneumonia,Dinitrochlorobenzene,D004137,,gene_inferred,CXCR3,59.53,33,21625544
Pneumonia,Dinitrochlorobenzene,D004137,,gene_inferred,HMOX1,59.53,33,16582079
Pneumonia,Dinitrochlorobenzene,D004137,,gene_inferred,IFNG,59.53,33,21625544
Pneumonia,Dinitrochlorobenzene,D004137,,gene_inferred,IL13,59.53,33,21625544
Pneumonia,Dinitrochlorobenzene,D004137,,gene_inferred,IL17A,59.53,33,21625544
Pneumonia,Dinitrochlorobenzene,D004137,,gene_inferred,IL18,59.53,33,21625544
Pneumonia,Dinitrochlorobenzene,D004137,,gene_inferred,IL1B,59.53,33,21625544
Pneumonia,Dinitrochlorobenzene,D004137,,gene_inferred,IL4,59.53,33,21625544
Pneumonia,Dinitrochlorobenzene,D004137,,gene_inferred,IL6,59.53,33,21625544
Pneumonia,Dinitrochlorobenzene,D004137,,gene_inferred,PARP1,59.53,33,20561897
Pneumonia,Dinitrochlorobenzene,D004137,,gene_inferred,PF4,59.53,33,21625544
Pneumonia,Dinitrochlorobenzene,D004137,,gene_inferred,SPP1,59.53,33,21625544
Pneumonia,Dinitrochlorobenzene,D004137,,gene_inferred,TLR4,59.53,33,26882889
Pneumonia,Dinitrochlorobenzene,D004137,,gene_inferred,TNF,59.53,33,21625544|28917655|34390737
Pneumonia,"lipopolysaccharide, Escherichia coli O111 B4",C440499,,gene_inferred,CASP1,58.09,33,21625544
Pneumonia,"lipopolysaccharide, Escherichia coli O111 B4",C440499,,gene_inferred,CCL11,58.09,33,21625544
Pneumonia,"lipopolysaccharide, Escherichia coli O111 B4",C440499,,gene_inferred,CCL12,58.09,33,21625544
Pneumonia,"lipopolysaccharide, Escherichia coli O111 B4",C440499,,gene_inferred,CCL17,58.09,33,21625544
Pneumonia,"lipopolysaccharide, Escherichia coli O111 B4",C440499,,gene_inferred,CCL2,58.09,33,21625544
Pneumonia,"lipopolysaccharide, Escherichia coli O111 B4",C440499,,gene_inferred,CCL20,58.09,33,21625544
Pneumonia,"lipopolysaccharide, Escherichia coli O111 B4",C440499,,gene_inferred,CCL4,58.09,33,21625544
Pneumonia,"lipopolysaccharide, Escherichia coli O111 B4",C440499,,gene_inferred,CCL7,58.09,33,21625544
Pneumonia,"lipopolysaccharide, Escherichia coli O111 B4",C440499,,gene_inferred,CCL9,58.09,33,21625544
Pneumonia,"lipopolysaccharide, Escherichia coli O111 B4",C440499,,gene_inferred,CCR1,58.09,33,21625544
Pneumonia,"lipopolysaccharide, Escherichia coli O111 B4",C440499,,gene_inferred,CSF2,58.09,33,11732872
Pneumonia,"lipopolysaccharide, Escherichia coli O111 B4",C440499,,gene_inferred,CXCL1,58.09,33,21625544
Pneumonia,"lipopolysaccharide, Escherichia coli O111 B4",C440499,,gene_inferred,CXCL15,58.09,33,21625544
Pneumonia,"lipopolysaccharide, Escherichia coli O111 B4",C440499,,gene_inferred,CXCL9,58.09,33,21625544
Pneumonia,"lipopolysaccharide, Escherichia coli O111 B4",C440499,,gene_inferred,HMOX1,58.09,33,16582079
Pneumonia,"lipopolysaccharide, Escherichia coli O111 B4",C440499,,gene_inferred,IFNG,58.09,33,21625544
Pneumonia,"lipopolysaccharide, Escherichia coli O111 B4",C440499,,gene_inferred,IKBKB,58.09,33,31095431
Pneumonia,"lipopolysaccharide, Escherichia coli O111 B4",C440499,,gene_inferred,IL13,58.09,33,21625544
Pneumonia,"lipopolysaccharide, Escherichia coli O111 B4",C440499,,gene_inferred,IL17A,58.09,33,21625544
Pneumonia,"lipopolysaccharide, Escherichia coli O111 B4",C440499,,gene_inferred,IL18,58.09,33,21625544
Pneumonia,"lipopolysaccharide, Escherichia coli O111 B4",C440499,,gene_inferred,IL1B,58.09,33,21625544
Pneumonia,"lipopolysaccharide, Escherichia coli O111 B4",C440499,,gene_inferred,IL33,58.09,33,24453940
Pneumonia,"lipopolysaccharide, Escherichia coli O111 B4",C440499,,gene_inferred,IL4,58.09,33,21625544
Pneumonia,"lipopolysaccharide, Escherichia coli O111 B4",C440499,,gene_inferred,IL6,58.09,33,21625544
Pneumonia,"lipopolysaccharide, Escherichia coli O111 B4",C440499,,gene_inferred,MYD88,58.09,33,26882889
Pneumonia,"lipopolysaccharide, Escherichia coli O111 B4",C440499,,gene_inferred,POMC,58.09,33,6254450
Pneumonia,"lipopolysaccharide, Escherichia coli O111 B4",C440499,,gene_inferred,SIRT1,58.09,33,24633890
Pneumonia,"lipopolysaccharide, Escherichia coli O111 B4",C440499,,gene_inferred,SPP1,58.09,33,21625544
Pneumonia,"lipopolysaccharide, Escherichia coli O111 B4",C440499,,gene_inferred,TGFB1,58.09,33,21625544
Pneumonia,"lipopolysaccharide, Escherichia coli O111 B4",C440499,,gene_inferred,TLR4,58.09,33,26882889
Pneumonia,"lipopolysaccharide, Escherichia coli O111 B4",C440499,,gene_inferred,TNF,58.09,33,21625544|28917655|34390737
Pneumonia,"lipopolysaccharide, Escherichia coli O111 B4",C440499,,gene_inferred,TNFRSF1A,58.09,33,21625544
Pneumonia,"lipopolysaccharide, Escherichia coli O111 B4",C440499,,gene_inferred,TNFRSF1B,58.09,33,21625544
Pneumonia,Croton Oil,D003436,8001-28-3,gene_inferred,CCL12,57.08,18,21625544
Pneumonia,Croton Oil,D003436,8001-28-3,gene_inferred,CCL17,57.08,18,21625544
Pneumonia,Croton Oil,D003436,8001-28-3,gene_inferred,CCL2,57.08,18,21625544
Pneumonia,Croton Oil,D003436,8001-28-3,gene_inferred,CCL4,57.08,18,21625544
Pneumonia,Croton Oil,D003436,8001-28-3,gene_inferred,CCL7,57.08,18,21625544
Pneumonia,Croton Oil,D003436,8001-28-3,gene_inferred,CCL8,57.08,18,21625544
Pneumonia,Croton Oil,D003436,8001-28-3,gene_inferred,CCL9,57.08,18,21625544
Pneumonia,Croton Oil,D003436,8001-28-3,gene_inferred,CCR1,57.08,18,21625544
Pneumonia,Croton Oil,D003436,8001-28-3,gene_inferred,CCR2,57.08,18,21625544
Pneumonia,Croton Oil,D003436,8001-28-3,gene_inferred,CSF2,57.08,18,11732872
Pneumonia,Croton Oil,D003436,8001-28-3,gene_inferred,CXCL1,57.08,18,21625544
Pneumonia,Croton Oil,D003436,8001-28-3,gene_inferred,CXCL5,57.08,18,21625544
Pneumonia,Croton Oil,D003436,8001-28-3,gene_inferred,CXCL9,57.08,18,21625544
Pneumonia,Croton Oil,D003436,8001-28-3,gene_inferred,CXCR2,57.08,18,21625544
Pneumonia,Croton Oil,D003436,8001-28-3,gene_inferred,IL1B,57.08,18,21625544
Pneumonia,Croton Oil,D003436,8001-28-3,gene_inferred,IL6,57.08,18,21625544
Pneumonia,Croton Oil,D003436,8001-28-3,gene_inferred,PF4,57.08,18,21625544
Pneumonia,Croton Oil,D003436,8001-28-3,gene_inferred,TNF,57.08,18,21625544|28917655|34390737
Pneumonia,Barium Sulfate,D001466,7727-43-7,gene_inferred,CCL11,57.04,14,21625544
Pneumonia,Barium Sulfate,D001466,7727-43-7,gene_inferred,CCL2,57.04,14,21625544
Pneumonia,Barium Sulfate,D001466,7727-43-7,gene_inferred,CCL20,57.04,14,21625544
Pneumonia,Barium Sulfate,D001466,7727-43-7,gene_inferred,CCL24,57.04,14,21625544
Pneumonia,Barium Sulfate,D001466,7727-43-7,gene_inferred,CCL4,57.04,14,21625544
Pneumonia,Barium Sulfate,D001466,7727-43-7,gene_inferred,CCL7,57.04,14,21625544
Pneumonia,Barium Sulfate,D001466,7727-43-7,gene_inferred,CCL9,57.04,14,21625544
Pneumonia,Barium Sulfate,D001466,7727-43-7,gene_inferred,CCR2,57.04,14,21625544
Pneumonia,Barium Sulfate,D001466,7727-43-7,gene_inferred,CD40LG,57.04,14,21625544
Pneumonia,Barium Sulfate,D001466,7727-43-7,gene_inferred,CXCL9,57.04,14,21625544
Pneumonia,Barium Sulfate,D001466,7727-43-7,gene_inferred,CXCR3,57.04,14,21625544
Pneumonia,Barium Sulfate,D001466,7727-43-7,gene_inferred,IL2RB,57.04,14,21625544
Pneumonia,Barium Sulfate,D001466,7727-43-7,gene_inferred,IL6,57.04,14,21625544
Pneumonia,Barium Sulfate,D001466,7727-43-7,gene_inferred,PF4,57.04,14,21625544
Pneumonia,Bleomycin,D001761,11056-06-7,gene_inferred,CCL11,56.90,33,21625544
Pneumonia,Bleomycin,D001761,11056-06-7,gene_inferred,CCL12,56.90,33,21625544
Pneumonia,Bleomycin,D001761,11056-06-7,gene_inferred,CCL17,56.90,33,21625544
Pneumonia,Bleomycin,D001761,11056-06-7,gene_inferred,CCL2,56.90,33,21625544
Pneumonia,Bleomycin,D001761,11056-06-7,gene_inferred,CCL20,56.90,33,21625544
Pneumonia,Bleomycin,D001761,11056-06-7,gene_inferred,CCL4,56.90,33,21625544
Pneumonia,Bleomycin,D001761,11056-06-7,gene_inferred,CCL7,56.90,33,21625544
Pneumonia,Bleomycin,D001761,11056-06-7,gene_inferred,CCL8,56.90,33,21625544
Pneumonia,Bleomycin,D001761,11056-06-7,gene_inferred,CCR2,56.90,33,21625544
Pneumonia,Bleomycin,D001761,11056-06-7,gene_inferred,CSF2,56.90,33,11732872
Pneumonia,Bleomycin,D001761,11056-06-7,gene_inferred,CX3CL1,56.90,33,21625544
Pneumonia,Bleomycin,D001761,11056-06-7,gene_inferred,CXCL1,56.90,33,21625544
Pneumonia,Bleomycin,D001761,11056-06-7,gene_inferred,CXCL15,56.90,33,21625544
Pneumonia,Bleomycin,D001761,11056-06-7,gene_inferred,CXCL5,56.90,33,21625544
Pneumonia,Bleomycin,D001761,11056-06-7,gene_inferred,CXCL9,56.90,33,21625544
Pneumonia,Bleomycin,D001761,11056-06-7,gene_inferred,EGR1,56.90,33,29787794
Pneumonia,Bleomycin,D001761,11056-06-7,gene_inferred,HMOX1,56.90,33,16582079
Pneumonia,Bleomycin,D001761,11056-06-7,gene_inferred,IFNG,56.90,33,21625544
Pneumonia,Bleomycin,D001761,11056-06-7,gene_inferred,IL13,56.90,33,21625544
Pneumonia,Bleomycin,D001761,11056-06-7,gene_inferred,IL17A,56.90,33,21625544
Pneumonia,Bleomycin,D001761,11056-06-7,gene_inferred,IL1B,56.90,33,21625544
Pneumonia,Bleomycin,D001761,11056-06-7,gene_inferred,IL33,56.90,33,24453940
Pneumonia,Bleomycin,D001761,11056-06-7,gene_inferred,IL4,56.90,33,21625544
Pneumonia,Bleomycin,D001761,11056-06-7,gene_inferred,IL6,56.90,33,21625544
Pneumonia,Bleomycin,D001761,11056-06-7,gene_inferred,ITGB2,56.90,33,21625544
Pneumonia,Bleomycin,D001761,11056-06-7,gene_inferred,MIR150,56.90,33,29205062
Pneumonia,Bleomycin,D001761,11056-06-7,gene_inferred,PARP1,56.90,33,20561897
Pneumonia,Bleomycin,D001761,11056-06-7,gene_inferred,SIRT1,56.90,33,24633890
Pneumonia,Bleomycin,D001761,11056-06-7,gene_inferred,SPP1,56.90,33,21625544
Pneumonia,Bleomycin,D001761,11056-06-7,gene_inferred,TGFB1,56.90,33,21625544
Pneumonia,Bleomycin,D001761,11056-06-7,gene_inferred,TNF,56.90,33,21625544|28917655|34390737
Pneumonia,Bleomycin,D001761,11056-06-7,gene_inferred,TNFRSF1A,56.90,33,21625544
Pneumonia,Bleomycin,D001761,11056-06-7,gene_inferred,TNFRSF1B,56.90,33,21625544
Pneumonia,4-phenylenediamine,C029728,106-50-3,gene_inferred,CASP1,56.09,18,21625544
Pneumonia,4-phenylenediamine,C029728,106-50-3,gene_inferred,CCL2,56.09,18,21625544
Pneumonia,4-phenylenediamine,C029728,106-50-3,gene_inferred,CCL4,56.09,18,21625544
Pneumonia,4-phenylenediamine,C029728,106-50-3,gene_inferred,CCL7,56.09,18,21625544
Pneumonia,4-phenylenediamine,C029728,106-50-3,gene_inferred,CCR2,56.09,18,21625544
Pneumonia,4-phenylenediamine,C029728,106-50-3,gene_inferred,CCR6,56.09,18,21625544
Pneumonia,4-phenylenediamine,C029728,106-50-3,gene_inferred,CSF2,56.09,18,11732872
Pneumonia,4-phenylenediamine,C029728,106-50-3,gene_inferred,CXCL1,56.09,18,21625544
Pneumonia,4-phenylenediamine,C029728,106-50-3,gene_inferred,CXCL15,56.09,18,21625544
Pneumonia,4-phenylenediamine,C029728,106-50-3,gene_inferred,HMOX1,56.09,18,16582079
Pneumonia,4-phenylenediamine,C029728,106-50-3,gene_inferred,IFNG,56.09,18,21625544
Pneumonia,4-phenylenediamine,C029728,106-50-3,gene_inferred,IL18,56.09,18,21625544
Pneumonia,4-phenylenediamine,C029728,106-50-3,gene_inferred,IL1B,56.09,18,21625544
Pneumonia,4-phenylenediamine,C029728,106-50-3,gene_inferred,IL33,56.09,18,24453940
Pneumonia,4-phenylenediamine,C029728,106-50-3,gene_inferred,IL4,56.09,18,21625544
Pneumonia,4-phenylenediamine,C029728,106-50-3,gene_inferred,IL6,56.09,18,21625544
Pneumonia,4-phenylenediamine,C029728,106-50-3,gene_inferred,TLR4,56.09,18,26882889
Pneumonia,4-phenylenediamine,C029728,106-50-3,gene_inferred,TNF,56.09,18,21625544|28917655|34390737
Pneumonia,Simvastatin,D019821,79902-63-9,gene_inferred,AGT,55.05,31,28960804
Pneumonia,Simvastatin,D019821,79902-63-9,gene_inferred,CASP1,55.05,31,21625544
Pneumonia,Simvastatin,D019821,79902-63-9,gene_inferred,CCL2,55.05,31,21625544
Pneumonia,Simvastatin,D019821,79902-63-9,gene_inferred,CCL20,55.05,31,21625544
Pneumonia,Simvastatin,D019821,79902-63-9,gene_inferred,CCL4,55.05,31,21625544
Pneumonia,Simvastatin,D019821,79902-63-9,gene_inferred,CCR1,55.05,31,21625544
Pneumonia,Simvastatin,D019821,79902-63-9,gene_inferred,CCR2,55.05,31,21625544
Pneumonia,Simvastatin,D019821,79902-63-9,gene_inferred,CD40LG,55.05,31,21625544
Pneumonia,Simvastatin,D019821,79902-63-9,gene_inferred,CXCL1,55.05,31,21625544
Pneumonia,Simvastatin,D019821,79902-63-9,gene_inferred,CXCL15,55.05,31,21625544
Pneumonia,Simvastatin,D019821,79902-63-9,gene_inferred,CXCL5,55.05,31,21625544
Pneumonia,Simvastatin,D019821,79902-63-9,gene_inferred,CXCR2,55.05,31,21625544
Pneumonia,Simvastatin,D019821,79902-63-9,gene_inferred,EGR1,55.05,31,29787794
Pneumonia,Simvastatin,D019821,79902-63-9,gene_inferred,HMOX1,55.05,31,16582079
Pneumonia,Simvastatin,D019821,79902-63-9,gene_inferred,IFNG,55.05,31,21625544
Pneumonia,Simvastatin,D019821,79902-63-9,gene_inferred,IKBKB,55.05,31,31095431
Pneumonia,Simvastatin,D019821,79902-63-9,gene_inferred,IL13,55.05,31,21625544
Pneumonia,Simvastatin,D019821,79902-63-9,gene_inferred,IL17A,55.05,31,21625544
Pneumonia,Simvastatin,D019821,79902-63-9,gene_inferred,IL18,55.05,31,21625544
Pneumonia,Simvastatin,D019821,79902-63-9,gene_inferred,IL1B,55.05,31,21625544
Pneumonia,Simvastatin,D019821,79902-63-9,gene_inferred,IL1R2,55.05,31,21625544
Pneumonia,Simvastatin,D019821,79902-63-9,gene_inferred,IL4,55.05,31,21625544
Pneumonia,Simvastatin,D019821,79902-63-9,gene_inferred,IL6,55.05,31,21625544
Pneumonia,Simvastatin,D019821,79902-63-9,gene_inferred,ITGB2,55.05,31,21625544
Pneumonia,Simvastatin,D019821,79902-63-9,gene_inferred,PARP1,55.05,31,20561897
Pneumonia,Simvastatin,D019821,79902-63-9,gene_inferred,SPP1,55.05,31,21625544
Pneumonia,Simvastatin,D019821,79902-63-9,gene_inferred,TGFB1,55.05,31,21625544
Pneumonia,Simvastatin,D019821,79902-63-9,gene_inferred,TLR4,55.05,31,26882889
Pneumonia,Simvastatin,D019821,79902-63-9,gene_inferred,TNF,55.05,31,21625544|28917655|34390737
Pneumonia,Simvastatin,D019821,79902-63-9,gene_inferred,TNFRSF1A,55.05,31,21625544
Pneumonia,Simvastatin,D019821,79902-63-9,gene_inferred,TNFRSF1B,55.05,31,21625544
Pneumonia,TAK-875,C557331,,gene_inferred,CCL11,54.85,20,21625544
Pneumonia,TAK-875,C557331,,gene_inferred,CCL12,54.85,20,21625544
Pneumonia,TAK-875,C557331,,gene_inferred,CCL2,54.85,20,21625544
Pneumonia,TAK-875,C557331,,gene_inferred,CCL4,54.85,20,21625544
Pneumonia,TAK-875,C557331,,gene_inferred,CCL7,54.85,20,21625544
Pneumonia,TAK-875,C557331,,gene_inferred,CCL9,54.85,20,21625544
Pneumonia,TAK-875,C557331,,gene_inferred,CCR2,54.85,20,21625544
Pneumonia,TAK-875,C557331,,gene_inferred,CXCL1,54.85,20,21625544
Pneumonia,TAK-875,C557331,,gene_inferred,CXCL9,54.85,20,21625544
Pneumonia,TAK-875,C557331,,gene_inferred,CXCR2,54.85,20,21625544
Pneumonia,TAK-875,C557331,,gene_inferred,CXCR3,54.85,20,21625544
Pneumonia,TAK-875,C557331,,gene_inferred,IFNG,54.85,20,21625544
Pneumonia,TAK-875,C557331,,gene_inferred,IL1B,54.85,20,21625544
Pneumonia,TAK-875,C557331,,gene_inferred,IL1R1,54.85,20,21625544
Pneumonia,TAK-875,C557331,,gene_inferred,IL6,54.85,20,21625544
Pneumonia,TAK-875,C557331,,gene_inferred,PF4,54.85,20,21625544
Pneumonia,TAK-875,C557331,,gene_inferred,SIRT1,54.85,20,24633890
Pneumonia,TAK-875,C557331,,gene_inferred,SPP1,54.85,20,21625544
Pneumonia,TAK-875,C557331,,gene_inferred,TNF,54.85,20,21625544|28917655|34390737
Pneumonia,TAK-875,C557331,,gene_inferred,TNFRSF1A,54.85,20,21625544
Pneumonia,"6,2',4'-trimethoxyflavone",C546607,,gene_inferred,AHR,54.37,14,23337360
Pneumonia,"6,2',4'-trimethoxyflavone",C546607,,gene_inferred,CCL2,54.37,14,21625544
Pneumonia,"6,2',4'-trimethoxyflavone",C546607,,gene_inferred,CCL20,54.37,14,21625544
Pneumonia,"6,2',4'-trimethoxyflavone",C546607,,gene_inferred,CSF2,54.37,14,11732872
Pneumonia,"6,2',4'-trimethoxyflavone",C546607,,gene_inferred,CXCL5,54.37,14,21625544
Pneumonia,"6,2',4'-trimethoxyflavone",C546607,,gene_inferred,IFNG,54.37,14,21625544
Pneumonia,"6,2',4'-trimethoxyflavone",C546607,,gene_inferred,IL13,54.37,14,21625544
Pneumonia,"6,2',4'-trimethoxyflavone",C546607,,gene_inferred,IL1B,54.37,14,21625544
Pneumonia,"6,2',4'-trimethoxyflavone",C546607,,gene_inferred,IL4,54.37,14,21625544
Pneumonia,"6,2',4'-trimethoxyflavone",C546607,,gene_inferred,IL6,54.37,14,21625544
Pneumonia,"6,2',4'-trimethoxyflavone",C546607,,gene_inferred,SPP1,54.37,14,21625544
Pneumonia,"6,2',4'-trimethoxyflavone",C546607,,gene_inferred,TGFB1,54.37,14,21625544
Pneumonia,"6,2',4'-trimethoxyflavone",C546607,,gene_inferred,TLR4,54.37,14,26882889
Pneumonia,"6,2',4'-trimethoxyflavone",C546607,,gene_inferred,TNF,54.37,14,21625544|28917655|34390737
Pneumonia,Aluminum Hydroxide,D000536,21645-51-2,gene_inferred,CASP1,53.95,16,21625544
Pneumonia,Aluminum Hydroxide,D000536,21645-51-2,gene_inferred,CCL2,53.95,16,21625544
Pneumonia,Aluminum Hydroxide,D000536,21645-51-2,gene_inferred,CCL4,53.95,16,21625544
Pneumonia,Aluminum Hydroxide,D000536,21645-51-2,gene_inferred,CSF2,53.95,16,11732872
Pneumonia,Aluminum Hydroxide,D000536,21645-51-2,gene_inferred,IFNG,53.95,16,21625544
Pneumonia,Aluminum Hydroxide,D000536,21645-51-2,gene_inferred,IL13,53.95,16,21625544
Pneumonia,Aluminum Hydroxide,D000536,21645-51-2,gene_inferred,IL17A,53.95,16,21625544
Pneumonia,Aluminum Hydroxide,D000536,21645-51-2,gene_inferred,IL18,53.95,16,21625544
Pneumonia,Aluminum Hydroxide,D000536,21645-51-2,gene_inferred,IL1B,53.95,16,21625544
Pneumonia,Aluminum Hydroxide,D000536,21645-51-2,gene_inferred,IL1R1,53.95,16,21625544
Pneumonia,Aluminum Hydroxide,D000536,21645-51-2,gene_inferred,IL4,53.95,16,21625544
Pneumonia,Aluminum Hydroxide,D000536,21645-51-2,gene_inferred,IL6,53.95,16,21625544
Pneumonia,Aluminum Hydroxide,D000536,21645-51-2,gene_inferred,OVAL,53.95,16,23642096
Pneumonia,Aluminum Hydroxide,D000536,21645-51-2,gene_inferred,TGFB1,53.95,16,21625544
Pneumonia,Aluminum Hydroxide,D000536,21645-51-2,gene_inferred,TLR4,53.95,16,26882889
Pneumonia,Aluminum Hydroxide,D000536,21645-51-2,gene_inferred,TNF,53.95,16,21625544|28917655|34390737
Pneumonia,Trinitrobenzenesulfonic Acid,D014302,2508-19-2,gene_inferred,AHR,53.69,27,23337360
Pneumonia,Trinitrobenzenesulfonic Acid,D014302,2508-19-2,gene_inferred,CASP1,53.69,27,21625544
Pneumonia,Trinitrobenzenesulfonic Acid,D014302,2508-19-2,gene_inferred,CCL2,53.69,27,21625544
Pneumonia,Trinitrobenzenesulfonic Acid,D014302,2508-19-2,gene_inferred,CCL4,53.69,27,21625544
Pneumonia,Trinitrobenzenesulfonic Acid,D014302,2508-19-2,gene_inferred,CCL7,53.69,27,21625544
Pneumonia,Trinitrobenzenesulfonic Acid,D014302,2508-19-2,gene_inferred,CCL9,53.69,27,21625544
Pneumonia,Trinitrobenzenesulfonic Acid,D014302,2508-19-2,gene_inferred,CCR2,53.69,27,21625544
Pneumonia,Trinitrobenzenesulfonic Acid,D014302,2508-19-2,gene_inferred,CX3CL1,53.69,27,21625544
Pneumonia,Trinitrobenzenesulfonic Acid,D014302,2508-19-2,gene_inferred,CXCL1,53.69,27,21625544
Pneumonia,Trinitrobenzenesulfonic Acid,D014302,2508-19-2,gene_inferred,CXCL5,53.69,27,21625544
Pneumonia,Trinitrobenzenesulfonic Acid,D014302,2508-19-2,gene_inferred,CXCL9,53.69,27,21625544
Pneumonia,Trinitrobenzenesulfonic Acid,D014302,2508-19-2,gene_inferred,CXCR2,53.69,27,21625544
Pneumonia,Trinitrobenzenesulfonic Acid,D014302,2508-19-2,gene_inferred,HMOX1,53.69,27,16582079
Pneumonia,Trinitrobenzenesulfonic Acid,D014302,2508-19-2,gene_inferred,IFNG,53.69,27,21625544
Pneumonia,Trinitrobenzenesulfonic Acid,D014302,2508-19-2,gene_inferred,IL17A,53.69,27,21625544
Pneumonia,Trinitrobenzenesulfonic Acid,D014302,2508-19-2,gene_inferred,IL18,53.69,27,21625544
Pneumonia,Trinitrobenzenesulfonic Acid,D014302,2508-19-2,gene_inferred,IL1B,53.69,27,21625544
Pneumonia,Trinitrobenzenesulfonic Acid,D014302,2508-19-2,gene_inferred,IL1R1,53.69,27,21625544
Pneumonia,Trinitrobenzenesulfonic Acid,D014302,2508-19-2,gene_inferred,IL4,53.69,27,21625544
Pneumonia,Trinitrobenzenesulfonic Acid,D014302,2508-19-2,gene_inferred,IL6,53.69,27,21625544
Pneumonia,Trinitrobenzenesulfonic Acid,D014302,2508-19-2,gene_inferred,MYD88,53.69,27,26882889
Pneumonia,Trinitrobenzenesulfonic Acid,D014302,2508-19-2,gene_inferred,POMC,53.69,27,6254450
Pneumonia,Trinitrobenzenesulfonic Acid,D014302,2508-19-2,gene_inferred,SIRT1,53.69,27,24633890
Pneumonia,Trinitrobenzenesulfonic Acid,D014302,2508-19-2,gene_inferred,SPP1,53.69,27,21625544
Pneumonia,Trinitrobenzenesulfonic Acid,D014302,2508-19-2,gene_inferred,TGFB1,53.69,27,21625544
Pneumonia,Trinitrobenzenesulfonic Acid,D014302,2508-19-2,gene_inferred,TLR4,53.69,27,26882889
Pneumonia,Trinitrobenzenesulfonic Acid,D014302,2508-19-2,gene_inferred,TNF,53.69,27,21625544|28917655|34390737
Pneumonia,coagulin-L,C000593591,,gene_inferred,CCL11,53.11,13,21625544
Pneumonia,coagulin-L,C000593591,,gene_inferred,CCL2,53.11,13,21625544
Pneumonia,coagulin-L,C000593591,,gene_inferred,CCL4,53.11,13,21625544
Pneumonia,coagulin-L,C000593591,,gene_inferred,CSF2,53.11,13,11732872
Pneumonia,coagulin-L,C000593591,,gene_inferred,CXCL1,53.11,13,21625544
Pneumonia,coagulin-L,C000593591,,gene_inferred,CXCL9,53.11,13,21625544
Pneumonia,coagulin-L,C000593591,,gene_inferred,IFNG,53.11,13,21625544
Pneumonia,coagulin-L,C000593591,,gene_inferred,IL13,53.11,13,21625544
Pneumonia,coagulin-L,C000593591,,gene_inferred,IL1B,53.11,13,21625544
Pneumonia,coagulin-L,C000593591,,gene_inferred,IL4,53.11,13,21625544
Pneumonia,coagulin-L,C000593591,,gene_inferred,IL6,53.11,13,21625544
Pneumonia,coagulin-L,C000593591,,gene_inferred,TLR4,53.11,13,26882889
Pneumonia,coagulin-L,C000593591,,gene_inferred,TNF,53.11,13,21625544|28917655|34390737
Pneumonia,Oxazolone,D010081,15646-46-5,gene_inferred,CCL12,53.10,24,21625544
Pneumonia,Oxazolone,D010081,15646-46-5,gene_inferred,CCL2,53.10,24,21625544
Pneumonia,Oxazolone,D010081,15646-46-5,gene_inferred,CCL4,53.10,24,21625544
Pneumonia,Oxazolone,D010081,15646-46-5,gene_inferred,CCL7,53.10,24,21625544
Pneumonia,Oxazolone,D010081,15646-46-5,gene_inferred,CCL8,53.10,24,21625544
Pneumonia,Oxazolone,D010081,15646-46-5,gene_inferred,CCL9,53.10,24,21625544
Pneumonia,Oxazolone,D010081,15646-46-5,gene_inferred,CCR1,53.10,24,21625544
Pneumonia,Oxazolone,D010081,15646-46-5,gene_inferred,CCR2,53.10,24,21625544
Pneumonia,Oxazolone,D010081,15646-46-5,gene_inferred,CCR6,53.10,24,21625544
Pneumonia,Oxazolone,D010081,15646-46-5,gene_inferred,CSF2,53.10,24,11732872
Pneumonia,Oxazolone,D010081,15646-46-5,gene_inferred,CX3CL1,53.10,24,21625544
Pneumonia,Oxazolone,D010081,15646-46-5,gene_inferred,CXCL1,53.10,24,21625544
Pneumonia,Oxazolone,D010081,15646-46-5,gene_inferred,CXCL5,53.10,24,21625544
Pneumonia,Oxazolone,D010081,15646-46-5,gene_inferred,CXCL9,53.10,24,21625544
Pneumonia,Oxazolone,D010081,15646-46-5,gene_inferred,CXCR3,53.10,24,21625544
Pneumonia,Oxazolone,D010081,15646-46-5,gene_inferred,HMOX1,53.10,24,16582079
Pneumonia,Oxazolone,D010081,15646-46-5,gene_inferred,IFNG,53.10,24,21625544
Pneumonia,Oxazolone,D010081,15646-46-5,gene_inferred,IL18,53.10,24,21625544
Pneumonia,Oxazolone,D010081,15646-46-5,gene_inferred,IL1B,53.10,24,21625544
Pneumonia,Oxazolone,D010081,15646-46-5,gene_inferred,IL2RB,53.10,24,21625544
Pneumonia,Oxazolone,D010081,15646-46-5,gene_inferred,IL4,53.10,24,21625544
Pneumonia,Oxazolone,D010081,15646-46-5,gene_inferred,IL6,53.10,24,21625544
Pneumonia,Oxazolone,D010081,15646-46-5,gene_inferred,PF4,53.10,24,21625544
Pneumonia,Oxazolone,D010081,15646-46-5,gene_inferred,TNF,53.10,24,21625544|28917655|34390737
Pneumonia,Calcimycin,D000001,52665-69-7,gene_inferred,CASP1,52.75,18,21625544
Pneumonia,Calcimycin,D000001,52665-69-7,gene_inferred,CCL11,52.75,18,21625544
Pneumonia,Calcimycin,D000001,52665-69-7,gene_inferred,CCL2,52.75,18,21625544
Pneumonia,Calcimycin,D000001,52665-69-7,gene_inferred,CCL4,52.75,18,21625544
Pneumonia,Calcimycin,D000001,52665-69-7,gene_inferred,CCL7,52.75,18,21625544
Pneumonia,Calcimycin,D000001,52665-69-7,gene_inferred,CSF2,52.75,18,11732872
Pneumonia,Calcimycin,D000001,52665-69-7,gene_inferred,CXCL1,52.75,18,21625544
Pneumonia,Calcimycin,D000001,52665-69-7,gene_inferred,EGR1,52.75,18,29787794
Pneumonia,Calcimycin,D000001,52665-69-7,gene_inferred,HMOX1,52.75,18,16582079
Pneumonia,Calcimycin,D000001,52665-69-7,gene_inferred,IFNG,52.75,18,21625544
Pneumonia,Calcimycin,D000001,52665-69-7,gene_inferred,IL13,52.75,18,21625544
Pneumonia,Calcimycin,D000001,52665-69-7,gene_inferred,IL1B,52.75,18,21625544
Pneumonia,Calcimycin,D000001,52665-69-7,gene_inferred,IL4,52.75,18,21625544
Pneumonia,Calcimycin,D000001,52665-69-7,gene_inferred,IL6,52.75,18,21625544
Pneumonia,Calcimycin,D000001,52665-69-7,gene_inferred,ITGB2,52.75,18,21625544
Pneumonia,Calcimycin,D000001,52665-69-7,gene_inferred,SIRT1,52.75,18,24633890
Pneumonia,Calcimycin,D000001,52665-69-7,gene_inferred,TGFB1,52.75,18,21625544
Pneumonia,Calcimycin,D000001,52665-69-7,gene_inferred,TNF,52.75,18,21625544|28917655|34390737
Pneumonia,7-bromoindirubin-3'-oxime,C514974,,gene_inferred,CCL2,52.29,13,21625544
Pneumonia,7-bromoindirubin-3'-oxime,C514974,,gene_inferred,CCL20,52.29,13,21625544
Pneumonia,7-bromoindirubin-3'-oxime,C514974,,gene_inferred,CSF2,52.29,13,11732872
Pneumonia,7-bromoindirubin-3'-oxime,C514974,,gene_inferred,CXCL5,52.29,13,21625544
Pneumonia,7-bromoindirubin-3'-oxime,C514974,,gene_inferred,IFNG,52.29,13,21625544
Pneumonia,7-bromoindirubin-3'-oxime,C514974,,gene_inferred,IL13,52.29,13,21625544
Pneumonia,7-bromoindirubin-3'-oxime,C514974,,gene_inferred,IL1B,52.29,13,21625544
Pneumonia,7-bromoindirubin-3'-oxime,C514974,,gene_inferred,IL4,52.29,13,21625544
Pneumonia,7-bromoindirubin-3'-oxime,C514974,,gene_inferred,IL6,52.29,13,21625544
Pneumonia,7-bromoindirubin-3'-oxime,C514974,,gene_inferred,SPP1,52.29,13,21625544
Pneumonia,7-bromoindirubin-3'-oxime,C514974,,gene_inferred,TGFB1,52.29,13,21625544
Pneumonia,7-bromoindirubin-3'-oxime,C514974,,gene_inferred,TLR4,52.29,13,26882889
Pneumonia,7-bromoindirubin-3'-oxime,C514974,,gene_inferred,TNF,52.29,13,21625544|28917655|34390737
Pneumonia,Alum Compounds,D000534,,gene_inferred,CASP1,52.05,12,21625544
Pneumonia,Alum Compounds,D000534,,gene_inferred,CCL2,52.05,12,21625544
Pneumonia,Alum Compounds,D000534,,gene_inferred,CCL4,52.05,12,21625544
Pneumonia,Alum Compounds,D000534,,gene_inferred,CSF2,52.05,12,11732872
Pneumonia,Alum Compounds,D000534,,gene_inferred,IL18,52.05,12,21625544
Pneumonia,Alum Compounds,D000534,,gene_inferred,IL1B,52.05,12,21625544
Pneumonia,Alum Compounds,D000534,,gene_inferred,IL1R1,52.05,12,21625544
Pneumonia,Alum Compounds,D000534,,gene_inferred,IL4,52.05,12,21625544
Pneumonia,Alum Compounds,D000534,,gene_inferred,IL6,52.05,12,21625544
Pneumonia,Alum Compounds,D000534,,gene_inferred,MYD88,52.05,12,26882889
Pneumonia,Alum Compounds,D000534,,gene_inferred,TLR4,52.05,12,26882889
Pneumonia,Alum Compounds,D000534,,gene_inferred,TNF,52.05,12,21625544|28917655|34390737
Pneumonia,BAY 11-7085,C416282,,gene_inferred,AGT,51.57,14,28960804
Pneumonia,BAY 11-7085,C416282,,gene_inferred,AHR,51.57,14,23337360
Pneumonia,BAY 11-7085,C416282,,gene_inferred,CCL11,51.57,14,21625544
Pneumonia,BAY 11-7085,C416282,,gene_inferred,CCL2,51.57,14,21625544
Pneumonia,BAY 11-7085,C416282,,gene_inferred,IFNG,51.57,14,21625544
Pneumonia,BAY 11-7085,C416282,,gene_inferred,IL13,51.57,14,21625544
Pneumonia,BAY 11-7085,C416282,,gene_inferred,IL17A,51.57,14,21625544
Pneumonia,BAY 11-7085,C416282,,gene_inferred,IL1B,51.57,14,21625544
Pneumonia,BAY 11-7085,C416282,,gene_inferred,IL4,51.57,14,21625544
Pneumonia,BAY 11-7085,C416282,,gene_inferred,IL6,51.57,14,21625544
Pneumonia,BAY 11-7085,C416282,,gene_inferred,IL6ST,51.57,14,21625544
Pneumonia,BAY 11-7085,C416282,,gene_inferred,PARP1,51.57,14,20561897
Pneumonia,BAY 11-7085,C416282,,gene_inferred,TGFB1,51.57,14,21625544
Pneumonia,BAY 11-7085,C416282,,gene_inferred,TNF,51.57,14,21625544|28917655|34390737
Pneumonia,Sulfur Dioxide,D013458,7446-09-5,gene_inferred,AHR,51.01,20,23337360
Pneumonia,Sulfur Dioxide,D013458,7446-09-5,gene_inferred,CASP1,51.01,20,21625544
Pneumonia,Sulfur Dioxide,D013458,7446-09-5,gene_inferred,CCL2,51.01,20,21625544
Pneumonia,Sulfur Dioxide,D013458,7446-09-5,gene_inferred,CCL20,51.01,20,21625544
Pneumonia,Sulfur Dioxide,D013458,7446-09-5,gene_inferred,CXCL1,51.01,20,21625544
Pneumonia,Sulfur Dioxide,D013458,7446-09-5,gene_inferred,HMOX1,51.01,20,16582079
Pneumonia,Sulfur Dioxide,D013458,7446-09-5,gene_inferred,IFNG,51.01,20,21625544
Pneumonia,Sulfur Dioxide,D013458,7446-09-5,gene_inferred,IKBKB,51.01,20,31095431
Pneumonia,Sulfur Dioxide,D013458,7446-09-5,gene_inferred,IL13,51.01,20,21625544
Pneumonia,Sulfur Dioxide,D013458,7446-09-5,gene_inferred,IL17A,51.01,20,21625544
Pneumonia,Sulfur Dioxide,D013458,7446-09-5,gene_inferred,IL18,51.01,20,21625544
Pneumonia,Sulfur Dioxide,D013458,7446-09-5,gene_inferred,IL1B,51.01,20,21625544
Pneumonia,Sulfur Dioxide,D013458,7446-09-5,gene_inferred,IL4,51.01,20,21625544
Pneumonia,Sulfur Dioxide,D013458,7446-09-5,gene_inferred,IL6,51.01,20,21625544
Pneumonia,Sulfur Dioxide,D013458,7446-09-5,gene_inferred,MYD88,51.01,20,26882889
Pneumonia,Sulfur Dioxide,D013458,7446-09-5,gene_inferred,OVAL,51.01,20,23642096
Pneumonia,Sulfur Dioxide,D013458,7446-09-5,gene_inferred,TGFB1,51.01,20,21625544
Pneumonia,Sulfur Dioxide,D013458,7446-09-5,gene_inferred,TLR4,51.01,20,26882889
Pneumonia,Sulfur Dioxide,D013458,7446-09-5,gene_inferred,TNF,51.01,20,21625544|28917655|34390737
Pneumonia,Sulfur Dioxide,D013458,7446-09-5,gene_inferred,TNFRSF1B,51.01,20,21625544
Pneumonia,ferrous sulfate,C020748,,gene_inferred,ABCF1,50.57,17,21625544
Pneumonia,ferrous sulfate,C020748,,gene_inferred,CCL17,50.57,17,21625544
Pneumonia,ferrous sulfate,C020748,,gene_inferred,CCL19,50.57,17,21625544
Pneumonia,ferrous sulfate,C020748,,gene_inferred,CCL20,50.57,17,21625544
Pneumonia,ferrous sulfate,C020748,,gene_inferred,CCL24,50.57,17,21625544
Pneumonia,ferrous sulfate,C020748,,gene_inferred,CCR6,50.57,17,21625544
Pneumonia,ferrous sulfate,C020748,,gene_inferred,CSF2,50.57,17,11732872
Pneumonia,ferrous sulfate,C020748,,gene_inferred,CXCR2,50.57,17,21625544
Pneumonia,ferrous sulfate,C020748,,gene_inferred,EGR1,50.57,17,29787794
Pneumonia,ferrous sulfate,C020748,,gene_inferred,HMOX1,50.57,17,16582079
Pneumonia,ferrous sulfate,C020748,,gene_inferred,IKBKB,50.57,17,31095431
Pneumonia,ferrous sulfate,C020748,,gene_inferred,IL1B,50.57,17,21625544
Pneumonia,ferrous sulfate,C020748,,gene_inferred,IL4,50.57,17,21625544
Pneumonia,ferrous sulfate,C020748,,gene_inferred,IL6,50.57,17,21625544
Pneumonia,ferrous sulfate,C020748,,gene_inferred,SPP1,50.57,17,21625544
Pneumonia,ferrous sulfate,C020748,,gene_inferred,TLR4,50.57,17,26882889
Pneumonia,ferrous sulfate,C020748,,gene_inferred,TNF,50.57,17,21625544|28917655|34390737
"Pulmonary Disease, Chronic Obstructive","1,7-dimethylxanthine",C021183,611-59-6,curated,,,,19962977
"Pulmonary Disease, Chronic Obstructive","3-(2,4-diamino-6-(3-hydroxyphenyl)pteridin-7-yl)phenol",C539252,,curated,,,,19056934
"Pulmonary Disease, Chronic Obstructive",4-hydroxy-2-nonenal,C027576,29343-52-0,curated,,,,37832483
"Pulmonary Disease, Chronic Obstructive","6-(5-((cyclopropylamino)carbonyl)-3-fluoro-2-methylphenyl)-N-(2,2-dimethylprpyl)-3-pyridinecarboxamide",C543534,,curated,,,,21888439
"Pulmonary Disease, Chronic Obstructive",Acetazolamide,D000086,59-66-5,curated,,,,6410668
"Pulmonary Disease, Chronic Obstructive",aclidinium bromide,C542859,,curated,,,,21870878
"Pulmonary Disease, Chronic Obstructive",Acrolein,D000171,107-02-8,curated,,,,30204913
"Pulmonary Disease, Chronic Obstructive",Adrenal Cortex Hormones,D000305,,curated,,,,11699053
"Pulmonary Disease, Chronic Obstructive",Air Pollutants,D000393,,curated,,,,22370087|22536275|25491235|32000783|34331613
"Pulmonary Disease, Chronic Obstructive",Albuterol,D000420,18559-94-9,curated,,,,15494380|1835292|19011503|2951798
"Pulmonary Disease, Chronic Obstructive",ambroxol-theophylline-7-acetate,C077110,,curated,,,,17455344|8725993
"Pulmonary Disease, Chronic Obstructive",Aminophylline,D000628,317-34-0,curated,,,,16868215
"Pulmonary Disease, Chronic Obstructive",Arsenic,D001151,7440-38-2,curated,,,,26383851
"Pulmonary Disease, Chronic Obstructive",Asbestos,D001194,1332-21-4,curated,,,,27025411
"Pulmonary Disease, Chronic Obstructive",aurapten,C105832,,curated,,,,40269617
"Pulmonary Disease, Chronic Obstructive",bambuterol,C047766,81732-65-2,curated,,,,10027655
"Pulmonary Disease, Chronic Obstructive",Beclomethasone,D001507,4419-39-0,curated,,,,12668791|15894479
"Pulmonary Disease, Chronic Obstructive",bufei jianpi,C000610679,,curated,,,,28887809
"Pulmonary Disease, Chronic Obstructive",Bu-Fei-Yi-Shen,C574914,,curated,,,,23107470|24280466|25204290|26469778|27146975|27562320|27699176|28887809|29454913|32344236|33545548
"Pulmonary Disease, Chronic Obstructive",Cadmium,D002104,7440-43-9,curated,,,,30998937|35200041
"Pulmonary Disease, Chronic Obstructive",Carbocysteine,D002233,2387-59-9,curated,,,,24076166|24998638
"Pulmonary Disease, Chronic Obstructive",Carbon Monoxide,D002248,630-08-0,curated,,,,32000783
"Pulmonary Disease, Chronic Obstructive",chrysene,C031180,218-01-9,curated,,,,33345606
"Pulmonary Disease, Chronic Obstructive",Clarithromycin,D017291,81103-11-9,curated,,,,9825040
"Pulmonary Disease, Chronic Obstructive",Creatinine,D003404,60-27-5,curated,,,,18068611
"Pulmonary Disease, Chronic Obstructive",Cyclohexane,C506365,,curated,,,,23981468
"Pulmonary Disease, Chronic Obstructive",dilmapimod,C574213,,curated,,,,21888439
"Pulmonary Disease, Chronic Obstructive",Dust,D004391,,curated,,,,33033587
"Pulmonary Disease, Chronic Obstructive",Enalapril,D004656,75847-73-3,curated,,,,20096799
"Pulmonary Disease, Chronic Obstructive",enprofylline,C034347,41078-02-8,curated,,,,2218006|6288396
"Pulmonary Disease, Chronic Obstructive",Epinephrine,D004837,51-43-4,curated,,,,234363
"Pulmonary Disease, Chronic Obstructive",Eucalyptol,D000077591,470-82-6,curated,,,,29789401
"Pulmonary Disease, Chronic Obstructive","fenoterol, ipratropium drug combination",C030809,,curated,,,,2951798
"Pulmonary Disease, Chronic Obstructive",fluor-edenite,C492470,,curated,,,,15250654
"Pulmonary Disease, Chronic Obstructive",Formoterol Fumarate,D000068759,,curated,,,,10516540|18035867|19011503
"Pulmonary Disease, Chronic Obstructive",Glucocorticoids,D005938,,curated,,,,11730731
"Pulmonary Disease, Chronic Obstructive",Glycopyrrolate,D006024,596-51-0,curated,,,,21870878|26026369
"Pulmonary Disease, Chronic Obstructive",Hyaluronic Acid,D006820,9004-61-9,curated,,,,25106431
"Pulmonary Disease, Chronic Obstructive",Ipratropium,D009241,60205-81-4,curated,,,,1835291|1835292|19363211|21870878|24431217
"Pulmonary Disease, Chronic Obstructive",Ketanserin,D007650,74050-98-9,curated,,,,22048642
"Pulmonary Disease, Chronic Obstructive",Lipid Peroxides,D008054,,curated,,,,10921764
"Pulmonary Disease, Chronic Obstructive",Lipopolysaccharides,D008070,,curated,,,,23099361|28951138|29984229|40269617
"Pulmonary Disease, Chronic Obstructive",Melatonin,D008550,73-31-4,curated,,,,40154578
"Pulmonary Disease, Chronic Obstructive","Metals, Heavy",D019216,,curated,,,,12842775
"Pulmonary Disease, Chronic Obstructive",Methotrexate,D008727,59-05-2,curated,,,,1450620
"Pulmonary Disease, Chronic Obstructive",Mustard Gas,D009151,505-60-2,curated,,,,29569912
"Pulmonary Disease, Chronic Obstructive","N-(1-(3-chloro-4-hydroxyphenyl)-3-(1,1-dimethylethyl)-1H-pyrazol-5-yl)-N'-((2-((3-(2-((2-hydroxyethyl)thio)phenyl)-1,2,4-triazolo(4,3-a)pyridin-6-yl)thio)phenyl)methyl)-urea",C569762,,curated,,,,21888439
"Pulmonary Disease, Chronic Obstructive",Nifedipine,D009543,21829-25-4,curated,,,,3671896
"Pulmonary Disease, Chronic Obstructive",Nitrogen Dioxide,D009585,10102-44-0,curated,,,,32000783
"Pulmonary Disease, Chronic Obstructive",Norepinephrine,D009638,51-41-2,curated,,,,18068611
"Pulmonary Disease, Chronic Obstructive",Ozone,D010126,10028-15-6,curated,,,,26647366|32000783|36376488
"Pulmonary Disease, Chronic Obstructive",Particulate Matter,D052638,,curated,,,,12842775|25387747|25491235|32000783|34331613|40154578|40345267
"Pulmonary Disease, Chronic Obstructive",PH 797804,C542398,,curated,,,,21888439
"Pulmonary Disease, Chronic Obstructive",Phosphodiesterase 4 Inhibitors,D058988,,curated,,,,17569694
"Pulmonary Disease, Chronic Obstructive",Prednisone,D011241,53-03-2,curated,,,,14643832|2767912
"Pulmonary Disease, Chronic Obstructive",proxyphylline,C003237,603-00-9,curated,,,,7408664
"Pulmonary Disease, Chronic Obstructive",Quercetin,D011794,117-39-5,curated,,,,23099361
"Pulmonary Disease, Chronic Obstructive",Resveratrol,D000077185,,curated,,,,23981542
"Pulmonary Disease, Chronic Obstructive",revefenacin,C583570,,curated,,,,30803279|31150963|31245215|32106777|33821890
"Pulmonary Disease, Chronic Obstructive",Ribomunyl,C034206,,curated,,,,17078222
"Pulmonary Disease, Chronic Obstructive",Roflumilast,C424423,,curated,,,,16317827|23871879|40269617
"Pulmonary Disease, Chronic Obstructive",Salmeterol Xinafoate,D000068299,,curated,,,,10027655|10516540|18035867
"Pulmonary Disease, Chronic Obstructive",Simvastatin,D019821,79902-63-9,curated,,,,21211366
"Pulmonary Disease, Chronic Obstructive",Smog,D012905,,curated,,,,12842775
"Pulmonary Disease, Chronic Obstructive",Smoke,D012906,,curated,,,,21211366|21705297|24603126|25491235|40345267
"Pulmonary Disease, Chronic Obstructive",Soot,D053260,,curated,,,,23271741
"Pulmonary Disease, Chronic Obstructive",Sulfur Dioxide,D013458,7446-09-5,curated,,,,32000783
"Pulmonary Disease, Chronic Obstructive",Terbutaline,D013726,23031-25-6,curated,,,,234363
"Pulmonary Disease, Chronic Obstructive",Tetrachlorodibenzodioxin,D013749,1746-01-6,curated,,,,18192277
"Pulmonary Disease, Chronic Obstructive",Theophylline,D013806,58-55-9,curated,,,,1546832|16430859|17130682|1835291|18983928|20578267|20797314|2218006|2969553|6288396|6858124|8888546|9756159
"Pulmonary Disease, Chronic Obstructive",Timolol,D013999,26839-75-8,curated,,,,7402590
"Pulmonary Disease, Chronic Obstructive",Tiotropium Bromide,D000069447,,curated,,,,17342451|18035867|18992357|19281075|21870878|26026369
"Pulmonary Disease, Chronic Obstructive",Tobacco Smoke Pollution,D014028,,curated,,,,19637760|22048642|24076166|26100223|28951138|29789401|29984229|30639269|32812458|33033587|33345606|40154578|40269617|40381743
"Pulmonary Disease, Chronic Obstructive",trospium chloride,C003330,,curated,,,,21870878
"Pulmonary Disease, Chronic Obstructive",Verapamil,D014700,52-53-9,curated,,,,9825040
"Pulmonary Disease, Chronic Obstructive",zafirlukast,C062735,107753-78-6,curated,,,,12781059|12877822
"Pulmonary Disease, Chronic Obstructive",andrographolide,C030419,5508-58-7,gene_inferred,CDKN1A,56.33,17,35303175
"Pulmonary Disease, Chronic Obstructive",andrographolide,C030419,5508-58-7,gene_inferred,CDKN2A,56.33,17,35303175
"Pulmonary Disease, Chronic Obstructive",andrographolide,C030419,5508-58-7,gene_inferred,CXCL1,56.33,17,23099361
"Pulmonary Disease, Chronic Obstructive",andrographolide,C030419,5508-58-7,gene_inferred,CXCL2,56.33,17,23099361
"Pulmonary Disease, Chronic Obstructive",andrographolide,C030419,5508-58-7,gene_inferred,CXCL8,56.33,17,15337792|23099361|28864214
"Pulmonary Disease, Chronic Obstructive",andrographolide,C030419,5508-58-7,gene_inferred,CYP1A1,56.33,17,19022366
"Pulmonary Disease, Chronic Obstructive",andrographolide,C030419,5508-58-7,gene_inferred,CYP1A2,56.33,17,20797314
"Pulmonary Disease, Chronic Obstructive",andrographolide,C030419,5508-58-7,gene_inferred,HIF1A,56.33,17,26752192
"Pulmonary Disease, Chronic Obstructive",andrographolide,C030419,5508-58-7,gene_inferred,HMOX1,56.33,17,
"Pulmonary Disease, Chronic Obstructive",andrographolide,C030419,5508-58-7,gene_inferred,ICAM1,56.33,17,29329563
"Pulmonary Disease, Chronic Obstructive",andrographolide,C030419,5508-58-7,gene_inferred,IL6,56.33,17,28864214|29329563|31349846
"Pulmonary Disease, Chronic Obstructive",andrographolide,C030419,5508-58-7,gene_inferred,MMP9,56.33,17,19299917
"Pulmonary Disease, Chronic Obstructive",andrographolide,C030419,5508-58-7,gene_inferred,NOS2,56.33,17,21843929
"Pulmonary Disease, Chronic Obstructive",andrographolide,C030419,5508-58-7,gene_inferred,NOS3,56.33,17,21843929
"Pulmonary Disease, Chronic Obstructive",andrographolide,C030419,5508-58-7,gene_inferred,TGFB1,56.33,17,16365456|31349846
"Pulmonary Disease, Chronic Obstructive",andrographolide,C030419,5508-58-7,gene_inferred,TNF,56.33,17,15337792|29497291
"Pulmonary Disease, Chronic Obstructive",andrographolide,C030419,5508-58-7,gene_inferred,TP53,56.33,17,17274270
"Pulmonary Disease, Chronic Obstructive",SB 203580,C093642,,gene_inferred,CDKN1A,56.24,21,35303175
"Pulmonary Disease, Chronic Obstructive",SB 203580,C093642,,gene_inferred,CDKN2A,56.24,21,35303175
"Pulmonary Disease, Chronic Obstructive",SB 203580,C093642,,gene_inferred,CRP,56.24,21,29329563
"Pulmonary Disease, Chronic Obstructive",SB 203580,C093642,,gene_inferred,CXCL1,56.24,21,23099361
"Pulmonary Disease, Chronic Obstructive",SB 203580,C093642,,gene_inferred,CXCL2,56.24,21,23099361
"Pulmonary Disease, Chronic Obstructive",SB 203580,C093642,,gene_inferred,CXCL8,56.24,21,15337792|23099361|28864214
"Pulmonary Disease, Chronic Obstructive",SB 203580,C093642,,gene_inferred,CYP1A1,56.24,21,19022366
"Pulmonary Disease, Chronic Obstructive",SB 203580,C093642,,gene_inferred,FOXO3,56.24,21,23099361
"Pulmonary Disease, Chronic Obstructive",SB 203580,C093642,,gene_inferred,HIF1A,56.24,21,26752192
"Pulmonary Disease, Chronic Obstructive",SB 203580,C093642,,gene_inferred,HMOX1,56.24,21,
"Pulmonary Disease, Chronic Obstructive",SB 203580,C093642,,gene_inferred,HTR2A,56.24,21,22048642
"Pulmonary Disease, Chronic Obstructive",SB 203580,C093642,,gene_inferred,ICAM1,56.24,21,29329563
"Pulmonary Disease, Chronic Obstructive",SB 203580,C093642,,gene_inferred,IL6,56.24,21,28864214|29329563|31349846
"Pulmonary Disease, Chronic Obstructive",SB 203580,C093642,,gene_inferred,KLF5,56.24,21,30639269
"Pulmonary Disease, Chronic Obstructive",SB 203580,C093642,,gene_inferred,MMP9,56.24,21,19299917
"Pulmonary Disease, Chronic Obstructive",SB 203580,C093642,,gene_inferred,NOS2,56.24,21,21843929
"Pulmonary Disease, Chronic Obstructive",SB 203580,C093642,,gene_inferred,NOS3,56.24,21,21843929
"Pulmonary Disease, Chronic Obstructive",SB 203580,C093642,,gene_inferred,SOD3,56.24,21,16399992|16467073
"Pulmonary Disease, Chronic Obstructive",SB 203580,C093642,,gene_inferred,TGFB1,56.24,21,16365456|31349846
"Pulmonary Disease, Chronic Obstructive",SB 203580,C093642,,gene_inferred,TNF,56.24,21,15337792|29497291
"Pulmonary Disease, Chronic Obstructive",SB 203580,C093642,,gene_inferred,TP53,56.24,21,17274270
"Pulmonary Disease, Chronic Obstructive",pyrazolanthrone,C432165,,gene_inferred,CDKN1A,55.20,20,35303175
"Pulmonary Disease, Chronic Obstructive",pyrazolanthrone,C432165,,gene_inferred,CDKN2A,55.20,20,35303175
"Pulmonary Disease, Chronic Obstructive",pyrazolanthrone,C432165,,gene_inferred,CXCL1,55.20,20,23099361
"Pulmonary Disease, Chronic Obstructive",pyrazolanthrone,C432165,,gene_inferred,CXCL2,55.20,20,23099361
"Pulmonary Disease, Chronic Obstructive",pyrazolanthrone,C432165,,gene_inferred,CXCL8,55.20,20,15337792|23099361|28864214
"Pulmonary Disease, Chronic Obstructive",pyrazolanthrone,C432165,,gene_inferred,CYP1A1,55.20,20,19022366
"Pulmonary Disease, Chronic Obstructive",pyrazolanthrone,C432165,,gene_inferred,CYP1A2,55.20,20,20797314
"Pulmonary Disease, Chronic Obstructive",pyrazolanthrone,C432165,,gene_inferred,FOXO3,55.20,20,23099361
"Pulmonary Disease, Chronic Obstructive",pyrazolanthrone,C432165,,gene_inferred,HIF1A,55.20,20,26752192
"Pulmonary Disease, Chronic Obstructive",pyrazolanthrone,C432165,,gene_inferred,HMOX1,55.20,20,
"Pulmonary Disease, Chronic Obstructive",pyrazolanthrone,C432165,,gene_inferred,ICAM1,55.20,20,29329563
"Pulmonary Disease, Chronic Obstructive",pyrazolanthrone,C432165,,gene_inferred,IL6,55.20,20,28864214|29329563|31349846
"Pulmonary Disease, Chronic Obstructive",pyrazolanthrone,C432165,,gene_inferred,KLF5,55.20,20,30639269
"Pulmonary Disease, Chronic Obstructive",pyrazolanthrone,C432165,,gene_inferred,MIF,55.20,20,26752192
"Pulmonary Disease, Chronic Obstructive",pyrazolanthrone,C432165,,gene_inferred,MMP14,55.20,20,19661247
"Pulmonary Disease, Chronic Obstructive",pyrazolanthrone,C432165,,gene_inferred,MMP9,55.20,20,19299917
"Pulmonary Disease, Chronic Obstructive",pyrazolanthrone,C432165,,gene_inferred,NOS2,55.20,20,21843929
"Pulmonary Disease, Chronic Obstructive",pyrazolanthrone,C432165,,gene_inferred,TGFB1,55.20,20,16365456|31349846
"Pulmonary Disease, Chronic Obstructive",pyrazolanthrone,C432165,,gene_inferred,TNF,55.20,20,15337792|29497291
"Pulmonary Disease, Chronic Obstructive",pyrazolanthrone,C432165,,gene_inferred,TP53,55.20,20,17274270
"Pulmonary Disease, Chronic Obstructive",Losartan,D019808,114798-26-4,gene_inferred,CDKN1A,53.86,18,35303175
"Pulmonary Disease, Chronic Obstructive",Losartan,D019808,114798-26-4,gene_inferred,CDKN2A,53.86,18,35303175
"Pulmonary Disease, Chronic Obstructive",Losartan,D019808,114798-26-4,gene_inferred,CRP,53.86,18,29329563
"Pulmonary Disease, Chronic Obstructive",Losartan,D019808,114798-26-4,gene_inferred,CXCL1,53.86,18,23099361
"Pulmonary Disease, Chronic Obstructive",Losartan,D019808,114798-26-4,gene_inferred,CXCL8,53.86,18,15337792|23099361|28864214
"Pulmonary Disease, Chronic Obstructive",Losartan,D019808,114798-26-4,gene_inferred,CYP1A1,53.86,18,19022366
"Pulmonary Disease, Chronic Obstructive",Losartan,D019808,114798-26-4,gene_inferred,ELN,53.86,18,25106431
"Pulmonary Disease, Chronic Obstructive",Losartan,D019808,114798-26-4,gene_inferred,HMOX1,53.86,18,
"Pulmonary Disease, Chronic Obstructive",Losartan,D019808,114798-26-4,gene_inferred,ICAM1,53.86,18,29329563
"Pulmonary Disease, Chronic Obstructive",Losartan,D019808,114798-26-4,gene_inferred,IL6,53.86,18,28864214|29329563|31349846
"Pulmonary Disease, Chronic Obstructive",Losartan,D019808,114798-26-4,gene_inferred,MMP14,53.86,18,19661247
"Pulmonary Disease, Chronic Obstructive",Losartan,D019808,114798-26-4,gene_inferred,MMP9,53.86,18,19299917
"Pulmonary Disease, Chronic Obstructive",Losartan,D019808,114798-26-4,gene_inferred,NOS2,53.86,18,21843929
"Pulmonary Disease, Chronic Obstructive",Losartan,D019808,114798-26-4,gene_inferred,NOS3,53.86,18,21843929
"Pulmonary Disease, Chronic Obstructive",Losartan,D019808,114798-26-4,gene_inferred,SOD3,53.86,18,16399992|16467073
"Pulmonary Disease, Chronic Obstructive",Losartan,D019808,114798-26-4,gene_inferred,TGFB1,53.86,18,16365456|31349846
"Pulmonary Disease, Chronic Obstructive",Losartan,D019808,114798-26-4,gene_inferred,TNF,53.86,18,15337792|29497291
"Pulmonary Disease, Chronic Obstructive",Losartan,D019808,114798-26-4,gene_inferred,TP53,53.86,18,17274270
"Pulmonary Disease, Chronic Obstructive",Mifepristone,D015735,84371-65-3,gene_inferred,CDKN1A,52.85,22,35303175
"Pulmonary Disease, Chronic Obstructive",Mifepristone,D015735,84371-65-3,gene_inferred,CXCL1,52.85,22,23099361
"Pulmonary Disease, Chronic Obstructive",Mifepristone,D015735,84371-65-3,gene_inferred,CXCL2,52.85,22,23099361
"Pulmonary Disease, Chronic Obstructive",Mifepristone,D015735,84371-65-3,gene_inferred,CXCL8,52.85,22,15337792|23099361|28864214
"Pulmonary Disease, Chronic Obstructive",Mifepristone,D015735,84371-65-3,gene_inferred,CYP1A1,52.85,22,19022366
"Pulmonary Disease, Chronic Obstructive",Mifepristone,D015735,84371-65-3,gene_inferred,CYP1A2,52.85,22,20797314
"Pulmonary Disease, Chronic Obstructive",Mifepristone,D015735,84371-65-3,gene_inferred,ELN,52.85,22,25106431
"Pulmonary Disease, Chronic Obstructive",Mifepristone,D015735,84371-65-3,gene_inferred,FOXO3,52.85,22,23099361
"Pulmonary Disease, Chronic Obstructive",Mifepristone,D015735,84371-65-3,gene_inferred,HDAC2,52.85,22,15337792|18421014
"Pulmonary Disease, Chronic Obstructive",Mifepristone,D015735,84371-65-3,gene_inferred,HMOX1,52.85,22,
"Pulmonary Disease, Chronic Obstructive",Mifepristone,D015735,84371-65-3,gene_inferred,ICAM1,52.85,22,29329563
"Pulmonary Disease, Chronic Obstructive",Mifepristone,D015735,84371-65-3,gene_inferred,IL6,52.85,22,28864214|29329563|31349846
"Pulmonary Disease, Chronic Obstructive",Mifepristone,D015735,84371-65-3,gene_inferred,MIF,52.85,22,26752192
"Pulmonary Disease, Chronic Obstructive",Mifepristone,D015735,84371-65-3,gene_inferred,MMP14,52.85,22,19661247
"Pulmonary Disease, Chronic Obstructive",Mifepristone,D015735,84371-65-3,gene_inferred,MMP9,52.85,22,19299917
"Pulmonary Disease, Chronic Obstructive",Mifepristone,D015735,84371-65-3,gene_inferred,NOS2,52.85,22,21843929
"Pulmonary Disease, Chronic Obstructive",Mifepristone,D015735,84371-65-3,gene_inferred,NOS3,52.85,22,21843929
"Pulmonary Disease, Chronic Obstructive",Mifepristone,D015735,84371-65-3,gene_inferred,RAPGEF3,52.85,22,22363678
"Pulmonary Disease, Chronic Obstructive",Mifepristone,D015735,84371-65-3,gene_inferred,SERPINA1,52.85,22,16278826|25579632
"Pulmonary Disease, Chronic Obstructive",Mifepristone,D015735,84371-65-3,gene_inferred,SOD3,52.85,22,16399992|16467073
"Pulmonary Disease, Chronic Obstructive",Mifepristone,D015735,84371-65-3,gene_inferred,TGFB1,52.85,22,16365456|31349846
"Pulmonary Disease, Chronic Obstructive",Mifepristone,D015735,84371-65-3,gene_inferred,TNF,52.85,22,15337792|29497291
"Pulmonary Disease, Chronic Obstructive",Wortmannin,D000077191,19545-26-7,gene_inferred,CDKN1A,52.77,18,35303175
"Pulmonary Disease, Chronic Obstructive",Wortmannin,D000077191,19545-26-7,gene_inferred,CRP,52.77,18,29329563
"Pulmonary Disease, Chronic Obstructive",Wortmannin,D000077191,19545-26-7,gene_inferred,CXCL1,52.77,18,23099361
"Pulmonary Disease, Chronic Obstructive",Wortmannin,D000077191,19545-26-7,gene_inferred,CXCL2,52.77,18,23099361
"Pulmonary Disease, Chronic Obstructive",Wortmannin,D000077191,19545-26-7,gene_inferred,CXCL8,52.77,18,15337792|23099361|28864214
"Pulmonary Disease, Chronic Obstructive",Wortmannin,D000077191,19545-26-7,gene_inferred,CYP1A1,52.77,18,19022366
"Pulmonary Disease, Chronic Obstructive",Wortmannin,D000077191,19545-26-7,gene_inferred,CYP1A2,52.77,18,20797314
"Pulmonary Disease, Chronic Obstructive",Wortmannin,D000077191,19545-26-7,gene_inferred,FOXO3,52.77,18,23099361
"Pulmonary Disease, Chronic Obstructive",Wortmannin,D000077191,19545-26-7,gene_inferred,HIF1A,52.77,18,26752192
"Pulmonary Disease, Chronic Obstructive",Wortmannin,D000077191,19545-26-7,gene_inferred,HMOX1,52.77,18,
"Pulmonary Disease, Chronic Obstructive",Wortmannin,D000077191,19545-26-7,gene_inferred,ICAM1,52.77,18,29329563
"Pulmonary Disease, Chronic Obstructive",Wortmannin,D000077191,19545-26-7,gene_inferred,IL6,52.77,18,28864214|29329563|31349846
"Pulmonary Disease, Chronic Obstructive",Wortmannin,D000077191,19545-26-7,gene_inferred,MMP14,52.77,18,19661247
"Pulmonary Disease, Chronic Obstructive",Wortmannin,D000077191,19545-26-7,gene_inferred,MMP9,52.77,18,19299917
"Pulmonary Disease, Chronic Obstructive",Wortmannin,D000077191,19545-26-7,gene_inferred,NOS2,52.77,18,21843929
"Pulmonary Disease, Chronic Obstructive",Wortmannin,D000077191,19545-26-7,gene_inferred,NOS3,52.77,18,21843929
"Pulmonary Disease, Chronic Obstructive",Wortmannin,D000077191,19545-26-7,gene_inferred,TNF,52.77,18,15337792|29497291
"Pulmonary Disease, Chronic Obstructive",Wortmannin,D000077191,19545-26-7,gene_inferred,TP53,52.77,18,17274270
"Pulmonary Disease, Chronic Obstructive",2-(2-amino-3-methoxyphenyl)-4H-1-benzopyran-4-one,C093973,,gene_inferred,CDKN1A,52.55,20,35303175
"Pulmonary Disease, Chronic Obstructive",2-(2-amino-3-methoxyphenyl)-4H-1-benzopyran-4-one,C093973,,gene_inferred,CRP,52.55,20,29329563
"Pulmonary Disease, Chronic Obstructive",2-(2-amino-3-methoxyphenyl)-4H-1-benzopyran-4-one,C093973,,gene_inferred,CXCL2,52.55,20,23099361
"Pulmonary Disease, Chronic Obstructive",2-(2-amino-3-methoxyphenyl)-4H-1-benzopyran-4-one,C093973,,gene_inferred,CXCL8,52.55,20,15337792|23099361|28864214
"Pulmonary Disease, Chronic Obstructive",2-(2-amino-3-methoxyphenyl)-4H-1-benzopyran-4-one,C093973,,gene_inferred,CYP1A1,52.55,20,19022366
"Pulmonary Disease, Chronic Obstructive",2-(2-amino-3-methoxyphenyl)-4H-1-benzopyran-4-one,C093973,,gene_inferred,FOXO3,52.55,20,23099361
"Pulmonary Disease, Chronic Obstructive",2-(2-amino-3-methoxyphenyl)-4H-1-benzopyran-4-one,C093973,,gene_inferred,HIF1A,52.55,20,26752192
"Pulmonary Disease, Chronic Obstructive",2-(2-amino-3-methoxyphenyl)-4H-1-benzopyran-4-one,C093973,,gene_inferred,HMOX1,52.55,20,
"Pulmonary Disease, Chronic Obstructive",2-(2-amino-3-methoxyphenyl)-4H-1-benzopyran-4-one,C093973,,gene_inferred,ICAM1,52.55,20,29329563
"Pulmonary Disease, Chronic Obstructive",2-(2-amino-3-methoxyphenyl)-4H-1-benzopyran-4-one,C093973,,gene_inferred,IL6,52.55,20,28864214|29329563|31349846
"Pulmonary Disease, Chronic Obstructive",2-(2-amino-3-methoxyphenyl)-4H-1-benzopyran-4-one,C093973,,gene_inferred,KLF5,52.55,20,30639269
"Pulmonary Disease, Chronic Obstructive",2-(2-amino-3-methoxyphenyl)-4H-1-benzopyran-4-one,C093973,,gene_inferred,MMP14,52.55,20,19661247
"Pulmonary Disease, Chronic Obstructive",2-(2-amino-3-methoxyphenyl)-4H-1-benzopyran-4-one,C093973,,gene_inferred,MMP9,52.55,20,19299917
"Pulmonary Disease, Chronic Obstructive",2-(2-amino-3-methoxyphenyl)-4H-1-benzopyran-4-one,C093973,,gene_inferred,NOS2,52.55,20,21843929
"Pulmonary Disease, Chronic Obstructive",2-(2-amino-3-methoxyphenyl)-4H-1-benzopyran-4-one,C093973,,gene_inferred,NOS3,52.55,20,21843929
"Pulmonary Disease, Chronic Obstructive",2-(2-amino-3-methoxyphenyl)-4H-1-benzopyran-4-one,C093973,,gene_inferred,SOD3,52.55,20,16399992|16467073
"Pulmonary Disease, Chronic Obstructive",2-(2-amino-3-methoxyphenyl)-4H-1-benzopyran-4-one,C093973,,gene_inferred,TGFB1,52.55,20,16365456|31349846
"Pulmonary Disease, Chronic Obstructive",2-(2-amino-3-methoxyphenyl)-4H-1-benzopyran-4-one,C093973,,gene_inferred,TNF,52.55,20,15337792|29497291
"Pulmonary Disease, Chronic Obstructive",2-(2-amino-3-methoxyphenyl)-4H-1-benzopyran-4-one,C093973,,gene_inferred,TP53,52.55,20,17274270
"Pulmonary Disease, Chronic Obstructive",2-(2-amino-3-methoxyphenyl)-4H-1-benzopyran-4-one,C093973,,gene_inferred,TRPV4,52.55,20,21245013
"Pulmonary Disease, Chronic Obstructive",cobaltiprotoporphyrin,C007095,14325-03-2,gene_inferred,CDKN1A,52.53,16,35303175
"Pulmonary Disease, Chronic Obstructive",cobaltiprotoporphyrin,C007095,14325-03-2,gene_inferred,CRP,52.53,16,29329563
"Pulmonary Disease, Chronic Obstructive",cobaltiprotoporphyrin,C007095,14325-03-2,gene_inferred,CXCL1,52.53,16,23099361
"Pulmonary Disease, Chronic Obstructive",cobaltiprotoporphyrin,C007095,14325-03-2,gene_inferred,CXCL2,52.53,16,23099361
"Pulmonary Disease, Chronic Obstructive",cobaltiprotoporphyrin,C007095,14325-03-2,gene_inferred,CXCL8,52.53,16,15337792|23099361|28864214
"Pulmonary Disease, Chronic Obstructive",cobaltiprotoporphyrin,C007095,14325-03-2,gene_inferred,CYP1A1,52.53,16,19022366
"Pulmonary Disease, Chronic Obstructive",cobaltiprotoporphyrin,C007095,14325-03-2,gene_inferred,HIF1A,52.53,16,26752192
"Pulmonary Disease, Chronic Obstructive",cobaltiprotoporphyrin,C007095,14325-03-2,gene_inferred,HMOX1,52.53,16,
"Pulmonary Disease, Chronic Obstructive",cobaltiprotoporphyrin,C007095,14325-03-2,gene_inferred,ICAM1,52.53,16,29329563
"Pulmonary Disease, Chronic Obstructive",cobaltiprotoporphyrin,C007095,14325-03-2,gene_inferred,IL6,52.53,16,28864214|29329563|31349846
"Pulmonary Disease, Chronic Obstructive",cobaltiprotoporphyrin,C007095,14325-03-2,gene_inferred,NOS2,52.53,16,21843929
"Pulmonary Disease, Chronic Obstructive",cobaltiprotoporphyrin,C007095,14325-03-2,gene_inferred,NOS3,52.53,16,21843929
"Pulmonary Disease, Chronic Obstructive",cobaltiprotoporphyrin,C007095,14325-03-2,gene_inferred,SOD3,52.53,16,16399992|16467073
"Pulmonary Disease, Chronic Obstructive",cobaltiprotoporphyrin,C007095,14325-03-2,gene_inferred,TGFB1,52.53,16,16365456|31349846
"Pulmonary Disease, Chronic Obstructive",cobaltiprotoporphyrin,C007095,14325-03-2,gene_inferred,TNF,52.53,16,15337792|29497291
"Pulmonary Disease, Chronic Obstructive",cobaltiprotoporphyrin,C007095,14325-03-2,gene_inferred,TP53,52.53,16,17274270
"Pulmonary Disease, Chronic Obstructive",Luteolin,D047311,491-70-3,gene_inferred,CDKN1A,52.45,17,35303175
"Pulmonary Disease, Chronic Obstructive",Luteolin,D047311,491-70-3,gene_inferred,CDKN2A,52.45,17,35303175
"Pulmonary Disease, Chronic Obstructive",Luteolin,D047311,491-70-3,gene_inferred,CXCL8,52.45,17,15337792|23099361|28864214
"Pulmonary Disease, Chronic Obstructive",Luteolin,D047311,491-70-3,gene_inferred,CYP1A1,52.45,17,19022366
"Pulmonary Disease, Chronic Obstructive",Luteolin,D047311,491-70-3,gene_inferred,CYP1A2,52.45,17,20797314
"Pulmonary Disease, Chronic Obstructive",Luteolin,D047311,491-70-3,gene_inferred,FOXO3,52.45,17,23099361
"Pulmonary Disease, Chronic Obstructive",Luteolin,D047311,491-70-3,gene_inferred,HDAC2,52.45,17,15337792|18421014
"Pulmonary Disease, Chronic Obstructive",Luteolin,D047311,491-70-3,gene_inferred,HIF1A,52.45,17,26752192
"Pulmonary Disease, Chronic Obstructive",Luteolin,D047311,491-70-3,gene_inferred,HMOX1,52.45,17,
"Pulmonary Disease, Chronic Obstructive",Luteolin,D047311,491-70-3,gene_inferred,ICAM1,52.45,17,29329563
"Pulmonary Disease, Chronic Obstructive",Luteolin,D047311,491-70-3,gene_inferred,IL6,52.45,17,28864214|29329563|31349846
"Pulmonary Disease, Chronic Obstructive",Luteolin,D047311,491-70-3,gene_inferred,MMP9,52.45,17,19299917
"Pulmonary Disease, Chronic Obstructive",Luteolin,D047311,491-70-3,gene_inferred,NOS2,52.45,17,21843929
"Pulmonary Disease, Chronic Obstructive",Luteolin,D047311,491-70-3,gene_inferred,NOS3,52.45,17,21843929
"Pulmonary Disease, Chronic Obstructive",Luteolin,D047311,491-70-3,gene_inferred,TGFB1,52.45,17,16365456|31349846
"Pulmonary Disease, Chronic Obstructive",Luteolin,D047311,491-70-3,gene_inferred,TNF,52.45,17,15337792|29497291
"Pulmonary Disease, Chronic Obstructive",Luteolin,D047311,491-70-3,gene_inferred,TP53,52.45,17,17274270
"Pulmonary Disease, Chronic Obstructive","3,3',4,5'-tetrahydroxystilbene",C041525,4339-71-3,gene_inferred,CDKN1A,50.48,14,35303175
"Pulmonary Disease, Chronic Obstructive","3,3',4,5'-tetrahydroxystilbene",C041525,4339-71-3,gene_inferred,CXCL8,50.48,14,15337792|23099361|28864214
"Pulmonary Disease, Chronic Obstructive","3,3',4,5'-tetrahydroxystilbene",C041525,4339-71-3,gene_inferred,CYP1A1,50.48,14,19022366
"Pulmonary Disease, Chronic Obstructive","3,3',4,5'-tetrahydroxystilbene",C041525,4339-71-3,gene_inferred,CYP1A2,50.48,14,20797314
"Pulmonary Disease, Chronic Obstructive","3,3',4,5'-tetrahydroxystilbene",C041525,4339-71-3,gene_inferred,HIF1A,50.48,14,26752192
"Pulmonary Disease, Chronic Obstructive","3,3',4,5'-tetrahydroxystilbene",C041525,4339-71-3,gene_inferred,HMOX1,50.48,14,
"Pulmonary Disease, Chronic Obstructive","3,3',4,5'-tetrahydroxystilbene",C041525,4339-71-3,gene_inferred,ICAM1,50.48,14,29329563
"Pulmonary Disease, Chronic Obstructive","3,3',4,5'-tetrahydroxystilbene",C041525,4339-71-3,gene_inferred,IL6,50.48,14,28864214|29329563|31349846
"Pulmonary Disease, Chronic Obstructive","3,3',4,5'-tetrahydroxystilbene",C041525,4339-71-3,gene_inferred,MMP9,50.48,14,19299917
"Pulmonary Disease, Chronic Obstructive","3,3',4,5'-tetrahydroxystilbene",C041525,4339-71-3,gene_inferred,NOS2,50.48,14,21843929
"Pulmonary Disease, Chronic Obstructive","3,3',4,5'-tetrahydroxystilbene",C041525,4339-71-3,gene_inferred,NOS3,50.48,14,21843929
"Pulmonary Disease, Chronic Obstructive","3,3',4,5'-tetrahydroxystilbene",C041525,4339-71-3,gene_inferred,TGFB1,50.48,14,16365456|31349846
"Pulmonary Disease, Chronic Obstructive","3,3',4,5'-tetrahydroxystilbene",C041525,4339-71-3,gene_inferred,TNF,50.48,14,15337792|29497291
"Pulmonary Disease, Chronic Obstructive","3,3',4,5'-tetrahydroxystilbene",C041525,4339-71-3,gene_inferred,TP53,50.48,14,17274270
Bronchitis,Air Pollutants,D000393,,curated,,,,16912084|26655675|28106813
Bronchitis,ambroxol-theophylline-7-acetate,C077110,,curated,,,,17455344
Bronchitis,Aminophylline,D000628,317-34-0,curated,,,,9241539
Bronchitis,Amoxicillin-Potassium Clavulanate Combination,D019980,74469-00-4,curated,,,,15616290
Bronchitis,Antimony,D000965,7440-36-0,curated,,,,8768112
Bronchitis,arsenite,C015001,15502-74-6,curated,,,,23876855
Bronchitis,Betaine,D001622,107-43-7,curated,,,,39742927
Bronchitis,cefbuperazone,C035978,76610-84-9,curated,,,,6308296
Bronchitis,Cefixime,D020682,79350-37-1,curated,,,,2041146
Bronchitis,Cephalosporins,D002511,,curated,,,,9819955
Bronchitis,Clarithromycin,D017291,81103-11-9,curated,,,,18794663|9788033|9819955
Bronchitis,Demeclocycline,D003707,127-33-3,curated,,,,4328367
Bronchitis,Diacetyl,D003931,431-03-8,curated,,,,18227102
Bronchitis,Doxycycline,D004318,564-25-0,curated,,,,9004058
Bronchitis,Enoxacin,D015365,74011-58-8,curated,,,,3258863
Bronchitis,Fleroxacin,D016576,79660-72-3,curated,,,,7868853
Bronchitis,Methomyl,D008724,16752-77-5,curated,,,,39742927
Bronchitis,Mustard Gas,D009151,505-60-2,curated,,,,21129433
Bronchitis,Nicotine,D009538,,curated,,,,27806211
Bronchitis,Nitrogen Dioxide,D009585,10102-44-0,curated,,,,16912084
Bronchitis,Ofloxacin,D015242,82419-36-1,curated,,,,10388331|11131957|8750178
Bronchitis,Ovalbumin,D010047,9006-59-1,curated,,,,28415675
Bronchitis,Particulate Matter,D052638,,curated,,,,17938744|19337525|26655675|28106813|28415675|31520956
Bronchitis,Polycyclic Aromatic Hydrocarbons,D011084,,curated,,,,17938744
Bronchitis,Salmeterol Xinafoate,D000068299,,curated,,,,23548184
Bronchitis,Smoke,D012906,,curated,,,,21705297
Bronchitis,Terbutaline,D013726,23031-25-6,curated,,,,4479294
Bronchitis,Tetracycline,D013752,60-54-8,curated,,,,4301397
Bronchitis,Theophylline,D013806,58-55-9,curated,,,,3025113
Bronchitis,Tobacco Smoke Pollution,D014028,,curated,,,,16425588
Bronchitis,tobacco tar,C024746,,curated,,,,27806211
Bronchitis,"Trimethoprim, Sulfamethoxazole Drug Combination",D015662,8064-90-2,curated,,,,63882|7256343
Bronchitis,vanadium pentoxide,C066075,1314-62-1,curated,,,,17459161
Bronchitis,Vehicle Emissions,D001335,,curated,,,,12948892|16912084
"Rhinitis, Allergic","2,4-Dichlorophenoxyacetic Acid",D015084,94-75-7,curated,,,,27384423
"Rhinitis, Allergic","4,4'-diphenylmethane diisocyanate",C005969,,curated,,,,7973495
"Rhinitis, Allergic",Air Pollutants,D000393,,curated,,,,29028686
"Rhinitis, Allergic",Aluminum Hydroxide,D000536,21645-51-2,curated,,,,36855022|40803538
"Rhinitis, Allergic","Antigens, Bacterial",D000942,,curated,,,,21108952
"Rhinitis, Allergic","Antigens, Helminth",D000947,,curated,,,,21108952
"Rhinitis, Allergic",Apigenin,D047310,520-36-5,curated,,,,36350155
"Rhinitis, Allergic",arctigenin,C071942,,curated,,,,40803538
"Rhinitis, Allergic",Astemizole,D016589,68844-77-9,curated,,,,8917271
"Rhinitis, Allergic",Atrazine,D001280,1912-24-9,curated,,,,27384423
"Rhinitis, Allergic",bentazone,C002003,25057-89-0,curated,,,,27384423
"Rhinitis, Allergic",beta-eudesmol,C051082,473-15-4,curated,,,,30148989
"Rhinitis, Allergic",bisphenol A,C006780,80-05-7,curated,,,,32909835|32964057
"Rhinitis, Allergic",bufotalin,C004600,471-95-4,curated,,,,36455750
"Rhinitis, Allergic",cang er zi wan,C550144,,curated,,,,36855022
"Rhinitis, Allergic",Carbaryl,D012721,63-25-2,curated,,,,27384423
"Rhinitis, Allergic",Cetirizine,D017332,83881-51-0,curated,,,,21381763
"Rhinitis, Allergic",Chlorpyrifos,D004390,2921-88-2,curated,,,,27384423
"Rhinitis, Allergic",desloratadine,C121345,,curated,,,,21381763
"Rhinitis, Allergic",Dexamethasone,D003907,50-02-2,curated,,,,31669322|36350155|40803538
"Rhinitis, Allergic",Dicamba,D003996,1918-00-9,curated,,,,27384423
"Rhinitis, Allergic",Diethylhexyl Phthalate,D004051,117-81-7,curated,,,,32884073
"Rhinitis, Allergic",Dimethoate,D004117,60-51-5,curated,,,,27384423
"Rhinitis, Allergic",Etodolac,D017308,41340-25-4,curated,,,,16979129
"Rhinitis, Allergic",fexofenadine,C093230,,curated,,,,16037679|21381763
"Rhinitis, Allergic",geraniol,C007836,624-15-7,curated,,,,30254419
"Rhinitis, Allergic",Glyphosate,D000097797,,curated,,,,27384423
"Rhinitis, Allergic",Herbicides,D006540,,curated,,,,27384423
"Rhinitis, Allergic",hydroxysafflor yellow A,C085278,146087-19-6,curated,,,,37195255
"Rhinitis, Allergic",Insecticides,D007306,,curated,,,,27384423
"Rhinitis, Allergic",levocetirizine,C472067,130018-77-8,curated,,,,21381763
"Rhinitis, Allergic",Loratadine,D017336,79794-75-5,curated,,,,16527031|21381763
"Rhinitis, Allergic",Malathion,D008294,121-75-5,curated,,,,27384423
"Rhinitis, Allergic",Methylprednisolone,D008775,83-43-2,curated,,,,2910281
"Rhinitis, Allergic",mono(2-ethyl-5-hydroxyhexyl) phthalate,C479069,,curated,,,,36127783
"Rhinitis, Allergic",mono(2-ethyl-5-oxohexyl)phthalate,C080276,40321-98-0,curated,,,,36127783
"Rhinitis, Allergic",nimesulide,C012655,51803-78-2,curated,,,,10609620
"Rhinitis, Allergic",Nitrogen Dioxide,D009585,10102-44-0,curated,,,,23728483|26996571
"Rhinitis, Allergic",nonylphenol,C025256,25154-52-3,curated,,,,36029577
"Rhinitis, Allergic",Ovalbumin,D010047,9006-59-1,curated,,,,30481581|30803854|31669322|32964057|35533451|36350155|36455750|36855022|37195255|40803538
"Rhinitis, Allergic",ovalbumin-alum,C446402,,curated,,,,30254419|30481581|34624383
"Rhinitis, Allergic",Oxymetazoline,D010109,1491-59-4,curated,,,,3340705
"Rhinitis, Allergic",Particulate Matter,D052638,,curated,,,,30481581
"Rhinitis, Allergic",Permethrin,D026023,52645-53-1,curated,,,,27384423
"Rhinitis, Allergic",Petroleum,D010578,,curated,,,,27384423
"Rhinitis, Allergic",Picloram,D010846,1918-02-1,curated,,,,27384423
"Rhinitis, Allergic",Pyrethrins,D011722,,curated,,,,27384423
"Rhinitis, Allergic",Quinpirole,D019257,85760-74-3,curated,,,,34624383
"Rhinitis, Allergic",ramatroban,C063119,116649-85-5,curated,,,,16037679|16979129|21355602|21916510
"Rhinitis, Allergic",Rodenticides,D012378,,curated,,,,27384423
"Rhinitis, Allergic",Rosiglitazone,D000077154,,curated,,,,18652780
"Rhinitis, Allergic",saikosaponin D,C025759,,curated,,,,31669322
"Rhinitis, Allergic",Simazine,D012839,122-34-9,curated,,,,27384423
"Rhinitis, Allergic",Soot,D053260,,curated,,,,26996571
"Rhinitis, Allergic",Sulfur Dioxide,D013458,7446-09-5,curated,,,,26996571
"Rhinitis, Allergic",Terfenadine,D016593,50679-08-8,curated,,,,16037679|8006312
"Rhinitis, Allergic",Triamcinolone Acetonide,D014222,76-25-5,curated,,,,113742
"Rhinitis, Allergic",triclopyr,C032742,55335-06-3,curated,,,,27384423
"Rhinitis, Allergic",Triclosan,D014260,3380-34-5,curated,,,,23146048|33654271
"Rhinitis, Allergic",Trifluralin,D014274,1582-09-8,curated,,,,27384423
"Rhinitis, Allergic",Warfarin,D014859,81-81-2,curated,,,,27384423
"Rhinitis, Allergic",zafirlukast,C062735,107753-78-6,curated,,,,16527031
"Carcinoma, Bronchogenic",Asbestos,D001194,1332-21-4,curated,,,,23885834
"Carcinoma, Bronchogenic",Busulfan,D002066,55-98-1,curated,,,,4301103
"Carcinoma, Bronchogenic",Carboplatin,D016190,41575-94-4,curated,,,,9137524
"Carcinoma, Bronchogenic",Cisplatin,D002945,15663-27-1,curated,,,,9137524
"Carcinoma, Bronchogenic",Cyclophosphamide,D003520,50-18-0,curated,,,,4559404
"Carcinoma, Bronchogenic",Dactinomycin,D003609,50-76-0,curated,,,,4559404
"Carcinoma, Bronchogenic",Etoposide,D005047,33419-42-0,curated,,,,9137524
"Carcinoma, Bronchogenic",Hydroxyurea,D006918,127-07-1,curated,,,,4559404
"Carcinoma, Bronchogenic",Ifosfamide,D007069,3778-73-2,curated,,,,2156418|6106781
"Carcinoma, Bronchogenic",Lomustine,D008130,13010-47-4,curated,,,,4559404
"Carcinoma, Bronchogenic",Methotrexate,D008727,59-05-2,curated,,,,4559404
"Carcinoma, Bronchogenic","pregna-4,17-diene-3,16-dione",C023617,95975-55-6,curated,,,,17475222
"Carcinoma, Bronchogenic",Streptozocin,D013311,18883-66-4,curated,,,,4261143
"Carcinoma, Bronchogenic",strontium chromate,C048629,7789-06-2,curated,,,,16194677
"Carcinoma, Bronchogenic",Vincristine,D014750,,curated,,,,4559404
"Carcinoma, Bronchogenic",Vindesine,D014751,53643-48-4,curated,,,,455587|6282107
