DiseaseName,ChemicalID,score,pred_label
Asthma,C015262,0.8799566,1
Asthma,C033146,0.8394793,1
Asthma,C041507,0.92881846,1
Asthma,D015084,0.86486244,1
Asthma,C539252,0.92873937,1
Asthma,C005969,0.9000327,1
Asthma,C018511,0.841969,1
Asthma,C008450,0.6893186,0
Asthma,C075750,0.8049277,1
Asthma,D000079,0.87541705,1
Asthma,D000082,0.74268717,1
Asthma,D000109,0.79607147,1
Asthma,D000241,0.8138836,1
Asthma,D000420,0.896439,1
Asthma,D000448,0.8091001,1
Asthma,D000536,0.88719183,1
Asthma,C077110,0.92466336,1
Asthma,D000628,0.93215144,1
Asthma,C094049,0.81146604,1
Asthma,D001151,0.8667048,1
Asthma,D000077237,0.6203485,0
Asthma,D000077332,0.7644958,1
Asthma,D001241,0.82375574,1
Asthma,C047766,0.88495874,1
Asthma,D001507,0.9159407,1
Asthma,D001564,0.9006061,1
Asthma,D001572,0.8590383,1
Asthma,D047071,0.65617335,0
Asthma,C006780,0.9368376,1
Asthma,C512161,0.7731577,1
Asthma,C011685,0.7480314,1
Asthma,C053342,0.65447307,0
Asthma,D019819,0.74061334,1
Asthma,C023898,0.8563079,1
Asthma,C027561,0.7921192,1
Asthma,D002104,0.89804345,1
Asthma,D002215,0.8186856,1
Asthma,D002219,0.775783,1
Asthma,D012721,0.8885985,1
Asthma,D002231,0.83507925,1
Asthma,D002244,0.8614329,1
Asthma,D002246,0.707593,1
Asthma,D002248,0.95885575,1
Asthma,D002251,0.8288398,1
Asthma,D002706,0.88545805,1
Asthma,D002840,0.4832895,0
Asthma,C433247,0.70431465,1
Asthma,D003042,0.7709192,1
Asthma,D003042,0.7709192,1
Asthma,D003042,0.7709192,1
Asthma,D003042,0.7709192,1
Asthma,D003372,0.8208033,1
Asthma,D004205,0.65744555,0
Asthma,D000242,0.55261934,0
Asthma,D003634,0.80883443,1
Asthma,D000077209,0.6519989,0
Asthma,D003907,0.9281998,1
Asthma,D003915,0.8451385,1
Asthma,D003976,0.82168466,1
Asthma,D004139,0.7544432,1
Asthma,C051309,0.7298517,1
Asthma,C029797,0.70565325,1
Asthma,D004642,0.7503589,1
Asthma,D004731,0.70160806,1
Asthma,D004731,0.70160806,1
Asthma,D004731,0.70160806,1
Asthma,D004731,0.70160806,1
Asthma,C034347,0.912025,1
Asthma,D004809,0.78063285,1
Asthma,C045651,0.68765485,0
Asthma,D004837,0.90819633,1
Asthma,C036251,0.875657,1
Asthma,D015946,0.7344118,1
Asthma,D005280,0.7874781,1
Asthma,D005280,0.7874781,1
Asthma,D005280,0.7874781,1
Asthma,D005280,0.7874781,1
Asthma,D016576,0.76317465,1
Asthma,C007734,0.809254,1
Asthma,D000068298,0.7837883,1
Asthma,D000068297,0.6906659,0
Asthma,D005557,0.7586016,1
Asthma,D000068759,0.94657254,1
Asthma,C572629,0.7860106,1
Asthma,C105311,0.84840226,1
Asthma,D024504,0.6211517,0
Asthma,C007836,0.8869355,1
Asthma,D005978,0.79472095,1
Asthma,D006024,0.90301245,1
Asthma,D000097797,0.92550635,1
Asthma,D006140,0.82183886,1
Asthma,D006221,0.8363539,1
Asthma,D006533,0.88396764,1
Asthma,D003932,0.7169049,1
Asthma,D001556,0.8492012,1
Asthma,D006632,0.64279795,0
Asthma,D006854,0.85181195,1
Asthma,D006862,0.8141483,1
Asthma,D007052,0.82444394,1
Asthma,D009241,0.922049,1
Asthma,D007545,0.8503592,1
Asthma,D007660,0.7825484,1
Asthma,D007665,0.81921214,1
Asthma,D064747,0.7588839,1
Asthma,D007975,0.6904801,0
Asthma,D017997,0.779657,1
Asthma,D017998,0.8500466,1
Asthma,C000630836,0.69997954,0
Asthma,D017336,0.92093915,1
Asthma,D008294,0.9233138,1
Asthma,D008628,0.70439947,1
Asthma,D009921,0.90200317,1
Asthma,D016210,0.8198232,1
Asthma,D008727,0.9184121,1
Asthma,D008775,0.9380368,1
Asthma,D008787,0.7195887,1
Asthma,D000068656,0.7541241,1
Asthma,C093875,0.7783196,1
Asthma,D009151,0.94002247,1
Asthma,D017835,0.78501123,1
Asthma,D009529,0.78012806,1
Asthma,D009543,0.7911151,1
Asthma,D009566,0.72217023,1
Asthma,D009569,0.9143262,1
Asthma,D009585,0.9907659,1
Asthma,C017590,0.67798334,0
Asthma,D010126,0.9459941,1
Asthma,D010269,0.8610263,1
Asthma,D010278,0.8573044,1
Asthma,C030856,0.8380598,1
Asthma,C101816,0.7632388,1
Asthma,C076994,0.8029112,1
Asthma,D026023,0.89250773,1
Asthma,C031181,0.9178781,1
Asthma,D010634,0.8044941,1
Asthma,D010702,0.7416718,1
Asthma,D058988,0.87620133,1
Asthma,C043103,0.7634048,1
Asthma,D010972,0.8631748,1
Asthma,C047681,0.9072983,1
Asthma,D011239,0.8842239,1
Asthma,D011241,0.9385377,1
Asthma,D017265,0.8283282,1
Asthma,D011433,0.7215326,1
Asthma,C432165,0.8307246,1
Asthma,C030984,0.92577904,1
Asthma,D000077185,0.90995246,1
Asthma,C424423,0.9018254,1
Asthma,C099445,0.7313754,1
Asthma,D020156,0.75780994,1
Asthma,D000068299,0.9459784,1
Asthma,C060230,0.7084977,1
Asthma,D012980,0.7630448,1
Asthma,C012037,0.8111805,1
Asthma,D013311,0.88706017,1
Asthma,D013458,0.9720482,1
Asthma,D013578,0.7820527,1
Asthma,C028305,0.71644795,1
Asthma,D013645,0.5576903,0
Asthma,D013726,0.94175637,1
Asthma,D016593,0.86783314,1
Asthma,D013806,0.9493692,1
Asthma,D013806,0.9493692,1
Asthma,D013806,0.9493692,1
Asthma,D013806,0.9493692,1
Asthma,C095476,0.9493692,1
Asthma,C095476,0.9493692,1
Asthma,C095476,0.9493692,1
Asthma,C095476,0.9493692,1
Asthma,D013999,0.8674286,1
Asthma,D014051,0.8695822,1
Asthma,C012293,0.7530794,1
Asthma,D014212,0.72918886,1
Asthma,D014222,0.83238417,1
Asthma,D014260,0.90577394,1
Asthma,C015559,0.79642165,1
Asthma,D015662,0.9114876,1
Asthma,C010809,0.77412665,1
Asthma,C059141,0.8152776,1
Asthma,D014801,0.74846697,1
Asthma,C062735,0.9416736,1
Asthma,C063449,0.7795799,1
Asthma,D015032,0.8028633,1
Asthma,C021183,0.8815259,1
Asthma,C027576,0.81875694,1
Asthma,D000086,0.5142418,0
Asthma,C542859,0.73247176,1
Asthma,D000171,0.7476154,1
Asthma,D002233,0.49100077,0
Asthma,C031180,0.9374179,1
Asthma,D017291,0.61586523,0
Asthma,D003404,0.48927408,0
Asthma,C506365,0.76301056,1
Asthma,C574213,0.72681624,1
Asthma,D004656,0.75520533,1
Asthma,D000077591,0.8497205,1
Asthma,C030809,0.7874781,1
Asthma,C030809,0.7874781,1
Asthma,C030809,0.7874781,1
Asthma,C030809,0.7874781,1
Asthma,D007650,0.6459421,0
Asthma,D009638,0.76429355,1
Asthma,C542398,0.71723056,1
Asthma,C003237,0.6872533,0
Asthma,D011794,0.7766883,1
Asthma,C583570,0.77011764,1
Asthma,D019821,0.71320826,1
Asthma,D013749,0.84362036,1
Asthma,D000069447,0.6294081,0
Asthma,C003330,0.6443941,0
Asthma,D014700,0.680696,0
Asthma,D019980,0.62591624,0
Asthma,D000965,0.7919619,1
Asthma,C015001,0.65963036,0
Asthma,D001622,0.6783969,0
Asthma,C035978,0.124522164,0
Asthma,D020682,0.54620886,0
Asthma,D002511,0.4295142,0
Asthma,D003707,0.43848246,0
Asthma,D003931,0.5470461,0
Asthma,D004318,0.36817104,0
Asthma,D015365,0.7064705,1
Asthma,D008724,0.6811753,0
Asthma,D009538,0.83402884,1
Asthma,D015242,0.7169922,1
Asthma,D013752,0.3039248,0
Asthma,C066075,0.50135916,0
Asthma,C059528,0.5493674,0
Asthma,C048927,0.5112313,0
Asthma,C062894,0.63531274,0
Asthma,C031278,0.3767533,0
Asthma,C029536,0.44272617,0
Asthma,C000623021,0.7349391,1
Asthma,C088860,0.687682,0
Asthma,C056165,0.82537645,1
Asthma,D000537,0.58916193,0
Asthma,C069471,0.27338728,0
Asthma,D000538,0.20900898,0
Asthma,D000583,0.30056447,0
Asthma,D000638,0.62178004,0
Asthma,D000666,0.07560889,0
Asthma,D000667,0.27582154,0
Asthma,C118790,0.27713704,0
Asthma,D017639,0.21812399,0
Asthma,D017638,0.22387211,0
Asthma,D017632,0.38182548,0
Asthma,D017963,0.25396895,0
Asthma,C011674,0.4796662,0
Asthma,D001761,0.39073038,0
Asthma,D002084,0.7468451,1
Asthma,D019256,0.66558516,0
Asthma,D002110,0.8514111,1
Asthma,D002133,0.2613813,0
Asthma,D002211,0.68959653,0
Asthma,D002228,0.584729,0
Asthma,D016190,0.57456744,0
Asthma,D002330,0.7925008,1
Asthma,C057710,0.13338059,0
Asthma,D002439,0.24668743,0
Asthma,D000097627,0.09099245,0
Asthma,D002442,0.11764104,0
Asthma,D002443,0.09559584,0
Asthma,D002444,0.29846147,0
Asthma,D002512,0.31890744,0
Asthma,C030583,0.37312618,0
Asthma,D002701,0.7665118,1
Asthma,D002791,0.59931177,0
Asthma,C034587,0.35391697,0
Asthma,D000077407,0.7339897,1
Asthma,D002939,0.4124415,0
Asthma,D002945,0.7258859,1
Asthma,D003035,0.3429914,0
Asthma,C060728,0.3064649,0
Asthma,D019327,0.34599862,0
Asthma,D016578,0.7709192,1
Asthma,D016578,0.7709192,1
Asthma,D016578,0.7709192,1
Asthma,D016578,0.7709192,1
Asthma,D000077547,0.612082,0
Asthma,C030973,0.3604672,0
Asthma,C012260,0.5929682,0
Asthma,D003520,0.7245736,1
Asthma,D003561,0.6539146,0
Asthma,D003620,0.5397288,0
Asthma,D003622,0.76234305,1
Asthma,D003630,0.31944662,0
Asthma,D003891,0.7846391,1
Asthma,C027118,0.60805607,0
Asthma,D004061,0.7191666,1
Asthma,D004177,0.62614477,0
Asthma,D000077143,0.12865071,0
Asthma,D013759,0.61258197,0
Asthma,C044101,0.70160806,1
Asthma,C044101,0.70160806,1
Asthma,C044101,0.70160806,1
Asthma,C044101,0.70160806,1
Asthma,D004917,0.24903406,0
Asthma,D004929,0.56188524,0
Asthma,D000068338,0.16862637,0
Asthma,D005204,0.7096799,1
Asthma,D005473,0.6427776,0
Asthma,D000077156,0.72284603,1
Asthma,D000093542,0.6066036,0
Asthma,D005839,0.52000266,0
Asthma,C022944,0.29952052,0
Asthma,D007213,0.753249,1
Asthma,D007501,0.35178477,0
Asthma,D000077213,0.73046464,1
Asthma,D000069349,0.6785063,0
Asthma,C068538,0.07560889,0
Asthma,D008345,0.35178477,0
Asthma,D008466,0.6388367,0
Asthma,D000077731,0.30302152,0
Asthma,D008802,0.09647553,0
Asthma,D000077551,0.14005688,0
Asthma,D008911,0.26628688,0
Asthma,D000077266,0.49235082,0
Asthma,C055172,0.08894042,0
Asthma,C043836,0.8463551,1
Asthma,C005274,0.22553116,0
Asthma,D009525,0.5797879,0
Asthma,D009532,0.3429914,0
Asthma,C028007,0.4236715,0
Asthma,C029938,0.29825088,0
Asthma,D010100,0.7551724,1
Asthma,D017239,0.124155514,0
Asthma,D000068437,0.43472084,0
Asthma,D010400,0.47826186,0
Asthma,D010406,0.47826186,0
Asthma,C036567,0.6907492,0
Asthma,D010615,0.8398757,1
Asthma,D010878,0.187346,0
Asthma,D010894,0.64610857,0
Asthma,D011791,0.17595877,0
Asthma,D011791,0.17595877,0
Asthma,D011791,0.17595877,0
Asthma,D011791,0.17595877,0
Asthma,C062940,0.15253872,0
Asthma,D019782,0.69204354,0
Asthma,D000077154,0.86495066,1
Asthma,C000626046,0.74022156,1
Asthma,C076944,0.12847182,0
Asthma,D000068677,0.18654397,0
Asthma,D012822,0.17595877,0
Asthma,D012822,0.17595877,0
Asthma,D012822,0.17595877,0
Asthma,D012822,0.17595877,0
Asthma,D012835,0.44218078,0
Asthma,D020123,0.20470884,0
Asthma,D018038,0.3697445,0
Asthma,C525002,0.6907813,0
Asthma,D013256,0.75634867,1
Asthma,D013307,0.20203102,0
Asthma,D020058,0.802982,1
Asthma,D012460,0.39742902,0
Asthma,D013654,0.3133112,0
Asthma,C009495,0.39582467,0
Asthma,D014031,0.5251395,0
Asthma,C001899,0.6257507,0
Asthma,C011765,0.77187455,1
Asthma,D014414,0.6891235,0
Asthma,D014580,0.74619246,1
Asthma,C070272,0.095815904,0
Asthma,D014639,0.47615644,0
Asthma,D014640,0.07624862,0
Asthma,D000069470,0.68167883,0
Asthma,D014747,0.31734893,0
Asthma,D065819,0.7279286,1
Asthma,D000077337,0.7333184,1
Asthma,C085514,0.67931086,0
Asthma,C023616,0.3982104,0
Asthma,D015034,0.37957352,0
Asthma,D019287,0.2936232,0
Asthma,D047310,0.7606449,1
Asthma,D016589,0.7324062,1
Asthma,D001280,0.76386386,1
Asthma,C002003,0.7553904,1
Asthma,C051082,0.7510176,1
Asthma,C004600,0.74825764,1
Asthma,D017332,0.621163,0
Asthma,D004390,0.75275713,1
Asthma,C121345,0.8584669,1
Asthma,D003996,0.83577645,1
Asthma,D004051,0.6737623,0
Asthma,D004117,0.6556162,0
Asthma,D017308,0.7898126,1
Asthma,C093230,0.6364217,0
Asthma,C085278,0.23180886,0
Asthma,C472067,0.621163,0
Asthma,C479069,0.69200593,0
Asthma,C080276,0.6622095,0
Asthma,C012655,0.75910574,1
Asthma,C025256,0.6399759,0
Asthma,D010109,0.77155644,1
Asthma,D010846,0.6555852,0
Asthma,D011722,0.4529486,0
Asthma,D019257,0.81936556,1
Asthma,C063119,0.67624784,0
Asthma,C025759,0.3092915,0
Asthma,D012839,0.7490509,1
Asthma,C032742,0.6822638,0
Asthma,D014274,0.8785485,1
Asthma,D014859,0.69927114,0
Asthma,D002066,0.59954125,0
Asthma,D003609,0.15906207,0
Asthma,D005047,0.24677463,0
Asthma,D006918,0.5952845,0
Asthma,D007069,0.7097775,1
Asthma,D008130,0.7736793,1
Asthma,C023617,0.82494944,1
Asthma,C048629,0.36560726,0
Asthma,D014750,0.15095007,0
Asthma,D014751,0.21999802,0
Bronchitis,C015262,0.029700156,0
Bronchitis,C033146,0.009710976,0
Bronchitis,C041507,0.0089766905,0
Bronchitis,D015084,0.053607106,0
Bronchitis,C539252,0.42598352,0
Bronchitis,C005969,0.022251876,0
Bronchitis,C018511,0.051237877,0
Bronchitis,C008450,0.118971445,0
Bronchitis,C075750,0.019572582,0
Bronchitis,D000079,0.12079539,0
Bronchitis,D000082,0.2128444,0
Bronchitis,D000109,0.46335927,0
Bronchitis,D000241,0.20163506,0
Bronchitis,D000420,0.37365896,0
Bronchitis,D000448,0.11085661,0
Bronchitis,D000536,0.26211777,0
Bronchitis,C077110,0.80952734,1
Bronchitis,D000628,0.84013647,1
Bronchitis,C094049,0.051128197,0
Bronchitis,D001151,0.2199272,0
Bronchitis,D000077237,0.07184009,0
Bronchitis,D000077332,0.03190657,0
Bronchitis,D001241,0.16639586,0
Bronchitis,C047766,0.124719076,0
Bronchitis,D001507,0.068549015,0
Bronchitis,D001564,0.007227099,0
Bronchitis,D001572,0.011324015,0
Bronchitis,D047071,0.09632631,0
Bronchitis,C006780,0.07457991,0
Bronchitis,C512161,0.07157505,0
Bronchitis,C011685,0.007951532,0
Bronchitis,C053342,0.022442004,0
Bronchitis,D019819,0.02073879,0
Bronchitis,C023898,0.0096607,0
Bronchitis,C027561,0.009451411,0
Bronchitis,D002104,0.4925895,0
Bronchitis,D002215,0.022646751,0
Bronchitis,D002219,0.14896211,0
Bronchitis,D012721,0.02935544,0
Bronchitis,D002231,0.12170964,0
Bronchitis,D002244,0.048069708,0
Bronchitis,D002246,0.09419214,0
Bronchitis,D002248,0.19199337,0
Bronchitis,D002251,0.07037329,0
Bronchitis,D002706,0.0057930467,0
Bronchitis,D002840,0.2684315,0
Bronchitis,C433247,0.011773802,0
Bronchitis,D003042,0.016355418,0
Bronchitis,D003042,0.016355418,0
Bronchitis,D003042,0.016355418,0
Bronchitis,D003042,0.016355418,0
Bronchitis,D003372,0.009670523,0
Bronchitis,D004205,0.20133814,0
Bronchitis,D000242,0.11405033,0
Bronchitis,D003634,0.008316766,0
Bronchitis,D000077209,0.04412162,0
Bronchitis,D003907,0.2482724,0
Bronchitis,D003915,0.013901059,0
Bronchitis,D003976,0.008560661,0
Bronchitis,D004139,0.041592084,0
Bronchitis,C051309,0.10001285,0
Bronchitis,C029797,0.15521666,0
Bronchitis,D004642,0.007886327,0
Bronchitis,D004731,0.018677069,0
Bronchitis,D004731,0.018677069,0
Bronchitis,D004731,0.018677069,0
Bronchitis,D004731,0.018677069,0
Bronchitis,C034347,0.19074942,0
Bronchitis,D004809,0.18891676,0
Bronchitis,C045651,0.18779252,0
Bronchitis,D004837,0.34753892,0
Bronchitis,C036251,0.022154866,0
Bronchitis,D015946,0.088101685,0
Bronchitis,D005280,0.04882092,0
Bronchitis,D005280,0.04882092,0
Bronchitis,D005280,0.04882092,0
Bronchitis,D005280,0.04882092,0
Bronchitis,D016576,0.69317967,0
Bronchitis,C007734,0.033763424,0
Bronchitis,D000068298,0.03791098,0
Bronchitis,D000068297,0.124452114,0
Bronchitis,D005557,0.047845695,0
Bronchitis,D000068759,0.326631,0
Bronchitis,C572629,0.013553407,0
Bronchitis,C105311,0.023929276,0
Bronchitis,D024504,0.0059366184,0
Bronchitis,C007836,0.13429715,0
Bronchitis,D005978,0.10974357,0
Bronchitis,D006024,0.04139035,0
Bronchitis,D000097797,0.4177836,0
Bronchitis,D006140,0.032990184,0
Bronchitis,D006221,0.04168901,0
Bronchitis,D006533,0.00631033,0
Bronchitis,D003932,0.09084567,0
Bronchitis,D001556,0.014541393,0
Bronchitis,D006632,0.22553217,0
Bronchitis,D006854,0.0868275,0
Bronchitis,D006862,0.035351355,0
Bronchitis,D007052,0.011123266,0
Bronchitis,D009241,0.05077428,0
Bronchitis,D007545,0.23513815,0
Bronchitis,D007660,0.012126891,0
Bronchitis,D007665,0.016088799,0
Bronchitis,D064747,0.028358832,0
Bronchitis,D007975,0.0069878027,0
Bronchitis,D017997,0.17226112,0
Bronchitis,D017998,0.13892338,0
Bronchitis,C000630836,0.09315802,0
Bronchitis,D017336,0.044598766,0
Bronchitis,D008294,0.061438404,0
Bronchitis,D008628,0.06580031,0
Bronchitis,D009921,0.2513139,0
Bronchitis,D016210,0.10666808,0
Bronchitis,D008727,0.85224384,1
Bronchitis,D008775,0.23344609,0
Bronchitis,D008787,0.011372356,0
Bronchitis,D000068656,0.012656379,0
Bronchitis,C093875,0.008733359,0
Bronchitis,D009151,0.74274117,1
Bronchitis,D017835,0.039764807,0
Bronchitis,D009529,0.023285573,0
Bronchitis,D009543,0.021443713,0
Bronchitis,D009566,0.08152515,0
Bronchitis,D009569,0.11414248,0
Bronchitis,D009585,0.8497452,1
Bronchitis,C017590,0.043497488,0
Bronchitis,D010126,0.34996223,0
Bronchitis,D010269,0.13817461,0
Bronchitis,D010278,0.006756948,0
Bronchitis,C030856,0.005484999,0
Bronchitis,C101816,0.014292974,0
Bronchitis,C076994,0.020261792,0
Bronchitis,D026023,0.03247146,0
Bronchitis,C031181,0.018616965,0
Bronchitis,D010634,0.06585532,0
Bronchitis,D010702,0.008144577,0
Bronchitis,D058988,0.023814075,0
Bronchitis,C043103,0.13297887,0
Bronchitis,D010972,0.006814637,0
Bronchitis,C047681,0.030395938,0
Bronchitis,D011239,0.10421377,0
Bronchitis,D011241,0.20242788,0
Bronchitis,D017265,0.08651219,0
Bronchitis,D011433,0.008901829,0
Bronchitis,C432165,0.014012477,0
Bronchitis,C030984,0.009145584,0
Bronchitis,D000077185,0.04542228,0
Bronchitis,C424423,0.02895123,0
Bronchitis,C099445,0.036304243,0
Bronchitis,D020156,0.04844186,0
Bronchitis,D000068299,0.76692414,1
Bronchitis,C060230,0.016604954,0
Bronchitis,D012980,0.19291873,0
Bronchitis,C012037,0.01044041,0
Bronchitis,D013311,0.28541088,0
Bronchitis,D013458,0.7361582,1
Bronchitis,D013578,0.19698355,0
Bronchitis,C028305,0.2252838,0
Bronchitis,D013645,0.5157915,0
Bronchitis,D013726,0.60291183,0
Bronchitis,D016593,0.022004941,0
Bronchitis,D013806,0.7482811,1
Bronchitis,D013806,0.7482811,1
Bronchitis,D013806,0.7482811,1
Bronchitis,D013806,0.7482811,1
Bronchitis,C095476,0.7482811,1
Bronchitis,C095476,0.7482811,1
Bronchitis,C095476,0.7482811,1
Bronchitis,C095476,0.7482811,1
Bronchitis,D013999,0.112996295,0
Bronchitis,D014051,0.024427334,0
Bronchitis,C012293,0.011845996,0
Bronchitis,D014212,0.009127802,0
Bronchitis,D014222,0.04270079,0
Bronchitis,D014260,0.041503027,0
Bronchitis,C015559,0.068195835,0
Bronchitis,D015662,0.8127041,1
Bronchitis,C010809,0.025931463,0
Bronchitis,C059141,0.011840812,0
Bronchitis,D014801,0.0074864137,0
Bronchitis,C062735,0.08171961,0
Bronchitis,C063449,0.03475836,0
Bronchitis,D015032,0.120501794,0
Bronchitis,C021183,0.47678393,0
Bronchitis,C027576,0.19136919,0
Bronchitis,D000086,0.079008356,0
Bronchitis,C542859,0.06596362,0
Bronchitis,D000171,0.2821467,0
Bronchitis,D002233,0.09062512,0
Bronchitis,C031180,0.026116677,0
Bronchitis,D017291,0.70471764,1
Bronchitis,D003404,0.21251388,0
Bronchitis,C506365,0.036179245,0
Bronchitis,C574213,0.03453477,0
Bronchitis,D004656,0.21344492,0
Bronchitis,D000077591,0.106557846,0
Bronchitis,C030809,0.04882092,0
Bronchitis,C030809,0.04882092,0
Bronchitis,C030809,0.04882092,0
Bronchitis,C030809,0.04882092,0
Bronchitis,D007650,0.023349596,0
Bronchitis,D009638,0.27088037,0
Bronchitis,C542398,0.013810176,0
Bronchitis,C003237,0.11451354,0
Bronchitis,D011794,0.064923525,0
Bronchitis,C583570,0.018760456,0
Bronchitis,D019821,0.015165281,0
Bronchitis,D013749,0.036167327,0
Bronchitis,D000069447,0.049516015,0
Bronchitis,C003330,0.05408371,0
Bronchitis,D014700,0.017033305,0
Bronchitis,D019980,0.66667557,0
Bronchitis,D000965,0.41183913,0
Bronchitis,C015001,0.5448514,0
Bronchitis,D001622,0.61053425,0
Bronchitis,C035978,0.6133415,0
Bronchitis,D020682,0.7206761,1
Bronchitis,D002511,0.4975837,0
Bronchitis,D003707,0.6505953,0
Bronchitis,D003931,0.4524792,0
Bronchitis,D004318,0.81896085,1
Bronchitis,D015365,0.49046847,0
Bronchitis,D008724,0.50232464,0
Bronchitis,D009538,0.4798977,0
Bronchitis,D015242,0.6920607,0
Bronchitis,D013752,0.7167438,1
Bronchitis,C066075,0.44386688,0
Bronchitis,C059528,0.0043706223,0
Bronchitis,C048927,0.15675819,0
Bronchitis,C062894,0.0056953556,0
Bronchitis,C031278,0.20876311,0
Bronchitis,C029536,0.1998463,0
Bronchitis,C000623021,0.06128208,0
Bronchitis,C088860,0.013001526,0
Bronchitis,C056165,0.28653213,0
Bronchitis,D000537,0.16828808,0
Bronchitis,C069471,0.023607295,0
Bronchitis,D000538,0.088640645,0
Bronchitis,D000583,0.06061884,0
Bronchitis,D000638,0.013627539,0
Bronchitis,D000666,0.05152656,0
Bronchitis,D000667,0.042676795,0
Bronchitis,C118790,0.028733734,0
Bronchitis,D017639,0.03925362,0
Bronchitis,D017638,0.028132617,0
Bronchitis,D017632,0.08959242,0
Bronchitis,D017963,0.11009835,0
Bronchitis,C011674,0.04144541,0
Bronchitis,D001761,0.0119535215,0
Bronchitis,D002084,0.020020308,0
Bronchitis,D019256,0.06980719,0
Bronchitis,D002110,0.18041869,0
Bronchitis,D002133,0.15020691,0
Bronchitis,D002211,0.006548298,0
Bronchitis,D002228,0.06679384,0
Bronchitis,D016190,0.10433645,0
Bronchitis,D002330,0.06887869,0
Bronchitis,C057710,0.053446665,0
Bronchitis,D002439,0.16047268,0
Bronchitis,D000097627,0.09897329,0
Bronchitis,D002442,0.14501695,0
Bronchitis,D002443,0.3075007,0
Bronchitis,D002444,0.33597574,0
Bronchitis,D002512,0.15885052,0
Bronchitis,C030583,0.1341523,0
Bronchitis,D002701,0.049937807,0
Bronchitis,D002791,0.008830127,0
Bronchitis,C034587,0.01876683,0
Bronchitis,D000077407,0.018984824,0
Bronchitis,D002939,0.15034401,0
Bronchitis,D002945,0.13425057,0
Bronchitis,D003035,0.023597734,0
Bronchitis,C060728,0.06482664,0
Bronchitis,D019327,0.2132375,0
Bronchitis,D016578,0.016355418,0
Bronchitis,D016578,0.016355418,0
Bronchitis,D016578,0.016355418,0
Bronchitis,D016578,0.016355418,0
Bronchitis,D000077547,0.013122661,0
Bronchitis,C030973,0.05658785,0
Bronchitis,C012260,0.1413939,0
Bronchitis,D003520,0.10483169,0
Bronchitis,D003561,0.09950341,0
Bronchitis,D003620,0.037305612,0
Bronchitis,D003622,0.05012722,0
Bronchitis,D003630,0.40827656,0
Bronchitis,D003891,0.016516197,0
Bronchitis,C027118,0.006896163,0
Bronchitis,D004061,0.010225102,0
Bronchitis,D004177,0.044937853,0
Bronchitis,D000077143,0.115196764,0
Bronchitis,D013759,0.007963845,0
Bronchitis,C044101,0.018677069,0
Bronchitis,C044101,0.018677069,0
Bronchitis,C044101,0.018677069,0
Bronchitis,C044101,0.018677069,0
Bronchitis,D004917,0.2643336,0
Bronchitis,D004929,0.19146267,0
Bronchitis,D000068338,0.021900348,0
Bronchitis,D005204,0.016656423,0
Bronchitis,D005473,0.00900568,0
Bronchitis,D000077156,0.037069544,0
Bronchitis,D000093542,0.04042257,0
Bronchitis,D005839,0.14903025,0
Bronchitis,C022944,0.15593256,0
Bronchitis,D007213,0.020642258,0
Bronchitis,D007501,0.024508173,0
Bronchitis,D000077213,0.049046196,0
Bronchitis,D000069349,0.14598851,0
Bronchitis,C068538,0.05152656,0
Bronchitis,D008345,0.024508173,0
Bronchitis,D008466,0.3093308,0
Bronchitis,D000077731,0.045049746,0
Bronchitis,D008802,0.2202882,0
Bronchitis,D000077551,0.027117733,0
Bronchitis,D008911,0.44847178,0
Bronchitis,D000077266,0.16108137,0
Bronchitis,C055172,0.0910672,0
Bronchitis,C043836,0.06883667,0
Bronchitis,C005274,0.16921057,0
Bronchitis,D009525,0.33039096,0
Bronchitis,D009532,0.023597734,0
Bronchitis,C028007,0.049447868,0
Bronchitis,C029938,0.17059252,0
Bronchitis,D010100,0.056305412,0
Bronchitis,D017239,0.069310665,0
Bronchitis,D000068437,0.24402775,0
Bronchitis,D010400,0.030253293,0
Bronchitis,D010406,0.030253293,0
Bronchitis,C036567,0.01458384,0
Bronchitis,D010615,0.16283748,0
Bronchitis,D010878,0.19958045,0
Bronchitis,D010894,0.014051697,0
Bronchitis,D011791,0.020872504,0
Bronchitis,D011791,0.020872504,0
Bronchitis,D011791,0.020872504,0
Bronchitis,D011791,0.020872504,0
Bronchitis,C062940,0.070188075,0
Bronchitis,D019782,0.026462967,0
Bronchitis,D000077154,0.02416103,0
Bronchitis,C000626046,0.013344584,0
Bronchitis,C076944,0.05027609,0
Bronchitis,D000068677,0.2257891,0
Bronchitis,D012822,0.020872504,0
Bronchitis,D012822,0.020872504,0
Bronchitis,D012822,0.020872504,0
Bronchitis,D012822,0.020872504,0
Bronchitis,D012835,0.15581828,0
Bronchitis,D020123,0.02534189,0
Bronchitis,D018038,0.16183464,0
Bronchitis,C525002,0.038409486,0
Bronchitis,D013256,0.015580487,0
Bronchitis,D013307,0.0715655,0
Bronchitis,D020058,0.110244475,0
Bronchitis,D012460,0.19425909,0
Bronchitis,D013654,0.07915477,0
Bronchitis,C009495,0.07457257,0
Bronchitis,D014031,0.14142255,0
Bronchitis,C001899,0.2065238,0
Bronchitis,C011765,0.23914935,0
Bronchitis,D014414,0.07463222,0
Bronchitis,D014580,0.017943157,0
Bronchitis,C070272,0.023069702,0
Bronchitis,D014639,0.02841017,0
Bronchitis,D014640,0.03028616,0
Bronchitis,D000069470,0.036637392,0
Bronchitis,D014747,0.027717758,0
Bronchitis,D065819,0.11537651,0
Bronchitis,D000077337,0.04390646,0
Bronchitis,C085514,0.016690971,0
Bronchitis,C023616,0.22008118,0
Bronchitis,D015034,0.06633063,0
Bronchitis,D019287,0.18342328,0
Bronchitis,D047310,0.052200902,0
Bronchitis,D016589,0.013821051,0
Bronchitis,D001280,0.019148296,0
Bronchitis,C002003,0.028966242,0
Bronchitis,C051082,0.019602733,0
Bronchitis,C004600,0.023257712,0
Bronchitis,D017332,0.04050466,0
Bronchitis,D004390,0.014940832,0
Bronchitis,C121345,0.021964714,0
Bronchitis,D003996,0.043761283,0
Bronchitis,D004051,0.009534069,0
Bronchitis,D004117,0.05765996,0
Bronchitis,D017308,0.016870536,0
Bronchitis,C093230,0.014800885,0
Bronchitis,C085278,0.2521591,0
Bronchitis,C472067,0.04050466,0
Bronchitis,C479069,0.010311267,0
Bronchitis,C080276,0.034238387,0
Bronchitis,C012655,0.01117616,0
Bronchitis,C025256,0.015162624,0
Bronchitis,D010109,0.013125143,0
Bronchitis,D010846,0.031191213,0
Bronchitis,D011722,0.16058941,0
Bronchitis,D019257,0.025614373,0
Bronchitis,C063119,0.013302591,0
Bronchitis,C025759,0.13228899,0
Bronchitis,D012839,0.026107771,0
Bronchitis,C032742,0.016699128,0
Bronchitis,D014274,0.015028781,0
Bronchitis,D014859,0.01608012,0
Bronchitis,D002066,0.060662925,0
Bronchitis,D003609,0.072382055,0
Bronchitis,D005047,0.29632252,0
Bronchitis,D006918,0.17120641,0
Bronchitis,D007069,0.07640008,0
Bronchitis,D008130,0.026238946,0
Bronchitis,C023617,0.026478788,0
Bronchitis,C048629,0.12745363,0
Bronchitis,D014750,0.03147573,0
Bronchitis,D014751,0.1410539,0
"Carcinoma, Bronchogenic",C015262,0.025857076,0
"Carcinoma, Bronchogenic",C033146,0.03653578,0
"Carcinoma, Bronchogenic",C041507,0.012701589,0
"Carcinoma, Bronchogenic",D015084,0.2723191,0
"Carcinoma, Bronchogenic",C539252,0.06728156,0
"Carcinoma, Bronchogenic",C005969,0.035551753,0
"Carcinoma, Bronchogenic",C018511,0.012161191,0
"Carcinoma, Bronchogenic",C008450,0.031038547,0
"Carcinoma, Bronchogenic",C075750,0.022525283,0
"Carcinoma, Bronchogenic",D000079,0.012323981,0
"Carcinoma, Bronchogenic",D000082,0.021373874,0
"Carcinoma, Bronchogenic",D000109,0.028110037,0
"Carcinoma, Bronchogenic",D000241,0.05974807,0
"Carcinoma, Bronchogenic",D000420,0.18862748,0
"Carcinoma, Bronchogenic",D000448,0.031110942,0
"Carcinoma, Bronchogenic",D000536,0.10552712,0
"Carcinoma, Bronchogenic",C077110,0.24537823,0
"Carcinoma, Bronchogenic",D000628,0.22996338,0
"Carcinoma, Bronchogenic",C094049,0.01327054,0
"Carcinoma, Bronchogenic",D001151,0.06158657,0
"Carcinoma, Bronchogenic",D000077237,0.01672519,0
"Carcinoma, Bronchogenic",D000077332,0.018858254,0
"Carcinoma, Bronchogenic",D001241,0.030171689,0
"Carcinoma, Bronchogenic",C047766,0.05538384,0
"Carcinoma, Bronchogenic",D001507,0.07300721,0
"Carcinoma, Bronchogenic",D001564,0.025042908,0
"Carcinoma, Bronchogenic",D001572,0.018281981,0
"Carcinoma, Bronchogenic",D047071,0.0370109,0
"Carcinoma, Bronchogenic",C006780,0.21936892,0
"Carcinoma, Bronchogenic",C512161,0.029631019,0
"Carcinoma, Bronchogenic",C011685,0.010753134,0
"Carcinoma, Bronchogenic",C053342,0.17137577,0
"Carcinoma, Bronchogenic",D019819,0.022057872,0
"Carcinoma, Bronchogenic",C023898,0.048782617,0
"Carcinoma, Bronchogenic",C027561,0.021937367,0
"Carcinoma, Bronchogenic",D002104,0.06425787,0
"Carcinoma, Bronchogenic",D002215,0.03471605,0
"Carcinoma, Bronchogenic",D002219,0.03708605,0
"Carcinoma, Bronchogenic",D012721,0.040802564,0
"Carcinoma, Bronchogenic",D002231,0.017351614,0
"Carcinoma, Bronchogenic",D002244,0.006777107,0
"Carcinoma, Bronchogenic",D002246,0.029074235,0
"Carcinoma, Bronchogenic",D002248,0.028828844,0
"Carcinoma, Bronchogenic",D002251,0.017308472,0
"Carcinoma, Bronchogenic",D002706,0.025659798,0
"Carcinoma, Bronchogenic",D002840,0.07659796,0
"Carcinoma, Bronchogenic",C433247,0.02008878,0
"Carcinoma, Bronchogenic",D003042,0.027700203,0
"Carcinoma, Bronchogenic",D003042,0.027700203,0
"Carcinoma, Bronchogenic",D003042,0.027700203,0
"Carcinoma, Bronchogenic",D003042,0.027700203,0
"Carcinoma, Bronchogenic",D003372,0.014320961,0
"Carcinoma, Bronchogenic",D004205,0.045953307,0
"Carcinoma, Bronchogenic",D000242,0.06593082,0
"Carcinoma, Bronchogenic",D003634,0.0113606965,0
"Carcinoma, Bronchogenic",D000077209,0.039173484,0
"Carcinoma, Bronchogenic",D003907,0.110487886,0
"Carcinoma, Bronchogenic",D003915,0.024037825,0
"Carcinoma, Bronchogenic",D003976,0.02737998,0
"Carcinoma, Bronchogenic",D004139,0.03480242,0
"Carcinoma, Bronchogenic",C051309,0.027140247,0
"Carcinoma, Bronchogenic",C029797,0.043474212,0
"Carcinoma, Bronchogenic",D004642,0.08516073,0
"Carcinoma, Bronchogenic",D004731,0.03220216,0
"Carcinoma, Bronchogenic",D004731,0.03220216,0
"Carcinoma, Bronchogenic",D004731,0.03220216,0
"Carcinoma, Bronchogenic",D004731,0.03220216,0
"Carcinoma, Bronchogenic",C034347,0.06558475,0
"Carcinoma, Bronchogenic",D004809,0.021811027,0
"Carcinoma, Bronchogenic",C045651,0.028210195,0
"Carcinoma, Bronchogenic",D004837,0.173651,0
"Carcinoma, Bronchogenic",C036251,0.02305356,0
"Carcinoma, Bronchogenic",D015946,0.014807053,0
"Carcinoma, Bronchogenic",D005280,0.050801173,0
"Carcinoma, Bronchogenic",D005280,0.050801173,0
"Carcinoma, Bronchogenic",D005280,0.050801173,0
"Carcinoma, Bronchogenic",D005280,0.050801173,0
"Carcinoma, Bronchogenic",D016576,0.055505827,0
"Carcinoma, Bronchogenic",C007734,0.032373723,0
"Carcinoma, Bronchogenic",D000068298,0.023129378,0
"Carcinoma, Bronchogenic",D000068297,0.07292009,0
"Carcinoma, Bronchogenic",D005557,0.007618037,0
"Carcinoma, Bronchogenic",D000068759,0.18332405,0
"Carcinoma, Bronchogenic",C572629,0.016133001,0
"Carcinoma, Bronchogenic",C105311,0.031087574,0
"Carcinoma, Bronchogenic",D024504,0.010398191,0
"Carcinoma, Bronchogenic",C007836,0.06167269,0
"Carcinoma, Bronchogenic",D005978,0.0753428,0
"Carcinoma, Bronchogenic",D006024,0.091045596,0
"Carcinoma, Bronchogenic",D000097797,0.36852086,0
"Carcinoma, Bronchogenic",D006140,0.030168483,0
"Carcinoma, Bronchogenic",D006221,0.026021378,0
"Carcinoma, Bronchogenic",D006533,0.03263234,0
"Carcinoma, Bronchogenic",D003932,0.030249426,0
"Carcinoma, Bronchogenic",D001556,0.25374913,0
"Carcinoma, Bronchogenic",D006632,0.029498935,0
"Carcinoma, Bronchogenic",D006854,0.044414796,0
"Carcinoma, Bronchogenic",D006862,0.00713658,0
"Carcinoma, Bronchogenic",D007052,0.059921477,0
"Carcinoma, Bronchogenic",D009241,0.085573606,0
"Carcinoma, Bronchogenic",D007545,0.15756674,0
"Carcinoma, Bronchogenic",D007660,0.025148798,0
"Carcinoma, Bronchogenic",D007665,0.105597734,0
"Carcinoma, Bronchogenic",D064747,0.026340941,0
"Carcinoma, Bronchogenic",D007975,0.01171294,0
"Carcinoma, Bronchogenic",D017997,0.046988305,0
"Carcinoma, Bronchogenic",D017998,0.024188465,0
"Carcinoma, Bronchogenic",C000630836,0.045348305,0
"Carcinoma, Bronchogenic",D017336,0.042855825,0
"Carcinoma, Bronchogenic",D008294,0.071273535,0
"Carcinoma, Bronchogenic",D008628,0.014862316,0
"Carcinoma, Bronchogenic",D009921,0.13107282,0
"Carcinoma, Bronchogenic",D016210,0.026710102,0
"Carcinoma, Bronchogenic",D008727,0.79530394,1
"Carcinoma, Bronchogenic",D008775,0.12162213,0
"Carcinoma, Bronchogenic",D008787,0.030154832,0
"Carcinoma, Bronchogenic",D000068656,0.021153785,0
"Carcinoma, Bronchogenic",C093875,0.011148781,0
"Carcinoma, Bronchogenic",D009151,0.14515552,0
"Carcinoma, Bronchogenic",D017835,0.027138622,0
"Carcinoma, Bronchogenic",D009529,0.019337881,0
"Carcinoma, Bronchogenic",D009543,0.030769866,0
"Carcinoma, Bronchogenic",D009566,0.050919663,0
"Carcinoma, Bronchogenic",D009569,0.03091898,0
"Carcinoma, Bronchogenic",D009585,0.3382196,0
"Carcinoma, Bronchogenic",C017590,0.022172807,0
"Carcinoma, Bronchogenic",D010126,0.28424698,0
"Carcinoma, Bronchogenic",D010269,0.034600403,0
"Carcinoma, Bronchogenic",D010278,0.04175493,0
"Carcinoma, Bronchogenic",C030856,0.011393445,0
"Carcinoma, Bronchogenic",C101816,0.011890145,0
"Carcinoma, Bronchogenic",C076994,0.017590754,0
"Carcinoma, Bronchogenic",D026023,0.04524503,0
"Carcinoma, Bronchogenic",C031181,0.010419189,0
"Carcinoma, Bronchogenic",D010634,0.029613577,0
"Carcinoma, Bronchogenic",D010702,0.255476,0
"Carcinoma, Bronchogenic",D058988,0.053681254,0
"Carcinoma, Bronchogenic",C043103,0.017345972,0
"Carcinoma, Bronchogenic",D010972,0.0070736175,0
"Carcinoma, Bronchogenic",C047681,0.047109388,0
"Carcinoma, Bronchogenic",D011239,0.053754043,0
"Carcinoma, Bronchogenic",D011241,0.10465949,0
"Carcinoma, Bronchogenic",D017265,0.031987112,0
"Carcinoma, Bronchogenic",D011433,0.02897806,0
"Carcinoma, Bronchogenic",C432165,0.06964045,0
"Carcinoma, Bronchogenic",C030984,0.013837785,0
"Carcinoma, Bronchogenic",D000077185,0.09919041,0
"Carcinoma, Bronchogenic",C424423,0.046261113,0
"Carcinoma, Bronchogenic",C099445,0.021290079,0
"Carcinoma, Bronchogenic",D020156,0.016848326,0
"Carcinoma, Bronchogenic",D000068299,0.16345099,0
"Carcinoma, Bronchogenic",C060230,0.016322449,0
"Carcinoma, Bronchogenic",D012980,0.022119457,0
"Carcinoma, Bronchogenic",C012037,0.053160433,0
"Carcinoma, Bronchogenic",D013311,0.5855525,0
"Carcinoma, Bronchogenic",D013458,0.31622157,0
"Carcinoma, Bronchogenic",D013578,0.026522078,0
"Carcinoma, Bronchogenic",C028305,0.055857077,0
"Carcinoma, Bronchogenic",D013645,0.07258796,0
"Carcinoma, Bronchogenic",D013726,0.24833919,0
"Carcinoma, Bronchogenic",D016593,0.03023995,0
"Carcinoma, Bronchogenic",D013806,0.09185616,0
"Carcinoma, Bronchogenic",D013806,0.09185616,0
"Carcinoma, Bronchogenic",D013806,0.09185616,0
"Carcinoma, Bronchogenic",D013806,0.09185616,0
"Carcinoma, Bronchogenic",C095476,0.09185616,0
"Carcinoma, Bronchogenic",C095476,0.09185616,0
"Carcinoma, Bronchogenic",C095476,0.09185616,0
"Carcinoma, Bronchogenic",C095476,0.09185616,0
"Carcinoma, Bronchogenic",D013999,0.074965216,0
"Carcinoma, Bronchogenic",D014051,0.016009064,0
"Carcinoma, Bronchogenic",C012293,0.020279368,0
"Carcinoma, Bronchogenic",D014212,0.01957186,0
"Carcinoma, Bronchogenic",D014222,0.037802283,0
"Carcinoma, Bronchogenic",D014260,0.11142831,0
"Carcinoma, Bronchogenic",C015559,0.022752102,0
"Carcinoma, Bronchogenic",D015662,0.25617203,0
"Carcinoma, Bronchogenic",C010809,0.11799565,0
"Carcinoma, Bronchogenic",C059141,0.016113333,0
"Carcinoma, Bronchogenic",D014801,0.015172474,0
"Carcinoma, Bronchogenic",C062735,0.1137988,0
"Carcinoma, Bronchogenic",C063449,0.05121658,0
"Carcinoma, Bronchogenic",D015032,0.032392632,0
"Carcinoma, Bronchogenic",C021183,0.041592397,0
"Carcinoma, Bronchogenic",C027576,0.038293377,0
"Carcinoma, Bronchogenic",D000086,0.17503141,0
"Carcinoma, Bronchogenic",C542859,0.034009222,0
"Carcinoma, Bronchogenic",D000171,0.038663693,0
"Carcinoma, Bronchogenic",D002233,0.11542517,0
"Carcinoma, Bronchogenic",C031180,0.084113225,0
"Carcinoma, Bronchogenic",D017291,0.5145953,0
"Carcinoma, Bronchogenic",D003404,0.117037326,0
"Carcinoma, Bronchogenic",C506365,0.021290943,0
"Carcinoma, Bronchogenic",C574213,0.028717976,0
"Carcinoma, Bronchogenic",D004656,0.075533345,0
"Carcinoma, Bronchogenic",D000077591,0.02854415,0
"Carcinoma, Bronchogenic",C030809,0.050801173,0
"Carcinoma, Bronchogenic",C030809,0.050801173,0
"Carcinoma, Bronchogenic",C030809,0.050801173,0
"Carcinoma, Bronchogenic",C030809,0.050801173,0
"Carcinoma, Bronchogenic",D007650,0.018098203,0
"Carcinoma, Bronchogenic",D009638,0.08232663,0
"Carcinoma, Bronchogenic",C542398,0.022332339,0
"Carcinoma, Bronchogenic",C003237,0.062120903,0
"Carcinoma, Bronchogenic",D011794,0.041620318,0
"Carcinoma, Bronchogenic",C583570,0.040560745,0
"Carcinoma, Bronchogenic",D019821,0.018653145,0
"Carcinoma, Bronchogenic",D013749,0.14843199,0
"Carcinoma, Bronchogenic",D000069447,0.017698523,0
"Carcinoma, Bronchogenic",C003330,0.02151829,0
"Carcinoma, Bronchogenic",D014700,0.02407268,0
"Carcinoma, Bronchogenic",D019980,0.15286873,0
"Carcinoma, Bronchogenic",D000965,0.024955181,0
"Carcinoma, Bronchogenic",C015001,0.035650983,0
"Carcinoma, Bronchogenic",D001622,0.04535088,0
"Carcinoma, Bronchogenic",C035978,0.18799673,0
"Carcinoma, Bronchogenic",D020682,0.13979158,0
"Carcinoma, Bronchogenic",D002511,0.080198094,0
"Carcinoma, Bronchogenic",D003707,0.037972447,0
"Carcinoma, Bronchogenic",D003931,0.06293916,0
"Carcinoma, Bronchogenic",D004318,0.07578456,0
"Carcinoma, Bronchogenic",D015365,0.052789457,0
"Carcinoma, Bronchogenic",D008724,0.05275859,0
"Carcinoma, Bronchogenic",D009538,0.026525352,0
"Carcinoma, Bronchogenic",D015242,0.05545805,0
"Carcinoma, Bronchogenic",D013752,0.09967748,0
"Carcinoma, Bronchogenic",C066075,0.0848667,0
"Carcinoma, Bronchogenic",C059528,0.009443839,0
"Carcinoma, Bronchogenic",C048927,0.11194162,0
"Carcinoma, Bronchogenic",C062894,0.012884897,0
"Carcinoma, Bronchogenic",C031278,0.018054739,0
"Carcinoma, Bronchogenic",C029536,0.039571624,0
"Carcinoma, Bronchogenic",C000623021,0.034938496,0
"Carcinoma, Bronchogenic",C088860,0.018596599,0
"Carcinoma, Bronchogenic",C056165,0.030033685,0
"Carcinoma, Bronchogenic",D000537,0.018348413,0
"Carcinoma, Bronchogenic",C069471,0.0117427185,0
"Carcinoma, Bronchogenic",D000538,0.02599137,0
"Carcinoma, Bronchogenic",D000583,0.021442147,0
"Carcinoma, Bronchogenic",D000638,0.014313385,0
"Carcinoma, Bronchogenic",D000666,0.0746745,0
"Carcinoma, Bronchogenic",D000667,0.012623582,0
"Carcinoma, Bronchogenic",C118790,0.036855966,0
"Carcinoma, Bronchogenic",D017639,0.009784814,0
"Carcinoma, Bronchogenic",D017638,0.049706466,0
"Carcinoma, Bronchogenic",D017632,0.52504754,0
"Carcinoma, Bronchogenic",D017963,0.19521792,0
"Carcinoma, Bronchogenic",C011674,0.060031723,0
"Carcinoma, Bronchogenic",D001761,0.022785308,0
"Carcinoma, Bronchogenic",D002084,0.033917576,0
"Carcinoma, Bronchogenic",D019256,0.011242095,0
"Carcinoma, Bronchogenic",D002110,0.04002795,0
"Carcinoma, Bronchogenic",D002133,0.045125697,0
"Carcinoma, Bronchogenic",D002211,0.024650097,0
"Carcinoma, Bronchogenic",D002228,0.020322563,0
"Carcinoma, Bronchogenic",D016190,0.7781447,1
"Carcinoma, Bronchogenic",D002330,0.103406854,0
"Carcinoma, Bronchogenic",C057710,0.023525193,0
"Carcinoma, Bronchogenic",D002439,0.05882246,0
"Carcinoma, Bronchogenic",D000097627,0.025309687,0
"Carcinoma, Bronchogenic",D002442,0.046703987,0
"Carcinoma, Bronchogenic",D002443,0.074466534,0
"Carcinoma, Bronchogenic",D002444,0.0466834,0
"Carcinoma, Bronchogenic",D002512,0.057415787,0
"Carcinoma, Bronchogenic",C030583,0.016736902,0
"Carcinoma, Bronchogenic",D002701,0.031863216,0
"Carcinoma, Bronchogenic",D002791,0.010931809,0
"Carcinoma, Bronchogenic",C034587,0.045474127,0
"Carcinoma, Bronchogenic",D000077407,0.026127188,0
"Carcinoma, Bronchogenic",D002939,0.023684256,0
"Carcinoma, Bronchogenic",D002945,0.71335113,1
"Carcinoma, Bronchogenic",D003035,0.0049825674,0
"Carcinoma, Bronchogenic",C060728,0.24836631,0
"Carcinoma, Bronchogenic",D019327,0.06682816,0
"Carcinoma, Bronchogenic",D016578,0.027700203,0
"Carcinoma, Bronchogenic",D016578,0.027700203,0
"Carcinoma, Bronchogenic",D016578,0.027700203,0
"Carcinoma, Bronchogenic",D016578,0.027700203,0
"Carcinoma, Bronchogenic",D000077547,0.017724697,0
"Carcinoma, Bronchogenic",C030973,0.009974582,0
"Carcinoma, Bronchogenic",C012260,0.09961951,0
"Carcinoma, Bronchogenic",D003520,0.7085331,1
"Carcinoma, Bronchogenic",D003561,0.09704473,0
"Carcinoma, Bronchogenic",D003620,0.018833028,0
"Carcinoma, Bronchogenic",D003622,0.0603502,0
"Carcinoma, Bronchogenic",D003630,0.054246217,0
"Carcinoma, Bronchogenic",D003891,0.031289853,0
"Carcinoma, Bronchogenic",C027118,0.02079892,0
"Carcinoma, Bronchogenic",D004061,0.0346922,0
"Carcinoma, Bronchogenic",D004177,0.02189241,0
"Carcinoma, Bronchogenic",D000077143,0.09111724,0
"Carcinoma, Bronchogenic",D013759,0.012614367,0
"Carcinoma, Bronchogenic",C044101,0.03220216,0
"Carcinoma, Bronchogenic",C044101,0.03220216,0
"Carcinoma, Bronchogenic",C044101,0.03220216,0
"Carcinoma, Bronchogenic",C044101,0.03220216,0
"Carcinoma, Bronchogenic",D004917,0.26424426,0
"Carcinoma, Bronchogenic",D004929,0.030414559,0
"Carcinoma, Bronchogenic",D000068338,0.1608903,0
"Carcinoma, Bronchogenic",D005204,0.032285307,0
"Carcinoma, Bronchogenic",D005473,0.028114324,0
"Carcinoma, Bronchogenic",D000077156,0.01987271,0
"Carcinoma, Bronchogenic",D000093542,0.08880387,0
"Carcinoma, Bronchogenic",D005839,0.038878642,0
"Carcinoma, Bronchogenic",C022944,0.026227886,0
"Carcinoma, Bronchogenic",D007213,0.019523734,0
"Carcinoma, Bronchogenic",D007501,0.0052177142,0
"Carcinoma, Bronchogenic",D000077213,0.061129525,0
"Carcinoma, Bronchogenic",D000069349,0.02659991,0
"Carcinoma, Bronchogenic",C068538,0.0746745,0
"Carcinoma, Bronchogenic",D008345,0.0052177142,0
"Carcinoma, Bronchogenic",D008466,0.02194061,0
"Carcinoma, Bronchogenic",D000077731,0.025712913,0
"Carcinoma, Bronchogenic",D008802,0.03364137,0
"Carcinoma, Bronchogenic",D000077551,0.06566288,0
"Carcinoma, Bronchogenic",D008911,0.0957292,0
"Carcinoma, Bronchogenic",D000077266,0.019539919,0
"Carcinoma, Bronchogenic",C055172,0.022339424,0
"Carcinoma, Bronchogenic",C043836,0.023075743,0
"Carcinoma, Bronchogenic",C005274,0.037635885,0
"Carcinoma, Bronchogenic",D009525,0.024203394,0
"Carcinoma, Bronchogenic",D009532,0.0049825674,0
"Carcinoma, Bronchogenic",C028007,0.012302919,0
"Carcinoma, Bronchogenic",C029938,0.050358184,0
"Carcinoma, Bronchogenic",D010100,0.01575288,0
"Carcinoma, Bronchogenic",D017239,0.13119468,0
"Carcinoma, Bronchogenic",D000068437,0.045817938,0
"Carcinoma, Bronchogenic",D010400,0.013808949,0
"Carcinoma, Bronchogenic",D010406,0.013808949,0
"Carcinoma, Bronchogenic",C036567,0.016490975,0
"Carcinoma, Bronchogenic",D010615,0.03725912,0
"Carcinoma, Bronchogenic",D010878,0.043226443,0
"Carcinoma, Bronchogenic",D010894,0.021836448,0
"Carcinoma, Bronchogenic",D011791,0.007469893,0
"Carcinoma, Bronchogenic",D011791,0.007469893,0
"Carcinoma, Bronchogenic",D011791,0.007469893,0
"Carcinoma, Bronchogenic",D011791,0.007469893,0
"Carcinoma, Bronchogenic",C062940,0.088482335,0
"Carcinoma, Bronchogenic",D019782,0.14491187,0
"Carcinoma, Bronchogenic",D000077154,0.0519474,0
"Carcinoma, Bronchogenic",C000626046,0.014681806,0
"Carcinoma, Bronchogenic",C076944,0.036140166,0
"Carcinoma, Bronchogenic",D000068677,0.07883343,0
"Carcinoma, Bronchogenic",D012822,0.007469893,0
"Carcinoma, Bronchogenic",D012822,0.007469893,0
"Carcinoma, Bronchogenic",D012822,0.007469893,0
"Carcinoma, Bronchogenic",D012822,0.007469893,0
"Carcinoma, Bronchogenic",D012835,0.019101826,0
"Carcinoma, Bronchogenic",D020123,0.17988741,0
"Carcinoma, Bronchogenic",D018038,0.0191081,0
"Carcinoma, Bronchogenic",C525002,0.049548868,0
"Carcinoma, Bronchogenic",D013256,0.020625245,0
"Carcinoma, Bronchogenic",D013307,0.028847734,0
"Carcinoma, Bronchogenic",D020058,0.024481209,0
"Carcinoma, Bronchogenic",D012460,0.028528472,0
"Carcinoma, Bronchogenic",D013654,0.059201766,0
"Carcinoma, Bronchogenic",C009495,0.021152705,0
"Carcinoma, Bronchogenic",D014031,0.028324412,0
"Carcinoma, Bronchogenic",C001899,0.04133029,0
"Carcinoma, Bronchogenic",C011765,0.044632718,0
"Carcinoma, Bronchogenic",D014414,0.011557659,0
"Carcinoma, Bronchogenic",D014580,0.014706896,0
"Carcinoma, Bronchogenic",C070272,0.06446149,0
"Carcinoma, Bronchogenic",D014639,0.0057142833,0
"Carcinoma, Bronchogenic",D014640,0.058913443,0
"Carcinoma, Bronchogenic",D000069470,0.04049332,0
"Carcinoma, Bronchogenic",D014747,0.44242126,0
"Carcinoma, Bronchogenic",D065819,0.02240448,0
"Carcinoma, Bronchogenic",D000077337,0.04326516,0
"Carcinoma, Bronchogenic",C085514,0.021327443,0
"Carcinoma, Bronchogenic",C023616,0.08966125,0
"Carcinoma, Bronchogenic",D015034,0.010338125,0
"Carcinoma, Bronchogenic",D019287,0.05403372,0
"Carcinoma, Bronchogenic",D047310,0.027675685,0
"Carcinoma, Bronchogenic",D016589,0.016151994,0
"Carcinoma, Bronchogenic",D001280,0.08924782,0
"Carcinoma, Bronchogenic",C002003,0.04536651,0
"Carcinoma, Bronchogenic",C051082,0.03965869,0
"Carcinoma, Bronchogenic",C004600,0.023047268,0
"Carcinoma, Bronchogenic",D017332,0.01938781,0
"Carcinoma, Bronchogenic",D004390,0.026880194,0
"Carcinoma, Bronchogenic",C121345,0.12288058,0
"Carcinoma, Bronchogenic",D003996,0.1534072,0
"Carcinoma, Bronchogenic",D004051,0.012844779,0
"Carcinoma, Bronchogenic",D004117,0.30392548,0
"Carcinoma, Bronchogenic",D017308,0.033261076,0
"Carcinoma, Bronchogenic",C093230,0.020773748,0
"Carcinoma, Bronchogenic",C085278,0.1995723,0
"Carcinoma, Bronchogenic",C472067,0.01938781,0
"Carcinoma, Bronchogenic",C479069,0.02405049,0
"Carcinoma, Bronchogenic",C080276,0.024575202,0
"Carcinoma, Bronchogenic",C012655,0.025325378,0
"Carcinoma, Bronchogenic",C025256,0.032457177,0
"Carcinoma, Bronchogenic",D010109,0.027454339,0
"Carcinoma, Bronchogenic",D010846,0.2874514,0
"Carcinoma, Bronchogenic",D011722,0.07357961,0
"Carcinoma, Bronchogenic",D019257,0.037298504,0
"Carcinoma, Bronchogenic",C063119,0.023184787,0
"Carcinoma, Bronchogenic",C025759,0.2559301,0
"Carcinoma, Bronchogenic",D012839,0.03238165,0
"Carcinoma, Bronchogenic",C032742,0.38734066,0
"Carcinoma, Bronchogenic",D014274,0.01636247,0
"Carcinoma, Bronchogenic",D014859,0.028940614,0
"Carcinoma, Bronchogenic",D002066,0.46774337,0
"Carcinoma, Bronchogenic",D003609,0.49548748,0
"Carcinoma, Bronchogenic",D005047,0.47465461,0
"Carcinoma, Bronchogenic",D006918,0.4456477,0
"Carcinoma, Bronchogenic",D007069,0.6452763,0
"Carcinoma, Bronchogenic",D008130,0.42830122,0
"Carcinoma, Bronchogenic",C023617,0.24997205,0
"Carcinoma, Bronchogenic",C048629,0.48001105,0
"Carcinoma, Bronchogenic",D014750,0.66834277,0
"Carcinoma, Bronchogenic",D014751,0.7033598,1
Pneumonia,C015262,0.2830094,0
Pneumonia,C033146,0.24634008,0
Pneumonia,C041507,0.13711004,0
Pneumonia,D015084,0.66154754,0
Pneumonia,C539252,0.7905823,1
Pneumonia,C005969,0.38867682,0
Pneumonia,C018511,0.33775255,0
Pneumonia,C008450,0.46029693,0
Pneumonia,C075750,0.2764589,0
Pneumonia,D000079,0.7768931,1
Pneumonia,D000082,0.41438746,0
Pneumonia,D000109,0.6443754,0
Pneumonia,D000241,0.47696942,0
Pneumonia,D000420,0.41767842,0
Pneumonia,D000448,0.41123495,0
Pneumonia,D000536,0.93261707,1
Pneumonia,C077110,0.7085479,1
Pneumonia,D000628,0.77189106,1
Pneumonia,C094049,0.2755908,0
Pneumonia,D001151,0.9769273,1
Pneumonia,D000077237,0.7684754,1
Pneumonia,D000077332,0.4764694,0
Pneumonia,D001241,0.44345647,0
Pneumonia,C047766,0.8279839,1
Pneumonia,D001507,0.7651745,1
Pneumonia,D001564,0.10989527,0
Pneumonia,D001572,0.37644506,0
Pneumonia,D047071,0.8467957,1
Pneumonia,C006780,0.8463835,1
Pneumonia,C512161,0.27291158,0
Pneumonia,C011685,0.29522532,0
Pneumonia,C053342,0.6086021,0
Pneumonia,D019819,0.3879943,0
Pneumonia,C023898,0.2551547,0
Pneumonia,C027561,0.52096486,0
Pneumonia,D002104,0.96528494,1
Pneumonia,D002215,0.27251694,0
Pneumonia,D002219,0.73152983,1
Pneumonia,D012721,0.475545,0
Pneumonia,D002231,0.38280472,0
Pneumonia,D002244,0.65953606,0
Pneumonia,D002246,0.816117,1
Pneumonia,D002248,0.830322,1
Pneumonia,D002251,0.47651964,0
Pneumonia,D002706,0.14137138,0
Pneumonia,D002840,0.8338816,1
Pneumonia,C433247,0.70416147,1
Pneumonia,D003042,0.85989857,1
Pneumonia,D003042,0.85989857,1
Pneumonia,D003042,0.85989857,1
Pneumonia,D003042,0.85989857,1
Pneumonia,D003372,0.5040948,0
Pneumonia,D004205,0.7017304,1
Pneumonia,D000242,0.8674286,1
Pneumonia,D003634,0.3947157,0
Pneumonia,D000077209,0.46664518,0
Pneumonia,D003907,0.91982025,1
Pneumonia,D003915,0.35366374,0
Pneumonia,D003976,0.32913354,0
Pneumonia,D004139,0.5677014,0
Pneumonia,C051309,0.61636275,0
Pneumonia,C029797,0.57361805,0
Pneumonia,D004642,0.38855475,0
Pneumonia,D004731,0.818409,1
Pneumonia,D004731,0.818409,1
Pneumonia,D004731,0.818409,1
Pneumonia,D004731,0.818409,1
Pneumonia,C034347,0.66770846,0
Pneumonia,D004809,0.48689586,0
Pneumonia,C045651,0.6963614,0
Pneumonia,D004837,0.47101787,0
Pneumonia,C036251,0.2546173,0
Pneumonia,D015946,0.72539335,1
Pneumonia,D005280,0.16022222,0
Pneumonia,D005280,0.16022222,0
Pneumonia,D005280,0.16022222,0
Pneumonia,D005280,0.16022222,0
Pneumonia,D016576,0.8693694,1
Pneumonia,C007734,0.48477966,0
Pneumonia,D000068298,0.502829,0
Pneumonia,D000068297,0.77304554,1
Pneumonia,D005557,0.9038344,1
Pneumonia,D000068759,0.9646631,1
Pneumonia,C572629,0.5931458,0
Pneumonia,C105311,0.4375515,0
Pneumonia,D024504,0.47505635,0
Pneumonia,C007836,0.71959513,1
Pneumonia,D005978,0.46071264,0
Pneumonia,D006024,0.8185313,1
Pneumonia,D000097797,0.87859637,1
Pneumonia,D006140,0.3288238,0
Pneumonia,D006221,0.5281162,0
Pneumonia,D006533,0.1627332,0
Pneumonia,D003932,0.698322,0
Pneumonia,D001556,0.16763651,0
Pneumonia,D006632,0.5230543,0
Pneumonia,D006854,0.8334281,1
Pneumonia,D006862,0.61063564,0
Pneumonia,D007052,0.36748108,0
Pneumonia,D009241,0.8750528,1
Pneumonia,D007545,0.23159082,0
Pneumonia,D007660,0.4026308,0
Pneumonia,D007665,0.47579575,0
Pneumonia,D064747,0.6225918,0
Pneumonia,D007975,0.56355774,0
Pneumonia,D017997,0.65354794,0
Pneumonia,D017998,0.2866602,0
Pneumonia,C000630836,0.78261155,1
Pneumonia,D017336,0.71094096,1
Pneumonia,D008294,0.58962834,0
Pneumonia,D008628,0.7263698,1
Pneumonia,D009921,0.17483318,0
Pneumonia,D016210,0.6043729,0
Pneumonia,D008727,0.9855924,1
Pneumonia,D008775,0.9314924,1
Pneumonia,D008787,0.28630242,0
Pneumonia,D000068656,0.2806667,0
Pneumonia,C093875,0.28191817,0
Pneumonia,D009151,0.9718716,1
Pneumonia,D017835,0.6771282,0
Pneumonia,D009529,0.29564413,0
Pneumonia,D009543,0.77370715,1
Pneumonia,D009566,0.67001325,0
Pneumonia,D009569,0.8920187,1
Pneumonia,D009585,0.99084806,1
Pneumonia,C017590,0.5013806,0
Pneumonia,D010126,0.9593988,1
Pneumonia,D010269,0.79125094,1
Pneumonia,D010278,0.23944493,0
Pneumonia,C030856,0.27980524,0
Pneumonia,C101816,0.5167844,0
Pneumonia,C076994,0.44815776,0
Pneumonia,D026023,0.7100888,1
Pneumonia,C031181,0.17045237,0
Pneumonia,D010634,0.51418614,0
Pneumonia,D010702,0.25504488,0
Pneumonia,D058988,0.467714,0
Pneumonia,C043103,0.48320517,0
Pneumonia,D010972,0.18578894,0
Pneumonia,C047681,0.6799892,0
Pneumonia,D011239,0.8987676,1
Pneumonia,D011241,0.954957,1
Pneumonia,D017265,0.22915652,0
Pneumonia,D011433,0.41310534,0
Pneumonia,C432165,0.19306359,0
Pneumonia,C030984,0.14411724,0
Pneumonia,D000077185,0.58763665,0
Pneumonia,C424423,0.7040149,1
Pneumonia,C099445,0.6161332,0
Pneumonia,D020156,0.47267902,0
Pneumonia,D000068299,0.65120286,0
Pneumonia,C060230,0.6678524,0
Pneumonia,D012980,0.5302688,0
Pneumonia,C012037,0.29922614,0
Pneumonia,D013311,0.6233145,0
Pneumonia,D013458,0.98144907,1
Pneumonia,D013578,0.4085917,0
Pneumonia,C028305,0.6200639,0
Pneumonia,D013645,0.86832553,1
Pneumonia,D013726,0.52625984,0
Pneumonia,D016593,0.60647637,0
Pneumonia,D013806,0.8086435,1
Pneumonia,D013806,0.8086435,1
Pneumonia,D013806,0.8086435,1
Pneumonia,D013806,0.8086435,1
Pneumonia,C095476,0.8086435,1
Pneumonia,C095476,0.8086435,1
Pneumonia,C095476,0.8086435,1
Pneumonia,C095476,0.8086435,1
Pneumonia,D013999,0.7115095,1
Pneumonia,D014051,0.28657487,0
Pneumonia,C012293,0.69723237,0
Pneumonia,D014212,0.6258171,0
Pneumonia,D014222,0.5276313,0
Pneumonia,D014260,0.75946337,1
Pneumonia,C015559,0.38185978,0
Pneumonia,D015662,0.96334237,1
Pneumonia,C010809,0.5577842,0
Pneumonia,C059141,0.3190455,0
Pneumonia,D014801,0.5576487,0
Pneumonia,C062735,0.7393185,1
Pneumonia,C063449,0.5763371,0
Pneumonia,D015032,0.9630863,1
Pneumonia,C021183,0.6072822,0
Pneumonia,C027576,0.59911215,0
Pneumonia,D000086,0.6131305,0
Pneumonia,C542859,0.44584113,0
Pneumonia,D000171,0.91485006,1
Pneumonia,D002233,0.6981928,0
Pneumonia,C031180,0.29360363,0
Pneumonia,D017291,0.96619326,1
Pneumonia,D003404,0.5440173,0
Pneumonia,C506365,0.5234011,0
Pneumonia,C574213,0.3595436,0
Pneumonia,D004656,0.8844184,1
Pneumonia,D000077591,0.53062236,0
Pneumonia,C030809,0.16022222,0
Pneumonia,C030809,0.16022222,0
Pneumonia,C030809,0.16022222,0
Pneumonia,C030809,0.16022222,0
Pneumonia,D007650,0.47086543,0
Pneumonia,D009638,0.44858402,0
Pneumonia,C542398,0.53587765,0
Pneumonia,C003237,0.52175087,0
Pneumonia,D011794,0.4365074,0
Pneumonia,C583570,0.3824966,0
Pneumonia,D019821,0.4902206,0
Pneumonia,D013749,0.4479968,0
Pneumonia,D000069447,0.52748185,0
Pneumonia,C003330,0.574052,0
Pneumonia,D014700,0.3466035,0
Pneumonia,D019980,0.93770903,1
Pneumonia,D000965,0.8958643,1
Pneumonia,C015001,0.8703208,1
Pneumonia,D001622,0.7194131,1
Pneumonia,C035978,0.89570963,1
Pneumonia,D020682,0.9524181,1
Pneumonia,D002511,0.80164146,1
Pneumonia,D003707,0.6816679,0
Pneumonia,D003931,0.6787149,0
Pneumonia,D004318,0.8850379,1
Pneumonia,D015365,0.942531,1
Pneumonia,D008724,0.66388094,0
Pneumonia,D009538,0.6809153,0
Pneumonia,D015242,0.92271733,1
Pneumonia,D013752,0.850343,1
Pneumonia,C066075,0.8011498,1
Pneumonia,C059528,0.7362706,1
Pneumonia,C048927,0.6853009,0
Pneumonia,C062894,0.7440881,1
Pneumonia,C031278,0.91229826,1
Pneumonia,C029536,0.758109,1
Pneumonia,C000623021,0.75588965,1
Pneumonia,C088860,0.72019315,1
Pneumonia,C056165,0.6561166,0
Pneumonia,D000537,0.9030693,1
Pneumonia,C069471,0.92304236,1
Pneumonia,D000538,0.8391178,1
Pneumonia,D000583,0.89238346,1
Pneumonia,D000638,0.556762,0
Pneumonia,D000666,0.9312792,1
Pneumonia,D000667,0.8392141,1
Pneumonia,C118790,0.9254961,1
Pneumonia,D017639,0.93143296,1
Pneumonia,D017638,0.8932002,1
Pneumonia,D017632,0.69846165,0
Pneumonia,D017963,0.8688008,1
Pneumonia,C011674,0.7058211,1
Pneumonia,D001761,0.89527005,1
Pneumonia,D002084,0.6058633,0
Pneumonia,D019256,0.8088226,1
Pneumonia,D002110,0.6068357,0
Pneumonia,D002133,0.8547622,1
Pneumonia,D002211,0.6671257,0
Pneumonia,D002228,0.76262754,1
Pneumonia,D016190,0.79933697,1
Pneumonia,D002330,0.5052232,0
Pneumonia,C057710,0.9209977,1
Pneumonia,D002439,0.91979665,1
Pneumonia,D000097627,0.9370261,1
Pneumonia,D002442,0.9518628,1
Pneumonia,D002443,0.9421916,1
Pneumonia,D002444,0.91277933,1
Pneumonia,D002512,0.83149165,1
Pneumonia,C030583,0.88083535,1
Pneumonia,D002701,0.63184017,0
Pneumonia,D002791,0.745157,1
Pneumonia,C034587,0.88258606,1
Pneumonia,D000077407,0.6901882,0
Pneumonia,D002939,0.8440184,1
Pneumonia,D002945,0.85582757,1
Pneumonia,D003035,0.9012111,1
Pneumonia,C060728,0.8461061,1
Pneumonia,D019327,0.88195145,1
Pneumonia,D016578,0.85989857,1
Pneumonia,D016578,0.85989857,1
Pneumonia,D016578,0.85989857,1
Pneumonia,D016578,0.85989857,1
Pneumonia,D000077547,0.59659296,0
Pneumonia,C030973,0.9281609,1
Pneumonia,C012260,0.7186169,1
Pneumonia,D003520,0.6719443,0
Pneumonia,D003561,0.58842826,0
Pneumonia,D003620,0.81947714,1
Pneumonia,D003622,0.5852534,0
Pneumonia,D003630,0.7764327,1
Pneumonia,D003891,0.669063,0
Pneumonia,C027118,0.7118925,1
Pneumonia,D004061,0.63984215,0
Pneumonia,D004177,0.8319858,1
Pneumonia,D000077143,0.89708936,1
Pneumonia,D013759,0.7612966,1
Pneumonia,C044101,0.818409,1
Pneumonia,C044101,0.818409,1
Pneumonia,C044101,0.818409,1
Pneumonia,C044101,0.818409,1
Pneumonia,D004917,0.83106637,1
Pneumonia,D004929,0.7592439,1
Pneumonia,D000068338,0.8946228,1
Pneumonia,D005204,0.6778294,0
Pneumonia,D005473,0.71792454,1
Pneumonia,D000077156,0.5787618,0
Pneumonia,D000093542,0.80697805,1
Pneumonia,D005839,0.850627,1
Pneumonia,C022944,0.9049214,1
Pneumonia,D007213,0.75966364,1
Pneumonia,D007501,0.9025914,1
Pneumonia,D000077213,0.6708184,0
Pneumonia,D000069349,0.79573894,1
Pneumonia,C068538,0.9312792,1
Pneumonia,D008345,0.9025914,1
Pneumonia,D008466,0.8072152,1
Pneumonia,D000077731,0.8304224,1
Pneumonia,D008802,0.8998903,1
Pneumonia,D000077551,0.9621485,1
Pneumonia,D008911,0.78578925,1
Pneumonia,D000077266,0.79049826,1
Pneumonia,C055172,0.9186254,1
Pneumonia,C043836,0.54566544,0
Pneumonia,C005274,0.8982656,1
Pneumonia,D009525,0.6316377,0
Pneumonia,D009532,0.9012111,1
Pneumonia,C028007,0.9535114,1
Pneumonia,C029938,0.8596199,1
Pneumonia,D010100,0.7989163,1
Pneumonia,D017239,0.8707649,1
Pneumonia,D000068437,0.7525198,1
Pneumonia,D010400,0.79426336,1
Pneumonia,D010406,0.79426336,1
Pneumonia,C036567,0.6646781,0
Pneumonia,D010615,0.7342217,1
Pneumonia,D010878,0.86285144,1
Pneumonia,D010894,0.77151257,1
Pneumonia,D011791,0.9289632,1
Pneumonia,D011791,0.9289632,1
Pneumonia,D011791,0.9289632,1
Pneumonia,D011791,0.9289632,1
Pneumonia,C062940,0.92714965,1
Pneumonia,D019782,0.547827,0
Pneumonia,D000077154,0.81085867,1
Pneumonia,C000626046,0.63635314,0
Pneumonia,C076944,0.9216202,1
Pneumonia,D000068677,0.9187443,1
Pneumonia,D012822,0.9289632,1
Pneumonia,D012822,0.9289632,1
Pneumonia,D012822,0.9289632,1
Pneumonia,D012822,0.9289632,1
Pneumonia,D012835,0.8075733,1
Pneumonia,D020123,0.8585902,1
Pneumonia,D018038,0.80762535,1
Pneumonia,C525002,0.6948329,0
Pneumonia,D013256,0.57916594,0
Pneumonia,D013307,0.92534107,1
Pneumonia,D020058,0.6393526,0
Pneumonia,D012460,0.827285,1
Pneumonia,D013654,0.781268,1
Pneumonia,C009495,0.9144109,1
Pneumonia,D014031,0.86915773,1
Pneumonia,C001899,0.87782574,1
Pneumonia,C011765,0.5808246,0
Pneumonia,D014414,0.77597976,1
Pneumonia,D014580,0.71021116,1
Pneumonia,C070272,0.91847456,1
Pneumonia,D014639,0.9045869,1
Pneumonia,D014640,0.9566636,1
Pneumonia,D000069470,0.6989128,0
Pneumonia,D014747,0.7955481,1
Pneumonia,D065819,0.7595043,1
Pneumonia,D000077337,0.5255857,0
Pneumonia,C085514,0.62052166,0
Pneumonia,C023616,0.84942895,1
Pneumonia,D015034,0.91904396,1
Pneumonia,D019287,0.85323566,1
Pneumonia,D047310,0.5730416,0
Pneumonia,D016589,0.4203264,0
Pneumonia,D001280,0.2719252,0
Pneumonia,C002003,0.360973,0
Pneumonia,C051082,0.53067243,0
Pneumonia,C004600,0.37041202,0
Pneumonia,D017332,0.61707425,0
Pneumonia,D004390,0.3613617,0
Pneumonia,C121345,0.5766465,0
Pneumonia,D003996,0.63086545,0
Pneumonia,D004051,0.4337092,0
Pneumonia,D004117,0.44049644,0
Pneumonia,D017308,0.36990115,0
Pneumonia,C093230,0.3380226,0
Pneumonia,C085278,0.91556,1
Pneumonia,C472067,0.61707425,0
Pneumonia,C479069,0.3256547,0
Pneumonia,C080276,0.44802335,0
Pneumonia,C012655,0.56451255,0
Pneumonia,C025256,0.55142313,0
Pneumonia,D010109,0.3927458,0
Pneumonia,D010846,0.4761136,0
Pneumonia,D011722,0.4202216,0
Pneumonia,D019257,0.4881023,0
Pneumonia,C063119,0.41434973,0
Pneumonia,C025759,0.82776165,1
Pneumonia,D012839,0.30063242,0
Pneumonia,C032742,0.37576306,0
Pneumonia,D014274,0.4210752,0
Pneumonia,D014859,0.59244907,0
Pneumonia,D002066,0.4251037,0
Pneumonia,D003609,0.883984,1
Pneumonia,D005047,0.8098786,1
Pneumonia,D006918,0.6643292,0
Pneumonia,D007069,0.56584716,0
Pneumonia,D008130,0.37645215,0
Pneumonia,C023617,0.5118611,0
Pneumonia,C048629,0.7802861,1
Pneumonia,D014750,0.7844442,1
Pneumonia,D014751,0.47391275,0
"Pulmonary Disease, Chronic Obstructive",C015262,0.19250236,0
"Pulmonary Disease, Chronic Obstructive",C033146,0.133408,0
"Pulmonary Disease, Chronic Obstructive",C041507,0.14978403,0
"Pulmonary Disease, Chronic Obstructive",D015084,0.32852665,0
"Pulmonary Disease, Chronic Obstructive",C539252,0.69805616,0
"Pulmonary Disease, Chronic Obstructive",C005969,0.19296007,0
"Pulmonary Disease, Chronic Obstructive",C018511,0.2381345,0
"Pulmonary Disease, Chronic Obstructive",C008450,0.24854581,0
"Pulmonary Disease, Chronic Obstructive",C075750,0.41035008,0
"Pulmonary Disease, Chronic Obstructive",D000079,0.5037151,0
"Pulmonary Disease, Chronic Obstructive",D000082,0.12231689,0
"Pulmonary Disease, Chronic Obstructive",D000109,0.23622295,0
"Pulmonary Disease, Chronic Obstructive",D000241,0.43379235,0
"Pulmonary Disease, Chronic Obstructive",D000420,0.7988194,1
"Pulmonary Disease, Chronic Obstructive",D000448,0.19098145,0
"Pulmonary Disease, Chronic Obstructive",D000536,0.55640066,0
"Pulmonary Disease, Chronic Obstructive",C077110,0.8672951,1
"Pulmonary Disease, Chronic Obstructive",D000628,0.8709379,1
"Pulmonary Disease, Chronic Obstructive",C094049,0.11597291,0
"Pulmonary Disease, Chronic Obstructive",D001151,0.7044119,1
"Pulmonary Disease, Chronic Obstructive",D000077237,0.09868911,0
"Pulmonary Disease, Chronic Obstructive",D000077332,0.3603636,0
"Pulmonary Disease, Chronic Obstructive",D001241,0.21254967,0
"Pulmonary Disease, Chronic Obstructive",C047766,0.69244224,0
"Pulmonary Disease, Chronic Obstructive",D001507,0.6287634,0
"Pulmonary Disease, Chronic Obstructive",D001564,0.108600594,0
"Pulmonary Disease, Chronic Obstructive",D001572,0.107607506,0
"Pulmonary Disease, Chronic Obstructive",D047071,0.08022665,0
"Pulmonary Disease, Chronic Obstructive",C006780,0.5577526,0
"Pulmonary Disease, Chronic Obstructive",C512161,0.547048,0
"Pulmonary Disease, Chronic Obstructive",C011685,0.23973046,0
"Pulmonary Disease, Chronic Obstructive",C053342,0.080726765,0
"Pulmonary Disease, Chronic Obstructive",D019819,0.26691464,0
"Pulmonary Disease, Chronic Obstructive",C023898,0.12126706,0
"Pulmonary Disease, Chronic Obstructive",C027561,0.1467847,0
"Pulmonary Disease, Chronic Obstructive",D002104,0.72767925,1
"Pulmonary Disease, Chronic Obstructive",D002215,0.17581621,0
"Pulmonary Disease, Chronic Obstructive",D002219,0.25945693,0
"Pulmonary Disease, Chronic Obstructive",D012721,0.26480758,0
"Pulmonary Disease, Chronic Obstructive",D002231,0.19188654,0
"Pulmonary Disease, Chronic Obstructive",D002244,0.19109443,0
"Pulmonary Disease, Chronic Obstructive",D002246,0.17022534,0
"Pulmonary Disease, Chronic Obstructive",D002248,0.642777,0
"Pulmonary Disease, Chronic Obstructive",D002251,0.2896781,0
"Pulmonary Disease, Chronic Obstructive",D002706,0.12761052,0
"Pulmonary Disease, Chronic Obstructive",D002840,0.11697138,0
"Pulmonary Disease, Chronic Obstructive",C433247,0.24521038,0
"Pulmonary Disease, Chronic Obstructive",D003042,0.22496344,0
"Pulmonary Disease, Chronic Obstructive",D003042,0.22496344,0
"Pulmonary Disease, Chronic Obstructive",D003042,0.22496344,0
"Pulmonary Disease, Chronic Obstructive",D003042,0.22496344,0
"Pulmonary Disease, Chronic Obstructive",D003372,0.19549233,0
"Pulmonary Disease, Chronic Obstructive",D004205,0.13629118,0
"Pulmonary Disease, Chronic Obstructive",D000242,0.19133651,0
"Pulmonary Disease, Chronic Obstructive",D003634,0.17935726,0
"Pulmonary Disease, Chronic Obstructive",D000077209,0.403253,0
"Pulmonary Disease, Chronic Obstructive",D003907,0.6107187,0
"Pulmonary Disease, Chronic Obstructive",D003915,0.11059077,0
"Pulmonary Disease, Chronic Obstructive",D003976,0.20911525,0
"Pulmonary Disease, Chronic Obstructive",D004139,0.2660554,0
"Pulmonary Disease, Chronic Obstructive",C051309,0.19483739,0
"Pulmonary Disease, Chronic Obstructive",C029797,0.30162346,0
"Pulmonary Disease, Chronic Obstructive",D004642,0.1708952,0
"Pulmonary Disease, Chronic Obstructive",D004731,0.009477961,0
"Pulmonary Disease, Chronic Obstructive",D004731,0.009477961,0
"Pulmonary Disease, Chronic Obstructive",D004731,0.009477961,0
"Pulmonary Disease, Chronic Obstructive",D004731,0.009477961,0
"Pulmonary Disease, Chronic Obstructive",C034347,0.5774514,0
"Pulmonary Disease, Chronic Obstructive",D004809,0.12137985,0
"Pulmonary Disease, Chronic Obstructive",C045651,0.13334857,0
"Pulmonary Disease, Chronic Obstructive",D004837,0.71726674,1
"Pulmonary Disease, Chronic Obstructive",C036251,0.16623454,0
"Pulmonary Disease, Chronic Obstructive",D015946,0.17812409,0
"Pulmonary Disease, Chronic Obstructive",D005280,0.66911274,0
"Pulmonary Disease, Chronic Obstructive",D005280,0.66911274,0
"Pulmonary Disease, Chronic Obstructive",D005280,0.66911274,0
"Pulmonary Disease, Chronic Obstructive",D005280,0.66911274,0
"Pulmonary Disease, Chronic Obstructive",D016576,0.36769912,0
"Pulmonary Disease, Chronic Obstructive",C007734,0.28747717,0
"Pulmonary Disease, Chronic Obstructive",D000068298,0.22099733,0
"Pulmonary Disease, Chronic Obstructive",D000068297,0.07842444,0
"Pulmonary Disease, Chronic Obstructive",D005557,0.20608671,0
"Pulmonary Disease, Chronic Obstructive",D000068759,0.74790186,1
"Pulmonary Disease, Chronic Obstructive",C572629,0.10947068,0
"Pulmonary Disease, Chronic Obstructive",C105311,0.4391542,0
"Pulmonary Disease, Chronic Obstructive",D024504,0.17529467,0
"Pulmonary Disease, Chronic Obstructive",C007836,0.49082986,0
"Pulmonary Disease, Chronic Obstructive",D005978,0.21637148,0
"Pulmonary Disease, Chronic Obstructive",D006024,0.5984282,0
"Pulmonary Disease, Chronic Obstructive",D000097797,0.72683126,1
"Pulmonary Disease, Chronic Obstructive",D006140,0.19369873,0
"Pulmonary Disease, Chronic Obstructive",D006221,0.16766515,0
"Pulmonary Disease, Chronic Obstructive",D006533,0.08733315,0
"Pulmonary Disease, Chronic Obstructive",D003932,0.21186444,0
"Pulmonary Disease, Chronic Obstructive",D001556,0.1040589,0
"Pulmonary Disease, Chronic Obstructive",D006632,0.27883962,0
"Pulmonary Disease, Chronic Obstructive",D006854,0.40992245,0
"Pulmonary Disease, Chronic Obstructive",D006862,0.16789854,0
"Pulmonary Disease, Chronic Obstructive",D007052,0.122400135,0
"Pulmonary Disease, Chronic Obstructive",D009241,0.65076905,0
"Pulmonary Disease, Chronic Obstructive",D007545,0.46977755,0
"Pulmonary Disease, Chronic Obstructive",D007660,0.13693373,0
"Pulmonary Disease, Chronic Obstructive",D007665,0.14226973,0
"Pulmonary Disease, Chronic Obstructive",D064747,0.28293467,0
"Pulmonary Disease, Chronic Obstructive",D007975,0.16807313,0
"Pulmonary Disease, Chronic Obstructive",D017997,0.061878297,0
"Pulmonary Disease, Chronic Obstructive",D017998,0.19587804,0
"Pulmonary Disease, Chronic Obstructive",C000630836,0.23921067,0
"Pulmonary Disease, Chronic Obstructive",D017336,0.26393056,0
"Pulmonary Disease, Chronic Obstructive",D008294,0.5073911,0
"Pulmonary Disease, Chronic Obstructive",D008628,0.13898128,0
"Pulmonary Disease, Chronic Obstructive",D009921,0.38933727,0
"Pulmonary Disease, Chronic Obstructive",D016210,0.15921855,0
"Pulmonary Disease, Chronic Obstructive",D008727,0.7915582,1
"Pulmonary Disease, Chronic Obstructive",D008775,0.66402525,0
"Pulmonary Disease, Chronic Obstructive",D008787,0.2862312,0
"Pulmonary Disease, Chronic Obstructive",D000068656,0.40806434,0
"Pulmonary Disease, Chronic Obstructive",C093875,0.22581574,0
"Pulmonary Disease, Chronic Obstructive",D009151,0.753652,1
"Pulmonary Disease, Chronic Obstructive",D017835,0.3025771,0
"Pulmonary Disease, Chronic Obstructive",D009529,0.22171059,0
"Pulmonary Disease, Chronic Obstructive",D009543,0.53809065,0
"Pulmonary Disease, Chronic Obstructive",D009566,0.21241702,0
"Pulmonary Disease, Chronic Obstructive",D009569,0.26901773,0
"Pulmonary Disease, Chronic Obstructive",D009585,0.94374406,1
"Pulmonary Disease, Chronic Obstructive",C017590,0.44901314,0
"Pulmonary Disease, Chronic Obstructive",D010126,0.80918396,1
"Pulmonary Disease, Chronic Obstructive",D010269,0.33378452,0
"Pulmonary Disease, Chronic Obstructive",D010278,0.26799697,0
"Pulmonary Disease, Chronic Obstructive",C030856,0.103074454,0
"Pulmonary Disease, Chronic Obstructive",C101816,0.1174699,0
"Pulmonary Disease, Chronic Obstructive",C076994,0.22538137,0
"Pulmonary Disease, Chronic Obstructive",D026023,0.28411198,0
"Pulmonary Disease, Chronic Obstructive",C031181,0.13452277,0
"Pulmonary Disease, Chronic Obstructive",D010634,0.31694186,0
"Pulmonary Disease, Chronic Obstructive",D010702,0.15254843,0
"Pulmonary Disease, Chronic Obstructive",D058988,0.37039348,0
"Pulmonary Disease, Chronic Obstructive",C043103,0.1362083,0
"Pulmonary Disease, Chronic Obstructive",D010972,0.19713679,0
"Pulmonary Disease, Chronic Obstructive",C047681,0.5922505,0
"Pulmonary Disease, Chronic Obstructive",D011239,0.45806992,0
"Pulmonary Disease, Chronic Obstructive",D011241,0.62135434,0
"Pulmonary Disease, Chronic Obstructive",D017265,0.48347643,0
"Pulmonary Disease, Chronic Obstructive",D011433,0.19682793,0
"Pulmonary Disease, Chronic Obstructive",C432165,0.16523457,0
"Pulmonary Disease, Chronic Obstructive",C030984,0.15837838,0
"Pulmonary Disease, Chronic Obstructive",D000077185,0.6119726,0
"Pulmonary Disease, Chronic Obstructive",C424423,0.64362824,0
"Pulmonary Disease, Chronic Obstructive",C099445,0.33139545,0
"Pulmonary Disease, Chronic Obstructive",D020156,0.08992681,0
"Pulmonary Disease, Chronic Obstructive",D000068299,0.90003026,1
"Pulmonary Disease, Chronic Obstructive",C060230,0.24865314,0
"Pulmonary Disease, Chronic Obstructive",D012980,0.13317142,0
"Pulmonary Disease, Chronic Obstructive",C012037,0.21209231,0
"Pulmonary Disease, Chronic Obstructive",D013311,0.5539624,0
"Pulmonary Disease, Chronic Obstructive",D013458,0.8796325,1
"Pulmonary Disease, Chronic Obstructive",D013578,0.21592766,0
"Pulmonary Disease, Chronic Obstructive",C028305,0.32379308,0
"Pulmonary Disease, Chronic Obstructive",D013645,0.08548988,0
"Pulmonary Disease, Chronic Obstructive",D013726,0.7749445,1
"Pulmonary Disease, Chronic Obstructive",D016593,0.40390843,0
"Pulmonary Disease, Chronic Obstructive",D013806,0.7659501,1
"Pulmonary Disease, Chronic Obstructive",D013806,0.7659501,1
"Pulmonary Disease, Chronic Obstructive",D013806,0.7659501,1
"Pulmonary Disease, Chronic Obstructive",D013806,0.7659501,1
"Pulmonary Disease, Chronic Obstructive",C095476,0.7659501,1
"Pulmonary Disease, Chronic Obstructive",C095476,0.7659501,1
"Pulmonary Disease, Chronic Obstructive",C095476,0.7659501,1
"Pulmonary Disease, Chronic Obstructive",C095476,0.7659501,1
"Pulmonary Disease, Chronic Obstructive",D013999,0.65735316,0
"Pulmonary Disease, Chronic Obstructive",D014051,0.13529138,0
"Pulmonary Disease, Chronic Obstructive",C012293,0.31485763,0
"Pulmonary Disease, Chronic Obstructive",D014212,0.12713417,0
"Pulmonary Disease, Chronic Obstructive",D014222,0.3063469,0
"Pulmonary Disease, Chronic Obstructive",D014260,0.32921198,0
"Pulmonary Disease, Chronic Obstructive",C015559,0.24660218,0
"Pulmonary Disease, Chronic Obstructive",D015662,0.7097736,1
"Pulmonary Disease, Chronic Obstructive",C010809,0.19682634,0
"Pulmonary Disease, Chronic Obstructive",C059141,0.31584218,0
"Pulmonary Disease, Chronic Obstructive",D014801,0.09008531,0
"Pulmonary Disease, Chronic Obstructive",C062735,0.7147783,1
"Pulmonary Disease, Chronic Obstructive",C063449,0.36315823,0
"Pulmonary Disease, Chronic Obstructive",D015032,0.54635507,0
"Pulmonary Disease, Chronic Obstructive",C021183,0.59287524,0
"Pulmonary Disease, Chronic Obstructive",C027576,0.37685975,0
"Pulmonary Disease, Chronic Obstructive",D000086,0.49496526,0
"Pulmonary Disease, Chronic Obstructive",C542859,0.6708831,0
"Pulmonary Disease, Chronic Obstructive",D000171,0.662225,0
"Pulmonary Disease, Chronic Obstructive",D002233,0.6280329,0
"Pulmonary Disease, Chronic Obstructive",C031180,0.5287775,0
"Pulmonary Disease, Chronic Obstructive",D017291,0.68760365,0
"Pulmonary Disease, Chronic Obstructive",D003404,0.613856,0
"Pulmonary Disease, Chronic Obstructive",C506365,0.49575096,0
"Pulmonary Disease, Chronic Obstructive",C574213,0.5463634,0
"Pulmonary Disease, Chronic Obstructive",D004656,0.7392118,1
"Pulmonary Disease, Chronic Obstructive",D000077591,0.5191553,0
"Pulmonary Disease, Chronic Obstructive",C030809,0.66911274,0
"Pulmonary Disease, Chronic Obstructive",C030809,0.66911274,0
"Pulmonary Disease, Chronic Obstructive",C030809,0.66911274,0
"Pulmonary Disease, Chronic Obstructive",C030809,0.66911274,0
"Pulmonary Disease, Chronic Obstructive",D007650,0.5450324,0
"Pulmonary Disease, Chronic Obstructive",D009638,0.5761378,0
"Pulmonary Disease, Chronic Obstructive",C542398,0.58353764,0
"Pulmonary Disease, Chronic Obstructive",C003237,0.48986095,0
"Pulmonary Disease, Chronic Obstructive",D011794,0.5150598,0
"Pulmonary Disease, Chronic Obstructive",C583570,0.50383294,0
"Pulmonary Disease, Chronic Obstructive",D019821,0.5349557,0
"Pulmonary Disease, Chronic Obstructive",D013749,0.46755344,0
"Pulmonary Disease, Chronic Obstructive",D000069447,0.5833668,0
"Pulmonary Disease, Chronic Obstructive",C003330,0.62195325,0
"Pulmonary Disease, Chronic Obstructive",D014700,0.5855698,0
"Pulmonary Disease, Chronic Obstructive",D019980,0.19110884,0
"Pulmonary Disease, Chronic Obstructive",D000965,0.43481538,0
"Pulmonary Disease, Chronic Obstructive",C015001,0.16516626,0
"Pulmonary Disease, Chronic Obstructive",D001622,0.28026867,0
"Pulmonary Disease, Chronic Obstructive",C035978,0.08978771,0
"Pulmonary Disease, Chronic Obstructive",D020682,0.14422442,0
"Pulmonary Disease, Chronic Obstructive",D002511,0.1714541,0
"Pulmonary Disease, Chronic Obstructive",D003707,0.08932718,0
"Pulmonary Disease, Chronic Obstructive",D003931,0.38082367,0
"Pulmonary Disease, Chronic Obstructive",D004318,0.1181403,0
"Pulmonary Disease, Chronic Obstructive",D015365,0.3968758,0
"Pulmonary Disease, Chronic Obstructive",D008724,0.17677209,0
"Pulmonary Disease, Chronic Obstructive",D009538,0.29388803,0
"Pulmonary Disease, Chronic Obstructive",D015242,0.3651395,0
"Pulmonary Disease, Chronic Obstructive",D013752,0.105834536,0
"Pulmonary Disease, Chronic Obstructive",C066075,0.190893,0
"Pulmonary Disease, Chronic Obstructive",C059528,0.08741345,0
"Pulmonary Disease, Chronic Obstructive",C048927,0.35262993,0
"Pulmonary Disease, Chronic Obstructive",C062894,0.13745672,0
"Pulmonary Disease, Chronic Obstructive",C031278,0.20684971,0
"Pulmonary Disease, Chronic Obstructive",C029536,0.2764772,0
"Pulmonary Disease, Chronic Obstructive",C000623021,0.18845525,0
"Pulmonary Disease, Chronic Obstructive",C088860,0.13598062,0
"Pulmonary Disease, Chronic Obstructive",C056165,0.20314917,0
"Pulmonary Disease, Chronic Obstructive",D000537,0.1885545,0
"Pulmonary Disease, Chronic Obstructive",C069471,0.07835704,0
"Pulmonary Disease, Chronic Obstructive",D000538,0.061877567,0
"Pulmonary Disease, Chronic Obstructive",D000583,0.0120965615,0
"Pulmonary Disease, Chronic Obstructive",D000638,0.2341987,0
"Pulmonary Disease, Chronic Obstructive",D000666,0.014313546,0
"Pulmonary Disease, Chronic Obstructive",D000667,0.14480567,0
"Pulmonary Disease, Chronic Obstructive",C118790,0.014086569,0
"Pulmonary Disease, Chronic Obstructive",D017639,0.048981916,0
"Pulmonary Disease, Chronic Obstructive",D017638,0.032428857,0
"Pulmonary Disease, Chronic Obstructive",D017632,0.13439417,0
"Pulmonary Disease, Chronic Obstructive",D017963,0.2521272,0
"Pulmonary Disease, Chronic Obstructive",C011674,0.15932274,0
"Pulmonary Disease, Chronic Obstructive",D001761,0.005793516,0
"Pulmonary Disease, Chronic Obstructive",D002084,0.19800536,0
"Pulmonary Disease, Chronic Obstructive",D019256,0.13454588,0
"Pulmonary Disease, Chronic Obstructive",D002110,0.38661143,0
"Pulmonary Disease, Chronic Obstructive",D002133,0.07410441,0
"Pulmonary Disease, Chronic Obstructive",D002211,0.15724707,0
"Pulmonary Disease, Chronic Obstructive",D002228,0.2586585,0
"Pulmonary Disease, Chronic Obstructive",D016190,0.2704689,0
"Pulmonary Disease, Chronic Obstructive",D002330,0.1844071,0
"Pulmonary Disease, Chronic Obstructive",C057710,0.055844482,0
"Pulmonary Disease, Chronic Obstructive",D002439,0.038639616,0
"Pulmonary Disease, Chronic Obstructive",D000097627,0.022229122,0
"Pulmonary Disease, Chronic Obstructive",D002442,0.036223352,0
"Pulmonary Disease, Chronic Obstructive",D002443,0.04824392,0
"Pulmonary Disease, Chronic Obstructive",D002444,0.11471964,0
"Pulmonary Disease, Chronic Obstructive",D002512,0.16018605,0
"Pulmonary Disease, Chronic Obstructive",C030583,0.104642645,0
"Pulmonary Disease, Chronic Obstructive",D002701,0.41293076,0
"Pulmonary Disease, Chronic Obstructive",D002791,0.10166274,0
"Pulmonary Disease, Chronic Obstructive",C034587,0.015232119,0
"Pulmonary Disease, Chronic Obstructive",D000077407,0.42228746,0
"Pulmonary Disease, Chronic Obstructive",D002939,0.18785928,0
"Pulmonary Disease, Chronic Obstructive",D002945,0.20116712,0
"Pulmonary Disease, Chronic Obstructive",D003035,0.13022622,0
"Pulmonary Disease, Chronic Obstructive",C060728,0.06375825,0
"Pulmonary Disease, Chronic Obstructive",D019327,0.11320342,0
"Pulmonary Disease, Chronic Obstructive",D016578,0.22496344,0
"Pulmonary Disease, Chronic Obstructive",D016578,0.22496344,0
"Pulmonary Disease, Chronic Obstructive",D016578,0.22496344,0
"Pulmonary Disease, Chronic Obstructive",D016578,0.22496344,0
"Pulmonary Disease, Chronic Obstructive",D000077547,0.5087412,0
"Pulmonary Disease, Chronic Obstructive",C030973,0.19571374,0
"Pulmonary Disease, Chronic Obstructive",C012260,0.24213879,0
"Pulmonary Disease, Chronic Obstructive",D003520,0.25692046,0
"Pulmonary Disease, Chronic Obstructive",D003561,0.47195116,0
"Pulmonary Disease, Chronic Obstructive",D003620,0.19982727,0
"Pulmonary Disease, Chronic Obstructive",D003622,0.32898632,0
"Pulmonary Disease, Chronic Obstructive",D003630,0.09024575,0
"Pulmonary Disease, Chronic Obstructive",D003891,0.1474556,0
"Pulmonary Disease, Chronic Obstructive",C027118,0.09056142,0
"Pulmonary Disease, Chronic Obstructive",D004061,0.115901686,0
"Pulmonary Disease, Chronic Obstructive",D004177,0.25979185,0
"Pulmonary Disease, Chronic Obstructive",D000077143,0.05357403,0
"Pulmonary Disease, Chronic Obstructive",D013759,0.08070898,0
"Pulmonary Disease, Chronic Obstructive",C044101,0.009477961,0
"Pulmonary Disease, Chronic Obstructive",C044101,0.009477961,0
"Pulmonary Disease, Chronic Obstructive",C044101,0.009477961,0
"Pulmonary Disease, Chronic Obstructive",C044101,0.009477961,0
"Pulmonary Disease, Chronic Obstructive",D004917,0.18461505,0
"Pulmonary Disease, Chronic Obstructive",D004929,0.20893987,0
"Pulmonary Disease, Chronic Obstructive",D000068338,0.045201186,0
"Pulmonary Disease, Chronic Obstructive",D005204,0.22831422,0
"Pulmonary Disease, Chronic Obstructive",D005473,0.20173834,0
"Pulmonary Disease, Chronic Obstructive",D000077156,0.501494,0
"Pulmonary Disease, Chronic Obstructive",D000093542,0.3180335,0
"Pulmonary Disease, Chronic Obstructive",D005839,0.111771755,0
"Pulmonary Disease, Chronic Obstructive",C022944,0.050470576,0
"Pulmonary Disease, Chronic Obstructive",D007213,0.18329713,0
"Pulmonary Disease, Chronic Obstructive",D007501,0.13468312,0
"Pulmonary Disease, Chronic Obstructive",D000077213,0.31835634,0
"Pulmonary Disease, Chronic Obstructive",D000069349,0.23633796,0
"Pulmonary Disease, Chronic Obstructive",C068538,0.014313546,0
"Pulmonary Disease, Chronic Obstructive",D008345,0.13468312,0
"Pulmonary Disease, Chronic Obstructive",D008466,0.29918882,0
"Pulmonary Disease, Chronic Obstructive",D000077731,0.22689967,0
"Pulmonary Disease, Chronic Obstructive",D008802,0.059783593,0
"Pulmonary Disease, Chronic Obstructive",D000077551,0.01315982,0
"Pulmonary Disease, Chronic Obstructive",D008911,0.06734242,0
"Pulmonary Disease, Chronic Obstructive",D000077266,0.17857292,0
"Pulmonary Disease, Chronic Obstructive",C055172,0.037708726,0
"Pulmonary Disease, Chronic Obstructive",C043836,0.3255577,0
"Pulmonary Disease, Chronic Obstructive",C005274,0.036602613,0
"Pulmonary Disease, Chronic Obstructive",D009525,0.1293567,0
"Pulmonary Disease, Chronic Obstructive",D009532,0.13022622,0
"Pulmonary Disease, Chronic Obstructive",C028007,0.22999011,0
"Pulmonary Disease, Chronic Obstructive",C029938,0.09623474,0
"Pulmonary Disease, Chronic Obstructive",D010100,0.16396469,0
"Pulmonary Disease, Chronic Obstructive",D017239,0.0504607,0
"Pulmonary Disease, Chronic Obstructive",D000068437,0.31571743,0
"Pulmonary Disease, Chronic Obstructive",D010400,0.20229715,0
"Pulmonary Disease, Chronic Obstructive",D010406,0.20229715,0
"Pulmonary Disease, Chronic Obstructive",C036567,0.1487015,0
"Pulmonary Disease, Chronic Obstructive",D010615,0.22616367,0
"Pulmonary Disease, Chronic Obstructive",D010878,0.08458332,0
"Pulmonary Disease, Chronic Obstructive",D010894,0.20866553,0
"Pulmonary Disease, Chronic Obstructive",D011791,0.05819857,0
"Pulmonary Disease, Chronic Obstructive",D011791,0.05819857,0
"Pulmonary Disease, Chronic Obstructive",D011791,0.05819857,0
"Pulmonary Disease, Chronic Obstructive",D011791,0.05819857,0
"Pulmonary Disease, Chronic Obstructive",C062940,0.031581506,0
"Pulmonary Disease, Chronic Obstructive",D019782,0.2887433,0
"Pulmonary Disease, Chronic Obstructive",D000077154,0.58142453,0
"Pulmonary Disease, Chronic Obstructive",C000626046,0.26751316,0
"Pulmonary Disease, Chronic Obstructive",C076944,0.07619598,0
"Pulmonary Disease, Chronic Obstructive",D000068677,0.098247565,0
"Pulmonary Disease, Chronic Obstructive",D012822,0.05819857,0
"Pulmonary Disease, Chronic Obstructive",D012822,0.05819857,0
"Pulmonary Disease, Chronic Obstructive",D012822,0.05819857,0
"Pulmonary Disease, Chronic Obstructive",D012822,0.05819857,0
"Pulmonary Disease, Chronic Obstructive",D012835,0.08595719,0
"Pulmonary Disease, Chronic Obstructive",D020123,0.039669484,0
"Pulmonary Disease, Chronic Obstructive",D018038,0.085983515,0
"Pulmonary Disease, Chronic Obstructive",C525002,0.37922192,0
"Pulmonary Disease, Chronic Obstructive",D013256,0.1707592,0
"Pulmonary Disease, Chronic Obstructive",D013307,0.014684435,0
"Pulmonary Disease, Chronic Obstructive",D020058,0.47880894,0
"Pulmonary Disease, Chronic Obstructive",D012460,0.17161414,0
"Pulmonary Disease, Chronic Obstructive",D013654,0.18546176,0
"Pulmonary Disease, Chronic Obstructive",C009495,0.16548185,0
"Pulmonary Disease, Chronic Obstructive",D014031,0.08876906,0
"Pulmonary Disease, Chronic Obstructive",C001899,0.2092354,0
"Pulmonary Disease, Chronic Obstructive",C011765,0.27113456,0
"Pulmonary Disease, Chronic Obstructive",D014414,0.14673133,0
"Pulmonary Disease, Chronic Obstructive",D014580,0.18628731,0
"Pulmonary Disease, Chronic Obstructive",C070272,0.021420637,0
"Pulmonary Disease, Chronic Obstructive",D014639,0.16084117,0
"Pulmonary Disease, Chronic Obstructive",D014640,0.013015222,0
"Pulmonary Disease, Chronic Obstructive",D000069470,0.23896956,0
"Pulmonary Disease, Chronic Obstructive",D014747,0.13881063,0
"Pulmonary Disease, Chronic Obstructive",D065819,0.28308627,0
"Pulmonary Disease, Chronic Obstructive",D000077337,0.3662944,0
"Pulmonary Disease, Chronic Obstructive",C085514,0.15330726,0
"Pulmonary Disease, Chronic Obstructive",C023616,0.13214318,0
"Pulmonary Disease, Chronic Obstructive",D015034,0.20894034,0
"Pulmonary Disease, Chronic Obstructive",D019287,0.095262304,0
"Pulmonary Disease, Chronic Obstructive",D047310,0.2930405,0
"Pulmonary Disease, Chronic Obstructive",D016589,0.35418057,0
"Pulmonary Disease, Chronic Obstructive",D001280,0.18450664,0
"Pulmonary Disease, Chronic Obstructive",C002003,0.1902045,0
"Pulmonary Disease, Chronic Obstructive",C051082,0.22643928,0
"Pulmonary Disease, Chronic Obstructive",C004600,0.24520731,0
"Pulmonary Disease, Chronic Obstructive",D017332,0.33631873,0
"Pulmonary Disease, Chronic Obstructive",D004390,0.20674166,0
"Pulmonary Disease, Chronic Obstructive",C121345,0.17565326,0
"Pulmonary Disease, Chronic Obstructive",D003996,0.27118495,0
"Pulmonary Disease, Chronic Obstructive",D004051,0.12540814,0
"Pulmonary Disease, Chronic Obstructive",D004117,0.37594864,0
"Pulmonary Disease, Chronic Obstructive",D017308,0.19343756,0
"Pulmonary Disease, Chronic Obstructive",C093230,0.4388095,0
"Pulmonary Disease, Chronic Obstructive",C085278,0.08376527,0
"Pulmonary Disease, Chronic Obstructive",C472067,0.33631873,0
"Pulmonary Disease, Chronic Obstructive",C479069,0.27450565,0
"Pulmonary Disease, Chronic Obstructive",C080276,0.31335536,0
"Pulmonary Disease, Chronic Obstructive",C012655,0.29326072,0
"Pulmonary Disease, Chronic Obstructive",C025256,0.18803154,0
"Pulmonary Disease, Chronic Obstructive",D010109,0.11836402,0
"Pulmonary Disease, Chronic Obstructive",D010846,0.19088762,0
"Pulmonary Disease, Chronic Obstructive",D011722,0.2248778,0
"Pulmonary Disease, Chronic Obstructive",D019257,0.22352828,0
"Pulmonary Disease, Chronic Obstructive",C063119,0.50379795,0
"Pulmonary Disease, Chronic Obstructive",C025759,0.12430962,0
"Pulmonary Disease, Chronic Obstructive",D012839,0.1600379,0
"Pulmonary Disease, Chronic Obstructive",C032742,0.1577945,0
"Pulmonary Disease, Chronic Obstructive",D014274,0.1665647,0
"Pulmonary Disease, Chronic Obstructive",D014859,0.1674955,0
"Pulmonary Disease, Chronic Obstructive",D002066,0.43945745,0
"Pulmonary Disease, Chronic Obstructive",D003609,0.06637677,0
"Pulmonary Disease, Chronic Obstructive",D005047,0.113553576,0
"Pulmonary Disease, Chronic Obstructive",D006918,0.4597463,0
"Pulmonary Disease, Chronic Obstructive",D007069,0.23328242,0
"Pulmonary Disease, Chronic Obstructive",D008130,0.2746584,0
"Pulmonary Disease, Chronic Obstructive",C023617,0.14966151,0
"Pulmonary Disease, Chronic Obstructive",C048629,0.12215428,0
"Pulmonary Disease, Chronic Obstructive",D014750,0.07622176,0
"Pulmonary Disease, Chronic Obstructive",D014751,0.16980286,0
"Rhinitis, Allergic",C015262,0.18544616,0
"Rhinitis, Allergic",C033146,0.2431467,0
"Rhinitis, Allergic",C041507,0.050899122,0
"Rhinitis, Allergic",D015084,0.8783246,1
"Rhinitis, Allergic",C539252,0.24626909,0
"Rhinitis, Allergic",C005969,0.7354692,1
"Rhinitis, Allergic",C018511,0.041661046,0
"Rhinitis, Allergic",C008450,0.024096094,0
"Rhinitis, Allergic",C075750,0.29590073,0
"Rhinitis, Allergic",D000079,0.06083519,0
"Rhinitis, Allergic",D000082,0.06265727,0
"Rhinitis, Allergic",D000109,0.09612632,0
"Rhinitis, Allergic",D000241,0.08002687,0
"Rhinitis, Allergic",D000420,0.21961477,0
"Rhinitis, Allergic",D000448,0.12552506,0
"Rhinitis, Allergic",D000536,0.525617,0
"Rhinitis, Allergic",C077110,0.27075744,0
"Rhinitis, Allergic",D000628,0.33109114,0
"Rhinitis, Allergic",C094049,0.09022317,0
"Rhinitis, Allergic",D001151,0.18977472,0
"Rhinitis, Allergic",D000077237,0.040279508,0
"Rhinitis, Allergic",D000077332,0.42295143,0
"Rhinitis, Allergic",D001241,0.11917232,0
"Rhinitis, Allergic",C047766,0.33423012,0
"Rhinitis, Allergic",D001507,0.77799064,1
"Rhinitis, Allergic",D001564,0.10300641,0
"Rhinitis, Allergic",D001572,0.21537045,0
"Rhinitis, Allergic",D047071,0.051946767,0
"Rhinitis, Allergic",C006780,0.87407327,1
"Rhinitis, Allergic",C512161,0.15041116,0
"Rhinitis, Allergic",C011685,0.23826288,0
"Rhinitis, Allergic",C053342,0.14641589,0
"Rhinitis, Allergic",D019819,0.53264385,0
"Rhinitis, Allergic",C023898,0.20413947,0
"Rhinitis, Allergic",C027561,0.33763796,0
"Rhinitis, Allergic",D002104,0.17545635,0
"Rhinitis, Allergic",D002215,0.4282621,0
"Rhinitis, Allergic",D002219,0.06610217,0
"Rhinitis, Allergic",D012721,0.74402195,1
"Rhinitis, Allergic",D002231,0.051569395,0
"Rhinitis, Allergic",D002244,0.020929424,0
"Rhinitis, Allergic",D002246,0.10399315,0
"Rhinitis, Allergic",D002248,0.10706331,0
"Rhinitis, Allergic",D002251,0.077706344,0
"Rhinitis, Allergic",D002706,0.068250105,0
"Rhinitis, Allergic",D002840,0.10605875,0
"Rhinitis, Allergic",C433247,0.16471411,0
"Rhinitis, Allergic",D003042,0.30434224,0
"Rhinitis, Allergic",D003042,0.30434224,0
"Rhinitis, Allergic",D003042,0.30434224,0
"Rhinitis, Allergic",D003042,0.30434224,0
"Rhinitis, Allergic",D003372,0.16368268,0
"Rhinitis, Allergic",D004205,0.12478849,0
"Rhinitis, Allergic",D000242,0.041021455,0
"Rhinitis, Allergic",D003634,0.16696551,0
"Rhinitis, Allergic",D000077209,0.08400593,0
"Rhinitis, Allergic",D003907,0.74249023,1
"Rhinitis, Allergic",D003915,0.18061869,0
"Rhinitis, Allergic",D003976,0.20076725,0
"Rhinitis, Allergic",D004139,0.07478995,0
"Rhinitis, Allergic",C051309,0.12919459,0
"Rhinitis, Allergic",C029797,0.12102429,0
"Rhinitis, Allergic",D004642,0.45083034,0
"Rhinitis, Allergic",D004731,0.03584345,0
"Rhinitis, Allergic",D004731,0.03584345,0
"Rhinitis, Allergic",D004731,0.03584345,0
"Rhinitis, Allergic",D004731,0.03584345,0
"Rhinitis, Allergic",C034347,0.14682366,0
"Rhinitis, Allergic",D004809,0.09228386,0
"Rhinitis, Allergic",C045651,0.02909364,0
"Rhinitis, Allergic",D004837,0.12140377,0
"Rhinitis, Allergic",C036251,0.15282698,0
"Rhinitis, Allergic",D015946,0.043865964,0
"Rhinitis, Allergic",D005280,0.15293851,0
"Rhinitis, Allergic",D005280,0.15293851,0
"Rhinitis, Allergic",D005280,0.15293851,0
"Rhinitis, Allergic",D005280,0.15293851,0
"Rhinitis, Allergic",D016576,0.13911396,0
"Rhinitis, Allergic",C007734,0.605708,0
"Rhinitis, Allergic",D000068298,0.25580096,0
"Rhinitis, Allergic",D000068297,0.0570327,0
"Rhinitis, Allergic",D005557,0.033029612,0
"Rhinitis, Allergic",D000068759,0.24294387,0
"Rhinitis, Allergic",C572629,0.31816873,0
"Rhinitis, Allergic",C105311,0.28710973,0
"Rhinitis, Allergic",D024504,0.342967,0
"Rhinitis, Allergic",C007836,0.7009909,1
"Rhinitis, Allergic",D005978,0.11341047,0
"Rhinitis, Allergic",D006024,0.6581018,0
"Rhinitis, Allergic",D000097797,0.6600497,0
"Rhinitis, Allergic",D006140,0.13518797,0
"Rhinitis, Allergic",D006221,0.1297809,0
"Rhinitis, Allergic",D006533,0.056906097,0
"Rhinitis, Allergic",D003932,0.13014619,0
"Rhinitis, Allergic",D001556,0.06051563,0
"Rhinitis, Allergic",D006632,0.068363756,0
"Rhinitis, Allergic",D006854,0.23236856,0
"Rhinitis, Allergic",D006862,0.030976417,0
"Rhinitis, Allergic",D007052,0.3698516,0
"Rhinitis, Allergic",D009241,0.81029797,1
"Rhinitis, Allergic",D007545,0.07337112,0
"Rhinitis, Allergic",D007660,0.48126876,0
"Rhinitis, Allergic",D007665,0.21300173,0
"Rhinitis, Allergic",D064747,0.33167413,0
"Rhinitis, Allergic",D007975,0.21924682,0
"Rhinitis, Allergic",D017997,0.05696514,0
"Rhinitis, Allergic",D017998,0.01934139,0
"Rhinitis, Allergic",C000630836,0.052061293,0
"Rhinitis, Allergic",D017336,0.7609103,1
"Rhinitis, Allergic",D008294,0.6856638,0
"Rhinitis, Allergic",D008628,0.031201364,0
"Rhinitis, Allergic",D009921,0.10859135,0
"Rhinitis, Allergic",D016210,0.17982198,0
"Rhinitis, Allergic",D008727,0.26490933,0
"Rhinitis, Allergic",D008775,0.73639274,1
"Rhinitis, Allergic",D008787,0.56926835,0
"Rhinitis, Allergic",D000068656,0.205747,0
"Rhinitis, Allergic",C093875,0.33367702,0
"Rhinitis, Allergic",D009151,0.5342387,0
"Rhinitis, Allergic",D017835,0.31459406,0
"Rhinitis, Allergic",D009529,0.13089234,0
"Rhinitis, Allergic",D009543,0.49233323,0
"Rhinitis, Allergic",D009566,0.043661423,0
"Rhinitis, Allergic",D009569,0.1148483,0
"Rhinitis, Allergic",D009585,0.7662167,1
"Rhinitis, Allergic",C017590,0.33555034,0
"Rhinitis, Allergic",D010126,0.3270579,0
"Rhinitis, Allergic",D010269,0.112284474,0
"Rhinitis, Allergic",D010278,0.26869288,0
"Rhinitis, Allergic",C030856,0.5592297,0
"Rhinitis, Allergic",C101816,0.21113631,0
"Rhinitis, Allergic",C076994,0.13730574,0
"Rhinitis, Allergic",D026023,0.79873383,1
"Rhinitis, Allergic",C031181,0.034698583,0
"Rhinitis, Allergic",D010634,0.20639354,0
"Rhinitis, Allergic",D010702,0.28010014,0
"Rhinitis, Allergic",D058988,0.6378779,0
"Rhinitis, Allergic",C043103,0.039644968,0
"Rhinitis, Allergic",D010972,0.30271345,0
"Rhinitis, Allergic",C047681,0.288945,0
"Rhinitis, Allergic",D011239,0.2794992,0
"Rhinitis, Allergic",D011241,0.4029266,0
"Rhinitis, Allergic",D017265,0.14685696,0
"Rhinitis, Allergic",D011433,0.5443749,0
"Rhinitis, Allergic",C432165,0.5082522,0
"Rhinitis, Allergic",C030984,0.07254321,0
"Rhinitis, Allergic",D000077185,0.78592956,1
"Rhinitis, Allergic",C424423,0.5061381,0
"Rhinitis, Allergic",C099445,0.16751547,0
"Rhinitis, Allergic",D020156,0.2979978,0
"Rhinitis, Allergic",D000068299,0.34743407,0
"Rhinitis, Allergic",C060230,0.19850503,0
"Rhinitis, Allergic",D012980,0.16061386,0
"Rhinitis, Allergic",C012037,0.34798217,0
"Rhinitis, Allergic",D013311,0.10711233,0
"Rhinitis, Allergic",D013458,0.67756945,0
"Rhinitis, Allergic",D013578,0.06455883,0
"Rhinitis, Allergic",C028305,0.032442357,0
"Rhinitis, Allergic",D013645,0.062283855,0
"Rhinitis, Allergic",D013726,0.3925411,0
"Rhinitis, Allergic",D016593,0.80527705,1
"Rhinitis, Allergic",D013806,0.12776886,0
"Rhinitis, Allergic",D013806,0.12776886,0
"Rhinitis, Allergic",D013806,0.12776886,0
"Rhinitis, Allergic",D013806,0.12776886,0
"Rhinitis, Allergic",C095476,0.12776886,0
"Rhinitis, Allergic",C095476,0.12776886,0
"Rhinitis, Allergic",C095476,0.12776886,0
"Rhinitis, Allergic",C095476,0.12776886,0
"Rhinitis, Allergic",D013999,0.49718153,0
"Rhinitis, Allergic",D014051,0.13846263,0
"Rhinitis, Allergic",C012293,0.27212122,0
"Rhinitis, Allergic",D014212,0.37795022,0
"Rhinitis, Allergic",D014222,0.67435807,0
"Rhinitis, Allergic",D014260,0.75618756,1
"Rhinitis, Allergic",C015559,0.09724613,0
"Rhinitis, Allergic",D015662,0.28206632,0
"Rhinitis, Allergic",C010809,0.69654024,0
"Rhinitis, Allergic",C059141,0.3215118,0
"Rhinitis, Allergic",D014801,0.30952683,0
"Rhinitis, Allergic",C062735,0.8222514,1
"Rhinitis, Allergic",C063449,0.20777479,0
"Rhinitis, Allergic",D015032,0.108060956,0
"Rhinitis, Allergic",C021183,0.066298604,0
"Rhinitis, Allergic",C027576,0.22334199,0
"Rhinitis, Allergic",D000086,0.108747475,0
"Rhinitis, Allergic",C542859,0.36717245,0
"Rhinitis, Allergic",D000171,0.114727214,0
"Rhinitis, Allergic",D002233,0.16279683,0
"Rhinitis, Allergic",C031180,0.24727848,0
"Rhinitis, Allergic",D017291,0.45496488,0
"Rhinitis, Allergic",D003404,0.051317167,0
"Rhinitis, Allergic",C506365,0.07417134,0
"Rhinitis, Allergic",C574213,0.3895777,0
"Rhinitis, Allergic",D004656,0.2728485,0
"Rhinitis, Allergic",D000077591,0.15979683,0
"Rhinitis, Allergic",C030809,0.15293851,0
"Rhinitis, Allergic",C030809,0.15293851,0
"Rhinitis, Allergic",C030809,0.15293851,0
"Rhinitis, Allergic",C030809,0.15293851,0
"Rhinitis, Allergic",D007650,0.4566203,0
"Rhinitis, Allergic",D009638,0.0724577,0
"Rhinitis, Allergic",C542398,0.19307673,0
"Rhinitis, Allergic",C003237,0.12801534,0
"Rhinitis, Allergic",D011794,0.056048743,0
"Rhinitis, Allergic",C583570,0.2555612,0
"Rhinitis, Allergic",D019821,0.26316342,0
"Rhinitis, Allergic",D013749,0.36596784,0
"Rhinitis, Allergic",D000069447,0.2115989,0
"Rhinitis, Allergic",C003330,0.36528888,0
"Rhinitis, Allergic",D014700,0.2256523,0
"Rhinitis, Allergic",D019980,0.18891539,0
"Rhinitis, Allergic",D000965,0.068143405,0
"Rhinitis, Allergic",C015001,0.11341501,0
"Rhinitis, Allergic",D001622,0.11481528,0
"Rhinitis, Allergic",C035978,0.07903662,0
"Rhinitis, Allergic",D020682,0.053819075,0
"Rhinitis, Allergic",D002511,0.023330905,0
"Rhinitis, Allergic",D003707,0.043944366,0
"Rhinitis, Allergic",D003931,0.07436298,0
"Rhinitis, Allergic",D004318,0.054358736,0
"Rhinitis, Allergic",D015365,0.13398013,0
"Rhinitis, Allergic",D008724,0.14284383,0
"Rhinitis, Allergic",D009538,0.07698392,0
"Rhinitis, Allergic",D015242,0.11946292,0
"Rhinitis, Allergic",D013752,0.0588812,0
"Rhinitis, Allergic",C066075,0.1696567,0
"Rhinitis, Allergic",C059528,0.3139656,0
"Rhinitis, Allergic",C048927,0.08711072,0
"Rhinitis, Allergic",C062894,0.26713642,0
"Rhinitis, Allergic",C031278,0.08779422,0
"Rhinitis, Allergic",C029536,0.0721012,0
"Rhinitis, Allergic",C000623021,0.3438499,0
"Rhinitis, Allergic",C088860,0.28353447,0
"Rhinitis, Allergic",C056165,0.1225411,0
"Rhinitis, Allergic",D000537,0.06548434,0
"Rhinitis, Allergic",C069471,0.0710914,0
"Rhinitis, Allergic",D000538,0.04935043,0
"Rhinitis, Allergic",D000583,0.03648292,0
"Rhinitis, Allergic",D000638,0.49454343,0
"Rhinitis, Allergic",D000666,0.032807317,0
"Rhinitis, Allergic",D000667,0.022588316,0
"Rhinitis, Allergic",C118790,0.02253919,0
"Rhinitis, Allergic",D017639,0.014986383,0
"Rhinitis, Allergic",D017638,0.014405579,0
"Rhinitis, Allergic",D017632,0.058768485,0
"Rhinitis, Allergic",D017963,0.079247355,0
"Rhinitis, Allergic",C011674,0.1265718,0
"Rhinitis, Allergic",D001761,0.022592375,0
"Rhinitis, Allergic",D002084,0.60466635,0
"Rhinitis, Allergic",D019256,0.025986651,0
"Rhinitis, Allergic",D002110,0.048364516,0
"Rhinitis, Allergic",D002133,0.06431039,0
"Rhinitis, Allergic",D002211,0.28657958,0
"Rhinitis, Allergic",D002228,0.057564832,0
"Rhinitis, Allergic",D016190,0.41763908,0
"Rhinitis, Allergic",D002330,0.21812135,0
"Rhinitis, Allergic",C057710,0.048067745,0
"Rhinitis, Allergic",D002439,0.019992938,0
"Rhinitis, Allergic",D000097627,0.029986456,0
"Rhinitis, Allergic",D002442,0.062579885,0
"Rhinitis, Allergic",D002443,0.042596348,0
"Rhinitis, Allergic",D002444,0.042632125,0
"Rhinitis, Allergic",D002512,0.03252679,0
"Rhinitis, Allergic",C030583,0.063436024,0
"Rhinitis, Allergic",D002701,0.18462797,0
"Rhinitis, Allergic",D002791,0.28518525,0
"Rhinitis, Allergic",C034587,0.025800409,0
"Rhinitis, Allergic",D000077407,0.42373314,0
"Rhinitis, Allergic",D002939,0.039728817,0
"Rhinitis, Allergic",D002945,0.29604116,0
"Rhinitis, Allergic",D003035,0.019510895,0
"Rhinitis, Allergic",C060728,0.06943638,0
"Rhinitis, Allergic",D019327,0.08951335,0
"Rhinitis, Allergic",D016578,0.30434224,0
"Rhinitis, Allergic",D016578,0.30434224,0
"Rhinitis, Allergic",D016578,0.30434224,0
"Rhinitis, Allergic",D016578,0.30434224,0
"Rhinitis, Allergic",D000077547,0.17774469,0
"Rhinitis, Allergic",C030973,0.042347383,0
"Rhinitis, Allergic",C012260,0.06447304,0
"Rhinitis, Allergic",D003520,0.2588553,0
"Rhinitis, Allergic",D003561,0.1215657,0
"Rhinitis, Allergic",D003620,0.16119589,0
"Rhinitis, Allergic",D003622,0.20752232,0
"Rhinitis, Allergic",D003630,0.061614268,0
"Rhinitis, Allergic",D003891,0.30627534,0
"Rhinitis, Allergic",C027118,0.12669024,0
"Rhinitis, Allergic",D004061,0.39245948,0
"Rhinitis, Allergic",D004177,0.2075106,0
"Rhinitis, Allergic",D000077143,0.05189914,0
"Rhinitis, Allergic",D013759,0.3266548,0
"Rhinitis, Allergic",C044101,0.03584345,0
"Rhinitis, Allergic",C044101,0.03584345,0
"Rhinitis, Allergic",C044101,0.03584345,0
"Rhinitis, Allergic",C044101,0.03584345,0
"Rhinitis, Allergic",D004917,0.2702732,0
"Rhinitis, Allergic",D004929,0.02014426,0
"Rhinitis, Allergic",D000068338,0.0852387,0
"Rhinitis, Allergic",D005204,0.4824757,0
"Rhinitis, Allergic",D005473,0.25539538,0
"Rhinitis, Allergic",D000077156,0.2080259,0
"Rhinitis, Allergic",D000093542,0.11728508,0
"Rhinitis, Allergic",D005839,0.057523806,0
"Rhinitis, Allergic",C022944,0.01885807,0
"Rhinitis, Allergic",D007213,0.22472915,0
"Rhinitis, Allergic",D007501,0.02026693,0
"Rhinitis, Allergic",D000077213,0.2385801,0
"Rhinitis, Allergic",D000069349,0.092796326,0
"Rhinitis, Allergic",C068538,0.032807317,0
"Rhinitis, Allergic",D008345,0.02026693,0
"Rhinitis, Allergic",D008466,0.05129241,0
"Rhinitis, Allergic",D000077731,0.040853348,0
"Rhinitis, Allergic",D008802,0.055302307,0
"Rhinitis, Allergic",D000077551,0.015695125,0
"Rhinitis, Allergic",D008911,0.02700687,0
"Rhinitis, Allergic",D000077266,0.08702921,0
"Rhinitis, Allergic",C055172,0.06861209,0
"Rhinitis, Allergic",C043836,0.13474444,0
"Rhinitis, Allergic",C005274,0.02408184,0
"Rhinitis, Allergic",D009525,0.07283786,0
"Rhinitis, Allergic",D009532,0.019510895,0
"Rhinitis, Allergic",C028007,0.052140333,0
"Rhinitis, Allergic",C029938,0.07319896,0
"Rhinitis, Allergic",D010100,0.03485645,0
"Rhinitis, Allergic",D017239,0.10365232,0
"Rhinitis, Allergic",D000068437,0.042195324,0
"Rhinitis, Allergic",D010400,0.13818666,0
"Rhinitis, Allergic",D010406,0.13818666,0
"Rhinitis, Allergic",C036567,0.2068966,0
"Rhinitis, Allergic",D010615,0.1768517,0
"Rhinitis, Allergic",D010878,0.08356702,0
"Rhinitis, Allergic",D010894,0.32109842,0
"Rhinitis, Allergic",D011791,0.036758482,0
"Rhinitis, Allergic",D011791,0.036758482,0
"Rhinitis, Allergic",D011791,0.036758482,0
"Rhinitis, Allergic",D011791,0.036758482,0
"Rhinitis, Allergic",C062940,0.042217143,0
"Rhinitis, Allergic",D019782,0.4425213,0
"Rhinitis, Allergic",D000077154,0.6295236,0
"Rhinitis, Allergic",C000626046,0.1836061,0
"Rhinitis, Allergic",C076944,0.04951136,0
"Rhinitis, Allergic",D000068677,0.108829476,0
"Rhinitis, Allergic",D012822,0.036758482,0
"Rhinitis, Allergic",D012822,0.036758482,0
"Rhinitis, Allergic",D012822,0.036758482,0
"Rhinitis, Allergic",D012822,0.036758482,0
"Rhinitis, Allergic",D012835,0.05969027,0
"Rhinitis, Allergic",D020123,0.10201552,0
"Rhinitis, Allergic",D018038,0.059030887,0
"Rhinitis, Allergic",C525002,0.1925685,0
"Rhinitis, Allergic",D013256,0.32625586,0
"Rhinitis, Allergic",D013307,0.06328586,0
"Rhinitis, Allergic",D020058,0.18733625,0
"Rhinitis, Allergic",D012460,0.03557641,0
"Rhinitis, Allergic",D013654,0.10487706,0
"Rhinitis, Allergic",C009495,0.10288277,0
"Rhinitis, Allergic",D014031,0.04957682,0
"Rhinitis, Allergic",C001899,0.10422903,0
"Rhinitis, Allergic",C011765,0.0834837,0
"Rhinitis, Allergic",D014414,0.029121649,0
"Rhinitis, Allergic",D014580,0.27398917,0
"Rhinitis, Allergic",C070272,0.039863944,0
"Rhinitis, Allergic",D014639,0.025863111,0
"Rhinitis, Allergic",D014640,0.023911005,0
"Rhinitis, Allergic",D000069470,0.28111488,0
"Rhinitis, Allergic",D014747,0.07855653,0
"Rhinitis, Allergic",D065819,0.11880326,0
"Rhinitis, Allergic",D000077337,0.34432656,0
"Rhinitis, Allergic",C085514,0.59486204,0
"Rhinitis, Allergic",C023616,0.111258835,0
"Rhinitis, Allergic",D015034,0.037653282,0
"Rhinitis, Allergic",D019287,0.073891394,0
"Rhinitis, Allergic",D047310,0.42598823,0
"Rhinitis, Allergic",D016589,0.6985506,0
"Rhinitis, Allergic",D001280,0.7009613,1
"Rhinitis, Allergic",C002003,0.7411733,1
"Rhinitis, Allergic",C051082,0.535916,0
"Rhinitis, Allergic",C004600,0.55128837,0
"Rhinitis, Allergic",D017332,0.50984377,0
"Rhinitis, Allergic",D004390,0.5797947,0
"Rhinitis, Allergic",C121345,0.44573042,0
"Rhinitis, Allergic",D003996,0.8021496,1
"Rhinitis, Allergic",D004051,0.70000017,0
"Rhinitis, Allergic",D004117,0.36947247,0
"Rhinitis, Allergic",D017308,0.6842538,0
"Rhinitis, Allergic",C093230,0.5705108,0
"Rhinitis, Allergic",C085278,0.44510633,0
"Rhinitis, Allergic",C472067,0.50984377,0
"Rhinitis, Allergic",C479069,0.6888387,0
"Rhinitis, Allergic",C080276,0.57608795,0
"Rhinitis, Allergic",C012655,0.63445556,0
"Rhinitis, Allergic",C025256,0.64676785,0
"Rhinitis, Allergic",D010109,0.7026129,1
"Rhinitis, Allergic",D010846,0.67268914,0
"Rhinitis, Allergic",D011722,0.5402763,0
"Rhinitis, Allergic",D019257,0.69916743,0
"Rhinitis, Allergic",C063119,0.53538615,0
"Rhinitis, Allergic",C025759,0.4747955,0
"Rhinitis, Allergic",D012839,0.63620436,0
"Rhinitis, Allergic",C032742,0.72574663,1
"Rhinitis, Allergic",D014274,0.601466,0
"Rhinitis, Allergic",D014859,0.47556785,0
"Rhinitis, Allergic",D002066,0.1395111,0
"Rhinitis, Allergic",D003609,0.04609777,0
"Rhinitis, Allergic",D005047,0.10652045,0
"Rhinitis, Allergic",D006918,0.115742385,0
"Rhinitis, Allergic",D007069,0.22066003,0
"Rhinitis, Allergic",D008130,0.75196844,1
"Rhinitis, Allergic",C023617,0.22011724,0
"Rhinitis, Allergic",C048629,0.171001,0
"Rhinitis, Allergic",D014750,0.1733505,0
"Rhinitis, Allergic",D014751,0.27940807,0
